invoice_number,voucher_number,voucher_type,invoice_date,due_date,financial_year,payment_status,payment_mode,credit_period,debit_amount,credit_amount,outstanding_balance,gst_number,gst_type,state,tax_amount,discount_,currency,hospital_name,hospital_type,doctor_name,doctor_specialty,surgeon_id,hospital_gst,city,territory,sales_executive,distributor_name,branch,product_name,product_category,implant_type,batch_number,lot_number,udi_code,serial_number,sterilization_status,expiry_date,manufacturing_date,quantity,unit,rate,mrp,surgery_type,implant_material,brand,warehouse,dispatch_date,delivery_status,courier_partner,stock_availability,reorder_level,inventory_balance,return_status,narration,export_note,primary_key
INV/1000,VCH1000,Sales,2026-01-15,2026-01-30,2025-26,Partially Paid,cash,15,5664.0,5664.0,2832.0,27AAACT1234F1Z5,CGST/SGST,Gujarat,864.0,0.00,Rs.,Apex Hospital,Multi-Specialty Hospital,Dr. R. Kulkarni,Trauma Surgeon,SURG-003,27ABCDE1234F1Z1,Mumbai,West-1,Amit Verma,ORTHO DISTRIBUTORS,Central-1,Cancellous Screw,Orthopedic Implant,Screw,B1106-A,L65392,UDI-571029-C,SN391704,Non-Sterile,46402,2025/12/16,2,Pieces,"₹2,400.00",2880,Fracture Fixation,Stainless Steel,TraumaFix,Pune Main,18-01-2026,Hold,Delhivery,In Stock,20,5,No,"Revised invoice after doctor change,
please verify branch mapping",Text numeric field,cf1d239e8f6a88a9f7d7ce46b348c754
INV/1000,VCH1000,Sales Return,2026-01-15,2026-02-14,2025-26,Partially Paid,RTGS,30,20071.8,20071.8,15053.85,27AAACT1234F1Z5,GST,Karnataka,3061.8,10,Rs.,ORTHO CARE CENTRE,Orthopedic Clinic,dr. r. kulkarni,Trauma Surgeon,SURG-003,24FGHIJ5678K1Z2,Pune,Central 1,S. Joshi,Trauma Supplies,CENTRAL 1,Bone Drill Set,Surgical Instrument,Instrument,B6155-A,L95909,UDI-380746-A,SN321231,Sterile,03-07-2028,2025/09/17,10,BOX,1890.00,2079,Surgical Prep,Steel,SpinePro,Mumbai WH,16-01-2026,Delivered,Blue Dart,Reorder,5,5,Pending,"Revised invoice after doctor change,
please verify branch mapping	tabbed-remark",Unicode NBSP present,c76c1976a6d99a5efded35f1ef795f75
INV/1001,VCH1001,Sales Return,2025-06-20,2025-07-05,2025-26,Partially Paid,Cheque,30,63787.5,63787.5,0.0,24BBBCD2345G1Z2,CGST/SGST,Gujarat,3037.5,10,INR,SPINE & JOINT INSTITUTE,Orthopedic Clinic,Dr. Anil Sharma,Orthopedic Surgeon,SURG-001,27ABCDE1234F1Z1,Ahmedabad,WEST 1,Rahul Mehta,Ortho Distributors,South-1,Bone Drill Set,Surgical Instrument,Instrument,B2290-A,L73699,UDI-160738-A,SN694916,Non-Sterile,12-12-2026,21 Apr 2025,10,PCS,"₹6,750.00","₹8,100.00",Surgical Prep,Steel,JointMax,Mumbai WH,22-06-2025,Partially Delivered,Delhivery,Reorder,20,20,No,"Dispatch against PO; follow-up due on next cycle
Export note retained as multiline remark	tabbed-remark",Alias master matched,9c7e2d7295e7d9b4dfe6bfe060e8a3e5
inv/1001,VCH1001,Sales Return,2025-06-20,2025-07-20,2025-26,Adjusted,Bank Transfer,60,54600.0,54600.0,54600.0,27AAACT1234F1Z5,CGST+SGST,Karnataka,5850.0,2.5%,INR,spine & joint institute,Orthopedic Clinic,dr meera iyer,Joint Replacement Surgeon,SURG-002,27ABCDE1234F1Z1,Ahmedabad,Central,Rahul Mehta,Trauma Supplies,West-1,External Fixator,Trauma Fixation,Fixator,B2790-A,L35112,UDI-863587-B,SN939482,Non-Sterile,07-12-2027,21 May 2025,2,pcs,"₹25,000.00","27,500.00",Trauma Stabilization,Aluminium,JointMax,Pune Main,20-06-2025,Delivered,Delhivery,In Stock,10,5,Pending,"Revised invoice after doctor change,
please verify branch mapping",Unicode NBSP present,ef3b31b08c3c60a61a20abb2731aa6ad
INV/1001,VCH1001,Sales,2025-06-20,2025-08-19,2025-26,Pending,Cheque,15,12468.75,12468.75,0.0,24BBBCD2345G1Z2,CGST/SGST,Karnataka,593.75,5,Rs.,ORTHO CARE CENTRE,Orthopedic Clinic,DR. ANIL SHARMA,Orthopedic Surgeon,SURG-001,27ABCDE1234F1Z1,Pune,Central 1,R. Mehta,Ortho Distributors Pvt Ltd,WEST 1,External Fixator,Trauma Fixation,Fixator,B2343-B,L96163,UDI-723398-A,SN749468,Sterile,2026/06/20,21-05-2025,10,Box,1250.00,"₹1,375.00",Trauma Stabilization,Aluminium,JointMax,Ahmedabad WH,2025/06/21,Hold,Delhivery,Low Stock,10,5,nan,Part payment received; balance pending,Unicode NBSP present,b7f531eb88f172eabc4a33df72985bf9
INV/1002,VCH1002,Sales,2024-07-28,2024-09-11,2024-25,Adjusted,NEFT,60,17955.0,17955.0,8977.5,27AAACT1234F1Z5,GST,Maharashtra,855.0,5 %,Rs.,SPINE AND JOINT INSTITUTE,Orthopedic Clinic,DR. MEERA IYER,Joint Replacement Surgeon,SURG-002,27ABCDE1234F1Z1,Ahmedabad,West,Rahul Mehta,ORTHO DISTRIBUTORS,W1,Spinal Rod,Spinal Implant,Rod,B1158-A,L19862,UDI-678478-C,SN548462,Non-Sterile,28 Jul 2025,29-04-2024,4 PCS,pcs,4500,5400,Spine Stabilization,Titanium Alloy,JointMax,Pune WH,2024/07/31,Partially Delivered,Delhivery,Low Stock,5,8,Pending,Exported from Tally	with master alias,Unicode NBSP present,74d32d563f66664329edaf0dbcc9e92f
INV/1002,VCH1002,Sales Return,2024-07-28,2024-08-27,2024-25,Paid,NEFT,60,53200.0,53200.0,53200.0,29CCCDD3456H1Z3,CGST/SGST,Karnataka,5700.0,5 %,INR,Apex Hospital,Multi-Specialty Hospital,Dr P Nair,Spine Surgeon,SURG-004,27ABCDE1234F1Z1,Mumbai,WEST 1,S. Joshi,Ortho Distributors Pvt Ltd,W1,Cancellous Screw,Orthopedic Implant,Screw,B3925-C,L44795,UDI-128941-A,SN373903,Non-Sterile,14 Jan 2027,2024/05/29,2,PCS,25000,"30,000.00",Fracture Fixation,Stainless Steel,OSM,Pune Main,2024/07/28,In Transit,Professional Couriers,Reserved,20,8,Yes,Freight included; round-off applied,Name variation retained,de794943226847f759b1598b70fd8785
INV/1003,VCH1003,Sales Return,2025-10-14,2025-11-13,2025-26,Paid,Cash,60,62160.0,62160.0,46620.0,24BBBCD2345G1Z2,IGST,Karnataka,6660.0,7.5,INR,ORTHO CARE CENTER,Orthopedic Clinic,Dr. R. Kulkarni,Trauma Surgeon,SURG-003,24FGHIJ5678K1Z2,Pune,WEST 1,A. Verma,Trauma Supplies LLP,WEST 1,Cancellous Screw,Orthopedic Implant,Screw,B2193-B,L64321,UDI-598216-C,SN991014,Sterile,14-10-2026,15 Aug 2025,5,Box,12000,"14,400.00",Fracture Fixation,Stainless Steel,OrthoFlex,Pune WH,17 Oct 2025,Delivered,Blue Dart,In Stock,10,30,No,Freight included; round-off applied,Unicode NBSP present,f880bebbf0edd1032b94372261221d96
INV/1003,VCH1003,Sales Return,2025-10-14,2025-11-28,2025-26,Pending,cash,15,23940.0,23940.0,17955.0,24BBBCD2345G1Z2,IGST,Maharashtra,2565.0,0.05,₹,city medisurg pvt. ltd.,Multi-Specialty Hospital,dr. r. kulkarni,Trauma Surgeon,SURG-003,24FGHIJ5678K1Z2,Surat,South,S. Joshi,Trauma Supplies LLP,Central-1,External Fixator,Trauma Fixation,Fixator,B8633-B,L18161,UDI-527398-B,SN668969,STERILE,04 Oct 2027,16 Jul 2025,5 PCS,pcs,4500.00,"₹5,175.00",Trauma Stabilization,Aluminium,SpinePro,Pune WH,45945,Delivered,Delhivery,In Stock,10,0,Pending,"Invoice for orthopedic implants, includes ""plate, screw"" bundle",Alias master matched,de4b6ae5d55ce6de98b08f8eb5898abe
INV/1004,VCH1004,Payment,2024-12-23,2025-02-06,2024-25,Pending,UPI,30,49728.0,49728.0,49728.0,24BBBCD2345G1Z2,IGST,Karnataka,5328.0,0.07,INR,Trauma One,Trauma Center,DR MEERA IYER,Joint Replacement Surgeon,SURG-002,24FGHIJ5678K1Z2,Nagpur,West,A. Verma,Ortho Distributors,CENTRAL 1,Knee Prosthesis,Joint Replacement,Prosthesis,B3496-A,L26544,UDI-979995-A,SN751517,STERILE,2025/12/23,25 Aug 2024,4,BOX,"12,000.00","₹14,400.00",Arthroplasty,Cobalt Chrome,BoneLock,Pune Main,23-12-2024,Delivered,Delhivery,Low Stock,25,0,No,"Invoice for orthopedic implants, includes ""plate, screw"" bundle",Trailing space preserved,02a1b658256adebf03f4757313e98b30
INV/1004,VCH1004,Payment,2024-12-23,2025-02-06,2024-25,Paid,UPI,60,327600.0,327600.0,245700.0,24BBBCD2345G1Z2,IGST,Karnataka,35100.0,0.03,Rs.,trauma one pvt ltd,Trauma Center,Dr Rajesh Kulkarni,Trauma Surgeon,SURG-003,24FGHIJ5678K1Z2,Nagpur,West,R. Mehta,Trauma Supplies LLP,W1,Bone Drill Set,Surgical Instrument,Instrument,B1470-B,L52600,UDI-800646-B,SN452737,STERILE,2027/06/11,2024/08/25,12,pcs,25000.00,"30,000.00",Surgical Prep,Steel,SpinePro,Ahmedabad WH,2024/12/26,In Transit,Blue Dart,Reserved,20,5,nan,Exported from Tally	with master alias,Unicode NBSP present,c1ed1d75f482c3c8988cc56031ff34a6
INV/1004,VCH1004,Sales Return,2024-12-23,2025-01-22,2024-25,Paid,Cash,15,44887.5,44887.5,0.0,27AAACT1234F1Z5,IGST,Maharashtra,2137.5,5,INR,ORTHO CARE CENTER,Orthopedic Clinic,Dr Meera Iyer,Joint Replacement Surgeon,SURG-002,27ABCDE1234F1Z1,Pune,West-1,S. Joshi,Trauma Supplies,W1,Locking Plate,Orthopedic Implant,Plate,B5786-C,L26551,UDI-387636-A,SN157174,Sterile,11 Jun 2027,24 Oct 2024,10,BOX,4500.00,"₹5,175.00",Open Reduction,Titanium,OSM,Pune WH,2024/12/24,Delivered,DTDC,Reserved,5,15,No,Credit note adjustment for return batch,Mixed date style,df1e41ed88aeb89e35e47dca2d90b8f4
inv/1004,VCH1004,Purchase,2024-12-23,2025-01-22,2024-25,Adjusted,RTGS,60,14175.0,14175.0,14175.0,24BBBCD2345G1Z2,CGST+SGST,Maharashtra,675.0,0 %,Rs.,apex hospital ltd.,Multi-Specialty Hospital,Dr Meera Iyer,Joint Replacement Surgeon,SURG-002,24FGHIJ5678K1Z2,Mumbai,West,R. Mehta,Ortho Distributors,WEST 1,Bone Drill Set,Surgical Instrument,Instrument,B4241-B,L25043,UDI-820775-A,SN377405,Sterile,46014,24-10-2024,2 PCS,Box,"6,750.00","₹8,100.00",Surgical Prep,Steel,OrthoFlex,Nagpur WH,2024/12/23,Partially Delivered,Delhivery,In Stock,10,8,No,Dispatch against PO; follow-up due on next cycle,Trailing space preserved,10115ddb7004fffb1c7760347e243de3
inv/1005,VCH1005,Sales,2025-09-14,2025-11-13,2025-26,Paid,Bank Transfer,15,140000.0,140000.0,70000.0,27AAACT1234F1Z5,CGST+SGST,Maharashtra,15000.0,0,Rs.,ORTHO CARE CENTER,Orthopedic Clinic,Dr. Meera Iyer,Joint Replacement Surgeon,SURG-002,29LMNOP9012Q1Z3,Pune,Central,Rahul Mehta,ORTHO DISTRIBUTORS,South-1,External Fixator,Trauma Fixation,Fixator,B7622-C,L10150,UDI-364659-B,SN221552,Sterile,2026/09/14,16-06-2025,5,Box,"₹25,000.00","₹28,750.00",Trauma Stabilization,Aluminium,SpinePro,Mumbai WH-2,45916,In Transit,Delhivery,In Stock,25,30,Yes,Dispatch against PO; follow-up due on next cycle,Text numeric field,f2049079750f401d1ce9c61632e98c8d
INV/1005,VCH1005,Sales Return,2025-09-14,2025-10-14,2025-26,Paid,NEFT,45,11655.0,11655.0,0.0,27AAACT1234F1Z5,CGST/SGST,Maharashtra,555.0,7.5%,INR,Spine & Joint Institute,Orthopedic Clinic,dr p nair,Spine Surgeon,SURG-004,24FGHIJ5678K1Z2,Ahmedabad,Central,Amit Verma,ORTHO DISTRIBUTORS,W1,Cancellous Screw,Orthopedic Implant,Screw,B6446-C,L81228,UDI-664742-B,SN461888,Sterile,02 Mar 2028,16-06-2025,5,BOX,"₹2,400.00",2760,Fracture Fixation,Stainless Steel,SpinePro,Mumbai WH-2,14-09-2025,In Transit,Professional Couriers,Low Stock,20,30,Pending,Freight included; round-off applied	tabbed-remark,Mixed date style,9633ded581a331f37a0747865dd190be
INV/1005,VCH1005,Payment,2025-09-14,2025-09-29,2025-26,Pending,Bank Transfer,45,94500.0,94500.0,0.0,24BBBCD2345G1Z2,CGST/SGST,Karnataka,4500.0,0.10,Rs.,City Medisurg Pvt. Ltd.,Multi-Specialty Hospital,dr. nisha patel,Orthopedic Surgeon,SURG-005,29LMNOP9012Q1Z3,Surat,Central,Rahul Mehta,Trauma Supplies,Central-1,Knee Prosthesis,Joint Replacement,Prosthesis,B1919-B,L56984,UDI-148225-B,SN934816,Non-Sterile,08-03-2027,16 Jun 2025,4,Pieces,"25,000.00",28750.00,Arthroplasty,Cobalt Chrome,SpinePro,Mumbai WH,15-09-2025,Delivered,TCS,Reorder,25,30,No,Exported from Tally	with master alias,Unicode NBSP present,2a12edc4d6b72be646b75420a310fc7d
inv/1005,VCH1005,Sales,2025-09-14,2025-10-29,2025-26,Pending,Cheque,45,60480.0,60480.0,45360.0,27AAACT1234F1Z5,CGST+SGST,Karnataka,6480.0,10%,Rs.,spine & joint institute,Orthopedic Clinic,Dr A. Sharma,Orthopedic Surgeon,SURG-001,24FGHIJ5678K1Z2,Ahmedabad,WEST 1,Sneha Joshi,Ortho Distributors,CENTRAL 1,Cancellous Screw,Orthopedic Implant,Screw,B3240-C,L22735,UDI-751051-B,SN810687,Sterile,04-09-2027,2025/05/17,5 PCS,PCS,12000.00,14400.00,Fracture Fixation,Stainless Steel,TraumaFix,Pune WH,45914,Partially Delivered,Professional Couriers,Low Stock,25,0,No,Part payment received; balance pending,Unicode NBSP present,73b3378e9b32d23b8832917d23fc45e5
INV/1006,VCH1006,Sales,2024-12-27,2025-02-10,2024-25,Paid,Cheque,60,68040.0,68040.0,0.0,24BBBCD2345G1Z2,IGST,Karnataka,7290.0,10%,₹,spine & joint institute,Orthopedic Clinic,Dr Rajesh Kulkarni,Trauma Surgeon,SURG-003,24FGHIJ5678K1Z2,Ahmedabad,West,Amit Verma,Ortho Distributors Pvt Ltd,Central-1,Bone Drill Set,Surgical Instrument,Instrument,B5986-B,L25220,UDI-246566-A,SN139019,Sterile,2027/06/15,28 Oct 2024,10,PCS,"₹6,750.00",7425.00,Surgical Prep,Steel,OrthoFlex,Ahmedabad WH,27 Dec 2024,Partially Delivered,Delhivery,In Stock,5,30,No,"Invoice for orthopedic implants, includes ""plate, screw"" bundle",Text numeric field,d21aaf6781bfaae3fa710569bd8704c9
INV/1006,VCH1006,Receipt,2024-12-27,2025-01-26,2024-25,Pending,UPI,60,63720.0,63720.0,47790.0,27AAACT1234F1Z5,IGST,Maharashtra,9720.0,0,INR,trauma one,Trauma Center,Dr Meera Iyer,Joint Replacement Surgeon,SURG-002,24FGHIJ5678K1Z2,Nagpur,South-1,Rahul Mehta,Ortho Distributors Pvt Ltd,W1,Cancellous Screw,Orthopedic Implant,Screw,B6304-A,L32838,UDI-475644-A,SN717457,Sterile,46193,45563,12 PCS,Pieces,"₹4,500.00",5175,Fracture Fixation,Stainless Steel,OSM,Pune WH,28 Dec 2024,Delivered,Delhivery,Low Stock,25,15,No,"Part payment received; balance pending, ref=""INV/1006""",Trailing space preserved,aa378caff2ec696995e4e752061fe3a7
INV/1007,VCH1007,Purchase,2025-12-11,2026-02-09,2025-26,Pending,UPI,15,46620.0,46620.0,23310.0,24BBBCD2345G1Z2,CGST+SGST,Maharashtra,4995.0,7.5%,Rs.,Apex Hospital Ltd.,Multi-Specialty Hospital,Dr A. Sharma,Orthopedic Surgeon,SURG-001,24FGHIJ5678K1Z2,Mumbai,Central,Rahul Mehta,Trauma Supplies,W1,Bone Drill Set,Surgical Instrument,Instrument,B8075-A,L58843,UDI-972176-A,SN197758,Sterile,29 May 2028,45882,10,pcs,"₹4,500.00","₹4,950.00",Surgical Prep,Steel,JointMax,Nagpur WH,2025/12/13,In Transit,Blue Dart,In Stock,20,0,No,"Invoice for orthopedic implants, includes ""plate, screw"" bundle",Alias master matched,b1e42e445cb7fe4f8e9e85f0679a1e21
INV/1007,VCH1007,Purchase,2025-12-11,2025-12-26,2025-26,Adjusted,UPI,30,194250.0,194250.0,194250.0,24BBBCD2345G1Z2,IGST,Maharashtra,9250.0,0,INR,apex hospital,Multi-Specialty Hospital,Dr. Meera Iyer,Joint Replacement Surgeon,SURG-002,24FGHIJ5678K1Z2,Thane,WEST 1,A. Verma,ORTHO DISTRIBUTORS,Central-1,External Fixator,Trauma Fixation,Fixator,B1815-C,L20693,UDI-263137-A,SN891083,Non-Sterile,29 May 2028,12 Oct 2025,10,Pieces,"18,500.00",22200.00,Trauma Stabilization,Aluminium,SpinePro,Nagpur WH,11 Dec 2025,Hold,Professional Couriers,In Stock,20,0,No,"Revised invoice after doctor change,
please verify branch mapping",Text numeric field,3e2f4043e473fe71614398922dd02ad6
INV/1007,VCH1007,Sales,2025-12-11,2026-02-09,2025-26,Adjusted,Cash,45,28000.0,28000.0,14000.0,24BBBCD2345G1Z2,GST,Maharashtra,3000.0,0%,Rs.,TRAUMA ONE PVT LTD,Trauma Center,DR. ANIL SHARMA,Orthopedic Surgeon,SURG-001,27ABCDE1234F1Z1,Nagpur,Central 1,A. Verma,Trauma Supplies,S-1,Knee Prosthesis,Joint Replacement,Prosthesis,B8138-C,L62487,UDI-985506-A,SN355135,Sterile,01-12-2027,2025/08/13,1,Box,"25,000.00",27500,Arthroplasty,Cobalt Chrome,OSM,Ahmedabad WH,2025/12/14,Partially Delivered,Delhivery,In Stock,10,8,Pending,Approved by store; udi matched,Trailing space preserved,a59d04ea65e196c04710a9db4c9ed08b
inv/1007,VCH1007,Purchase,2025-12-11,2026-01-25,2025-26,Pending,Cash,45,75667.5,75667.5,56750.62,29CCCDD3456H1Z3,GST,Karnataka,11542.5,5 %,₹,Apex Hospital Ltd.,Multi-Specialty Hospital,Dr P Nair,Spine Surgeon,SURG-004,27ABCDE1234F1Z1,Mumbai,WEST 1,Rahul Mehta,Ortho Distributors Pvt Ltd,West-1,Knee Prosthesis,Joint Replacement,Prosthesis,B1672-B,L84928,UDI-503159-B,SN708519,Sterile,29 May 2028,45912,10,pcs,6750.00,"8,100.00",Arthroplasty,Cobalt Chrome,TraumaFix,Pune Main,11-12-2025,Hold,Delhivery,Reserved,5,15,nan,Dispatch against PO; follow-up due on next cycle,Unicode NBSP present,c8f1dc939ad8895d7976eb37c2c81acf
INV/1008,VCH1008,Sales,2026-02-09,2026-02-24,2025-26,Pending,RTGS,60,212842.5,212842.5,159631.88,29CCCDD3456H1Z3,CGST+SGST,Gujarat,32467.5,2.5%,INR,Trauma One,Trauma Center,dr. r. kulkarni,Trauma Surgeon,SURG-003,27ABCDE1234F1Z1,Nagpur,WEST 1,A. Verma,Trauma Supplies,West-1,Bone Drill Set,Surgical Instrument,Instrument,B4711-A,L30308,UDI-903373-B,SN301332,STERILE,30-01-2028,2025/10/12,10,PCS,"₹18,500.00",21275.00,Surgical Prep,Steel,TraumaFix,Nagpur WH,46064,Delivered,DTDC,Low Stock,10,30,Yes,Credit note adjustment for return batch,Text numeric field,924cd73efaa477c0a92b1b5f097673f2
INV/1008,VCH1008,Sales,2026-02-09,2026-03-26,2025-26,Partially Paid,UPI,60,95580.0,95580.0,95580.0,24BBBCD2345G1Z2,CGST+SGST,Gujarat,14580.0,0.00,INR,Ortho Care Centre,Orthopedic Clinic,Dr Nisha Patel,Orthopedic Surgeon,SURG-005,27ABCDE1234F1Z1,Pune,West-1,Amit Verma,Trauma Supplies LLP,CENTRAL 1,Cancellous Screw,Orthopedic Implant,Screw,B7495-C,L59015,UDI-127965-B,SN155843,Sterile,46782,10-01-2026,12 PCS,pcs,6750,"8,100.00",Fracture Fixation,Stainless Steel,SpinePro,Ahmedabad WH,2026/02/09,Delivered,Delhivery,In Stock,5,30,Yes,"Freight included; round-off applied, ref=""INV/1008""",Alias master matched,e03997ffde4604fc6766e890eaa0bb01
INV/1008,VCH1008,Sales,2026-02-09,2026-02-24,2025-26,Pending,Cheque,30,4914.0,4914.0,2457.0,27AAACT1234F1Z5,GST,Maharashtra,526.5,2.5%,INR,Spine & Joint Institute,Orthopedic Clinic,dr nisha patel,Orthopedic Surgeon,SURG-005,27ABCDE1234F1Z1,Ahmedabad,South-1,A. Verma,ORTHO DISTRIBUTORS,S-1,External Fixator,Trauma Fixation,Fixator,B7338-B,L43246,UDI-592972-A,SN766549,Non-Sterile,46962,11-12-2025,1,PCS,4500.00,"₹5,400.00",Trauma Stabilization,Aluminium,TraumaFix,Mumbai WH-2,2026/02/11,Hold,Professional Couriers,In Stock,20,5,Pending,"Invoice for orthopedic implants, includes ""plate, screw"" bundle",Trailing space preserved,86147e25a4861c169a28ca008f3bce97
INV/1009,VCH1009,Receipt,2024-05-19,2024-06-18,2024-25,Paid,NEFT,30,95830.0,95830.0,95830.0,29CCCDD3456H1Z3,CGST/SGST,Karnataka,10267.5,7.5,INR,ortho care center,Orthopedic Clinic,Dr A. Sharma,Orthopedic Surgeon,SURG-001,24FGHIJ5678K1Z2,Pune,South,Sneha Joshi,Trauma Supplies LLP,West-1,Spinal Rod,Spinal Implant,Rod,B6372-C,L48750,UDI-436814-A,SN183958,Non-Sterile,2026/05/09,20 Jan 2024,5 PCS,Pieces,18500,"21,275.00",Spine Stabilization,Titanium Alloy,SpinePro,Ahmedabad WH,22-05-2024,Delivered,Professional Couriers,Reserved,20,8,Yes,"Invoice for orthopedic implants, includes ""plate, screw"" bundle",Mixed date style,2e4e9ea087fce6099b6bc7b93009ed6f
INV/1009,VCH1009,Payment,2024-05-19,2024-07-18,2024-25,Adjusted,cash,30,1365.0,1365.0,1023.75,24BBBCD2345G1Z2,GST,Karnataka,146.25,0.03,Rs.,Trauma One,Trauma Center,dr. r. kulkarni,Trauma Surgeon,SURG-003,24FGHIJ5678K1Z2,Nagpur,South,Sneha Joshi,Trauma Supplies,WEST 1,Cancellous Screw,Orthopedic Implant,Screw,B6236-C,L55537,UDI-848022-B,SN192055,Non-Sterile,09-05-2026,19-02-2024,1,PCS,"1,250.00",1437.50,Fracture Fixation,Stainless Steel,JointMax,Mumbai WH,2024/05/19,Delivered,Blue Dart,In Stock,10,30,No,"Dispatch against PO; follow-up due on next cycle, ref=""INV/1009""	tabbed-remark",Text numeric field,e8ab39a0462b57f01fca16cb17f37a2f
INV/1009,VCH1009,Payment,2024-05-19,2024-07-03,2024-25,Partially Paid,UPI,60,17700.0,17700.0,0.0,27AAACT1234F1Z5,GST,Karnataka,2700.0,0 %,Rs.,APEX HOSPITAL,Multi-Specialty Hospital,dr. p. nair,Spine Surgeon,SURG-004,27ABCDE1234F1Z1,Thane,West,Rahul Mehta,Trauma Supplies,W1,External Fixator,Trauma Fixation,Fixator,B9740-A,L75873,UDI-755383-B,SN744274,Sterile,46151,2024/03/20,12,pcs,1250,1500.00,Trauma Stabilization,Aluminium,JointMax,Pune WH,20-05-2024,Hold,Delhivery,Reorder,25,3,No,Freight included; round-off applied,Mixed date style,ccdbaf54ad0422203ff12bd10aad7c6a
INV/1010,VCH1010,Receipt,2025-04-15,2025-04-30,2025-26,Adjusted,cash,45,6555.94,6555.94,3277.97,24BBBCD2345G1Z2,IGST,Karnataka,312.19,7.5 %,INR,trauma one,Trauma Center,dr meera iyer,Joint Replacement Surgeon,SURG-002,29LMNOP9012Q1Z3,Nagpur,WEST 1,R. Mehta,Trauma Supplies LLP,S-1,Knee Prosthesis,Joint Replacement,Prosthesis,B6055-B,L13037,UDI-639728-B,SN622987,Non-Sterile,2027/10/02,15-01-2025,1 PCS,PCS,6750,"7,762.50",Arthroplasty,Cobalt Chrome,SpinePro,Pune Main,15-04-2025,Delivered,DTDC,Low Stock,5,8,Pending,"Revised invoice after doctor change,
please verify branch mapping, ref=""INV/1010""",Mixed date style,492c6f0e2966fee020b58fa25293af74
INV/1010,VCH1010,Sales,2025-04-15,2025-06-14,2025-26,Paid,NEFT,60,11044.8,11044.8,11044.8,27AAACT1234F1Z5,CGST+SGST,Gujarat,1684.8,2.5,INR,TRAUMA ONE,Trauma Center,dr rajesh kulkarni,Trauma Surgeon,SURG-003,27ABCDE1234F1Z1,Nagpur,South,S. Joshi,Ortho Distributors,WEST 1,External Fixator,Trauma Fixation,Fixator,B5902-C,L54089,UDI-434002-A,SN512042,Sterile,46127,16 Mar 2025,4,Box,2400.00,"2,880.00",Trauma Stabilization,Aluminium,JointMax,Mumbai WH-2,2025/04/15,Delivered,Professional Couriers,Reorder,10,15,nan,"Credit note adjustment for return batch, ref=""INV/1010""",Unicode NBSP present,c97f7059f85316f1b9fcf16a72d4d503
INV/1011,VCH1011,Sales,2024-10-30,2024-12-14,2024-25,Partially Paid,UPI,45,65520.0,65520.0,0.0,24BBBCD2345G1Z2,GST,Maharashtra,7020.0,2.5 %,INR,CITY MEDISURG PVT. LTD.,Multi-Specialty Hospital,DR P NAIR,Spine Surgeon,SURG-004,29LMNOP9012Q1Z3,Surat,WEST 1,Amit Verma,ORTHO DISTRIBUTORS,CENTRAL 1,External Fixator,Trauma Fixation,Fixator,B5480-B,L25974,UDI-603110-B,SN687713,Non-Sterile,18-04-2027,2024/08/01,5 PCS,Box,12000,"13,200.00",Trauma Stabilization,Aluminium,BoneLock,Nagpur WH,01 Nov 2024,Delivered,Delhivery,In Stock,25,20,Yes,"Invoice for orthopedic implants, includes ""plate, screw"" bundle, ref=""INV/1011""",Unicode NBSP present,94e2e187432e4411a99c935154f212cb
INV/1011,VCH1011,Sales,2024-10-30,2024-11-14,2024-25,Adjusted,NEFT,30,14364.0,14364.0,7182.0,29CCCDD3456H1Z3,IGST,Maharashtra,1539.0,5 %,INR,SPINE & JOINT INSTITUTE,Orthopedic Clinic,dr p nair,Spine Surgeon,SURG-004,29LMNOP9012Q1Z3,Ahmedabad,Central 1,Rahul Mehta,Trauma Supplies,South-1,Bone Drill Set,Surgical Instrument,Instrument,B2758-B,L47298,UDI-412886-C,SN732063,Non-Sterile,2025/10/30,31 Aug 2024,2 PCS,BOX,6750,8100.00,Surgical Prep,Steel,BoneLock,Ahmedabad WH,30-10-2024,Partially Delivered,Blue Dart,In Stock,25,30,No,Dispatch against PO; follow-up due on next cycle,Name variation retained,38d2604feae18c83842a8726c6160479
INV/1011,VCH1011,Sales Return,2024-10-30,2024-11-29,2024-25,Partially Paid,Bank Transfer,15,11210.0,11210.0,11210.0,27AAACT1234F1Z5,GST,Karnataka,1710.0,0.05,Rs.,ORTHO CARE CENTER,Orthopedic Clinic,dr rajesh kulkarni,Trauma Surgeon,SURG-003,29LMNOP9012Q1Z3,Pune,West,A. Verma,Ortho Distributors,Central-1,Spinal Rod,Spinal Implant,Rod,B8454-C,L89395,UDI-240057-B,SN260626,Sterile,46495,30-09-2024,8 PCS,Pieces,"₹1,250.00",1375.00,Spine Stabilization,Titanium Alloy,SpinePro,Nagpur WH,30-10-2024,Hold,DTDC,Low Stock,25,5,No,"Approved by store; udi matched, ref=""INV/1011""",Trailing space preserved,959e05dab926cf295fc7e73ee68e52da
INV/1012,VCH1012,Purchase,2024-04-04,2024-04-19,2024-25,Partially Paid,NEFT,45,70800.0,70800.0,0.0,24BBBCD2345G1Z2,IGST,Karnataka,10800.0,0%,INR,CITY MEDISURG,Multi-Specialty Hospital,Dr A. Sharma,Orthopedic Surgeon,SURG-001,24FGHIJ5678K1Z2,Surat,Central,A. Verma,Ortho Distributors,Central-1,Locking Plate,Orthopedic Implant,Plate,B9835-A,L95660,UDI-495833-B,SN184148,Non-Sterile,25-03-2026,05-03-2024,5 PCS,Pieces,12000,13800.00,Open Reduction,Titanium,OSM,Pune Main,07 Apr 2024,Partially Delivered,TCS,In Stock,5,8,Pending,Credit note adjustment for return batch	tabbed-remark,Trailing space preserved,e0a1d5459a117aa144555f35ba8fbb5f
INV/1012,VCH1012,Sales Return,2024-04-04,2024-05-04,2024-25,Partially Paid,RTGS,60,2876.25,2876.25,2157.19,27AAACT1234F1Z5,IGST,Gujarat,438.75,0.03,INR,SPINE & JOINT INSTITUTE,Orthopedic Clinic,Dr Meera Iyer,Joint Replacement Surgeon,SURG-002,27ABCDE1234F1Z1,Ahmedabad,WEST 1,A. Verma,Ortho Distributors Pvt Ltd,W1,External Fixator,Trauma Fixation,Fixator,B6642-C,L97994,UDI-682851-B,SN149161,Sterile,26-09-2025,05 Jan 2024,2,BOX,"₹1,250.00",1437.5,Trauma Stabilization,Aluminium,JointMax,Mumbai WH,06 Apr 2024,Hold,Professional Couriers,Low Stock,10,30,Pending,Dispatch against PO; follow-up due on next cycle	tabbed-remark,Text numeric field,faa4b53ee94dc968703045b3c88ae837
INV/1012,VCH1012,Sales,2024-04-04,2024-05-04,2024-25,Partially Paid,Bank Transfer,45,23940.0,23940.0,23940.0,29CCCDD3456H1Z3,IGST,Gujarat,2565.0,5%,INR,CITY MEDISURG,Multi-Specialty Hospital,DR. NISHA PATEL,Orthopedic Surgeon,SURG-005,24FGHIJ5678K1Z2,Surat,WEST 1,A. Verma,Trauma Supplies,CENTRAL 1,Cancellous Screw,Orthopedic Implant,Screw,B9401-B,L71080,UDI-423404-B,SN477114,Non-Sterile,2026/09/21,05-03-2024,5,PCS,"₹4,500.00","5,175.00",Fracture Fixation,Stainless Steel,BoneLock,Nagpur WH,2024/04/05,In Transit,TCS,Reserved,5,15,Yes,Approved by store; udi matched,Name variation retained,603547e9683a90818ec08748417eb9bc
INV/1013,VCH1013,Sales Return,2024-05-05,2024-06-04,2024-25,Pending,Cheque,60,12285.0,12285.0,6142.5,27AAACT1234F1Z5,CGST+SGST,Karnataka,585.0,0.03,INR,CITY MEDISURG PVT. LTD.,Multi-Specialty Hospital,DR. ANIL SHARMA,Orthopedic Surgeon,SURG-001,27ABCDE1234F1Z1,Surat,South,Rahul Mehta,Trauma Supplies,West-1,Locking Plate,Orthopedic Implant,Plate,B5501-C,L47576,UDI-117538-C,SN857273,STERILE,46317,45357,5,PCS,"2,400.00",2640.00,Open Reduction,Titanium,JointMax,Mumbai WH,05-05-2024,Hold,Professional Couriers,In Stock,20,15,No,Freight included; round-off applied,Unicode NBSP present,89387227ff16c768e5bc00572edbbea2
INV/1013,VCH1013,Sales,2024-05-05,2024-05-20,2024-25,Paid,Cash,60,9072.0,9072.0,0.0,27AAACT1234F1Z5,IGST,Gujarat,972.0,0.10,₹,APEX HOSPITAL LTD.,Multi-Specialty Hospital,dr. nisha patel,Orthopedic Surgeon,SURG-005,29LMNOP9012Q1Z3,Mumbai,West-1,Rahul Mehta,Trauma Supplies LLP,CENTRAL 1,Locking Plate,Orthopedic Implant,Plate,B7375-C,L80852,UDI-691353-A,SN694223,STERILE,45782,2024/02/05,2,Pieces,"₹4,500.00",5400.00,Open Reduction,Titanium,SpinePro,Pune Main,45417,Delivered,TCS,Reorder,20,5,No,"Revised invoice after doctor change,
please verify branch mapping",Name variation retained,20b3e43c05321146be51fccf414e793c
INV/1014,VCH1014,Sales,2024-07-19,2024-08-18,2024-25,Pending,Cash,60,28350.0,28350.0,28350.0,24BBBCD2345G1Z2,GST,Gujarat,1350.0,0 %,INR,Apex Hospital,Multi-Specialty Hospital,DR. R. KULKARNI,Trauma Surgeon,SURG-003,24FGHIJ5678K1Z2,Mumbai,West,S. Joshi,ORTHO DISTRIBUTORS,S-1,Knee Prosthesis,Joint Replacement,Prosthesis,B2387-C,L83339,UDI-533911-B,SN917018,Sterile,05-01-2027,21-03-2024,4 PCS,pcs,6750.00,"₹7,762.50",Arthroplasty,Cobalt Chrome,JointMax,Mumbai WH-2,22 Jul 2024,In Transit,DTDC,In Stock,25,5,Yes,"Approved by store; udi matched, ref=""INV/1014""",Mixed date style,35df6509570557e0472e25a58ad78dda
INV/1014,VCH1014,Sales Return,2024-07-19,2024-09-17,2024-25,Paid,RTGS,15,50976.0,50976.0,38232.0,24BBBCD2345G1Z2,CGST+SGST,Gujarat,7776.0,0.10,INR,trauma one pvt ltd,Trauma Center,dr nisha patel,Orthopedic Surgeon,SURG-005,29LMNOP9012Q1Z3,Nagpur,Central 1,A. Verma,Trauma Supplies,WEST 1,Cancellous Screw,Orthopedic Implant,Screw,B9939-A,L99353,UDI-219420-C,SN309505,Sterile,2027/01/05,20 May 2024,4,Box,"₹12,000.00","₹14,400.00",Fracture Fixation,Stainless Steel,OSM,Nagpur WH,21-07-2024,Partially Delivered,TCS,In Stock,10,20,Yes,"Invoice for orthopedic implants, includes ""plate, screw"" bundle",Trailing space preserved,62464fc70df1ab3872e8f83bc5f327a6
INV/1015,VCH1015,Receipt,2026-02-10,2026-02-25,2025-26,Partially Paid,Bank Transfer,15,157472.0,157472.0,157472.0,24BBBCD2345G1Z2,GST,Gujarat,16872.0,5 %,₹,APEX HOSPITAL,Multi-Specialty Hospital,Dr Nisha Patel,Orthopedic Surgeon,SURG-005,27ABCDE1234F1Z1,Thane,South,S. Joshi,ORTHO DISTRIBUTORS,CENTRAL 1,Locking Plate,Orthopedic Implant,Plate,B5840-B,L21253,UDI-125755-B,SN209627,STERILE,2027/08/04,2025/11/12,8,PCS,"18,500.00",21275,Open Reduction,Titanium,BoneLock,Pune Main,2026/02/10,Hold,Professional Couriers,Low Stock,25,0,Yes,Part payment received; balance pending,Text numeric field,60c3e926f3f710c90392d3b4f64c0254
INV/1015,VCH1015,Receipt,2026-02-10,2026-03-12,2025-26,Pending,NEFT,60,143745.0,143745.0,107808.75,24BBBCD2345G1Z2,IGST,Maharashtra,6845.0,7.5%,Rs.,city medisurg,Multi-Specialty Hospital,dr meera iyer,Joint Replacement Surgeon,SURG-002,24FGHIJ5678K1Z2,Surat,WEST 1,Amit Verma,ORTHO DISTRIBUTORS,WEST 1,Knee Prosthesis,Joint Replacement,Prosthesis,B7367-C,L61451,UDI-770153-B,SN725969,Sterile,10-02-2027,12 Nov 2025,8,Box,18500,20350.00,Arthroplasty,Cobalt Chrome,OSM,Ahmedabad WH,2026/02/11,Partially Delivered,Delhivery,In Stock,25,3,nan,Part payment received; balance pending,Text numeric field,306367c6f6576375656d4188635346b0
INV/1015,VCH1015,Sales,2026-02-10,2026-04-11,2025-26,Pending,NEFT,60,218300.0,218300.0,109150.0,29CCCDD3456H1Z3,IGST,Maharashtra,33300.0,7.5,Rs.,Ortho Care Centre,Orthopedic Clinic,DR. P. NAIR,Spine Surgeon,SURG-004,29LMNOP9012Q1Z3,Pune,West,A. Verma,Trauma Supplies LLP,W1,External Fixator,Trauma Fixation,Fixator,B9115-C,L76952,UDI-693127-C,SN910074,Sterile,46603,2025/10/13,8,PCS,"25,000.00",28750.00,Trauma Stabilization,Aluminium,JointMax,Pune WH,2026/02/13,Partially Delivered,Professional Couriers,Low Stock,10,5,Pending,Freight included; round-off applied,Name variation retained,eb9173e398f6dfcdb1bf30309121f094
INV/1016,VCH1016,Sales,2025-01-25,2025-03-11,2024-25,Paid,NEFT,45,20638.8,20638.8,20638.8,24BBBCD2345G1Z2,IGST,Karnataka,2211.3,0.03,INR,City Medisurg,Multi-Specialty Hospital,Dr. R. Kulkarni,Trauma Surgeon,SURG-003,27ABCDE1234F1Z1,Surat,Central 1,A. Verma,Trauma Supplies,Central-1,External Fixator,Trauma Fixation,Fixator,B8405-A,L93050,UDI-758309-B,SN493396,Sterile,19 Jul 2026,26 Nov 2024,10,PCS,1890,"2,173.50",Trauma Stabilization,Aluminium,SpinePro,Ahmedabad WH,2025/01/26,Delivered,TCS,Reserved,5,30,Yes,Exported from Tally	with master alias	tabbed-remark,Unicode NBSP present,bf674ad77783ff57321c27b4a0207c90
INV/1016,VCH1016,Payment,2025-01-25,2025-03-11,2024-25,Paid,UPI,15,21284.25,21284.25,0.0,24BBBCD2345G1Z2,CGST/SGST,Maharashtra,3246.75,2.5,₹,Apex Hospital,Multi-Specialty Hospital,Dr P Nair,Spine Surgeon,SURG-004,27ABCDE1234F1Z1,Thane,Central,Rahul Mehta,Trauma Supplies LLP,Central-1,Knee Prosthesis,Joint Replacement,Prosthesis,B2559-A,L37973,UDI-550081-C,SN195629,STERILE,46047,27 Oct 2024,1,BOX,18500.00,21275,Arthroplasty,Cobalt Chrome,OSM,Pune WH,26-01-2025,In Transit,Delhivery,Reorder,25,30,No,"Invoice for orthopedic implants, includes ""plate, screw"" bundle",Name variation retained,36de3395fb5322547e632979a8599412
INV/1016,VCH1016,Sales,2025-01-25,2025-03-11,2024-25,Paid,RTGS,60,4014.36,4014.36,4014.36,27AAACT1234F1Z5,CGST/SGST,Maharashtra,612.36,0.10,INR,Ortho Care Centre,Orthopedic Clinic,DR A. SHARMA,Orthopedic Surgeon,SURG-001,27ABCDE1234F1Z1,Pune,South-1,S. Joshi,Ortho Distributors,S-1,Locking Plate,Orthopedic Implant,Plate,B4366-C,L89551,UDI-989079-C,SN416302,STERILE,19-07-2026,45592,2,Box,"₹1,890.00","2,173.50",Open Reduction,Titanium,OrthoFlex,Mumbai WH-2,2025/01/28,Hold,Delhivery,Reorder,25,0,No,"Invoice for orthopedic implants, includes ""plate, screw"" bundle
Export note retained as multiline remark	tabbed-remark",Text numeric field,217a136b7b83f2c1365b92122eec0069
INV/1017,VCH1017,Payment,2026-01-16,2026-03-17,2025-26,Partially Paid,Cash,15,5177.25,5177.25,2588.62,29CCCDD3456H1Z3,IGST,Maharashtra,789.75,2.5 %,INR,Ortho Care Center,Orthopedic Clinic,Dr A. Sharma,Orthopedic Surgeon,SURG-001,29LMNOP9012Q1Z3,Pune,South,Rahul Mehta,Trauma Supplies,West-1,Spinal Rod,Spinal Implant,Rod,B3877-A,L11660,UDI-798435-C,SN790017,Non-Sterile,2028/07/04,18 Oct 2025,1,pcs,4500.00,"₹5,175.00",Spine Stabilization,Titanium Alloy,BoneLock,Ahmedabad WH,16-01-2026,Hold,Professional Couriers,In Stock,5,0,Yes,Part payment received; balance pending,Trailing space preserved,8fbdce5d42f8d8fb33c1162b2f2b2045
INV/1017,VCH1017,Sales,2026-01-16,2026-01-31,2025-26,Adjusted,RTGS,30,58275.0,58275.0,29137.5,29CCCDD3456H1Z3,GST,Maharashtra,2775.0,0.07,₹,APEX HOSPITAL,Multi-Specialty Hospital,dr meera iyer,Joint Replacement Surgeon,SURG-002,29LMNOP9012Q1Z3,Mumbai,Central 1,Amit Verma,Ortho Distributors,West-1,Locking Plate,Orthopedic Implant,Plate,B9450-A,L62550,UDI-288056-A,SN943409,Non-Sterile,46758,2025/11/17,5,PCS,"₹12,000.00",13800.00,Open Reduction,Titanium,SpinePro,Mumbai WH-2,2026/01/19,Delivered,DTDC,Reserved,25,8,No,"Exported from Tally	with master alias, ref=""INV/1017""",Unicode NBSP present,5000c9d1c175281617287fc99d1abf01
INV/1017,VCH1017,Receipt,2026-01-16,2026-03-17,2025-26,Pending,Cheque,60,7938.0,7938.0,5953.5,29CCCDD3456H1Z3,IGST,Karnataka,378.0,0 %,₹,Apex Hospital,Multi-Specialty Hospital,DR. MEERA IYER,Joint Replacement Surgeon,SURG-002,24FGHIJ5678K1Z2,Mumbai,Central 1,A. Verma,Ortho Distributors,South-1,Bone Drill Set,Surgical Instrument,Instrument,B5778-B,L51288,UDI-794622-A,SN348273,Sterile,2027/01/16,18 Sep 2025,4,BOX,1890,"₹2,173.50",Surgical Prep,Steel,BoneLock,Mumbai WH,2026/01/18,Hold,Professional Couriers,In Stock,10,0,Pending,Dispatch against PO; follow-up due on next cycle,Unicode NBSP present,0ad756ce78b24a4f0fa1225965d9cb1c
INV/1018,VCH1018,Purchase,2024-12-11,2025-02-09,2024-25,Pending,NEFT,60,67331.25,67331.25,0.0,24BBBCD2345G1Z2,IGST,Maharashtra,3206.25,0.05,INR,Trauma One Pvt Ltd,Trauma Center,dr. nisha patel,Orthopedic Surgeon,SURG-005,27ABCDE1234F1Z1,Nagpur,West,R. Mehta,Ortho Distributors Pvt Ltd,West-1,Locking Plate,Orthopedic Implant,Plate,B2376-C,L86823,UDI-819622-C,SN776001,STERILE,11 Dec 2025,12-10-2024,10 PCS,Pieces,6750,"₹8,100.00",Open Reduction,Titanium,OSM,Pune WH,45640,Delivered,Blue Dart,In Stock,25,0,Yes,"Approved by store; udi matched
Export note retained as multiline remark",Name variation retained,6fda8e4171ff2a30f3da2b4b0d02d485
INV/1018,VCH1018,Purchase,2024-12-11,2025-01-10,2024-25,Adjusted,UPI,15,42568.5,42568.5,31926.38,27AAACT1234F1Z5,GST,Gujarat,6493.5,2.5 %,INR,Apex Hospital Ltd.,Multi-Specialty Hospital,DR. R. KULKARNI,Trauma Surgeon,SURG-003,27ABCDE1234F1Z1,Mumbai,WEST 1,S. Joshi,Ortho Distributors Pvt Ltd,WEST 1,Knee Prosthesis,Joint Replacement,Prosthesis,B8728-C,L56849,UDI-950069-B,SN161437,Sterile,01-12-2026,13-08-2024,2,Box,18500,22200.00,Arthroplasty,Cobalt Chrome,OrthoFlex,Mumbai WH,45637,Hold,DTDC,Low Stock,20,15,No,"Part payment received; balance pending
Export note retained as multiline remark",Name variation retained,d46a43079dfb695bf4838012dc95b7fd
INV/1018,VCH1018,Sales,2024-12-11,2025-01-10,2024-25,Paid,RTGS,60,23940.0,23940.0,23940.0,24BBBCD2345G1Z2,CGST+SGST,Gujarat,1140.0,5,INR,ORTHO CARE CENTRE,Orthopedic Clinic,Dr. Meera Iyer,Joint Replacement Surgeon,SURG-002,24FGHIJ5678K1Z2,Pune,West,Amit Verma,Ortho Distributors,W1,Spinal Rod,Spinal Implant,Rod,B6198-A,L83659,UDI-930307-C,SN610866,Sterile,2026/12/01,11 Nov 2024,10,Box,"2,400.00","2,880.00",Spine Stabilization,Titanium Alloy,TraumaFix,Nagpur WH,12-12-2024,Delivered,DTDC,Low Stock,5,8,Pending,Exported from Tally	with master alias,Alias master matched,ea9762f3958d6a898848b460ba961b56
INV/1019,VCH1019,Sales,2025-06-23,2025-08-22,2025-26,Pending,UPI,30,60480.0,60480.0,45360.0,27AAACT1234F1Z5,CGST/SGST,Maharashtra,6480.0,10 %,₹,APEX HOSPITAL,Multi-Specialty Hospital,dr. p. nair,Spine Surgeon,SURG-004,24FGHIJ5678K1Z2,Thane,WEST 1,Sneha Joshi,Ortho Distributors,West-1,Knee Prosthesis,Joint Replacement,Prosthesis,B2525-B,L87860,UDI-867541-A,SN673619,Sterile,10 Dec 2027,24-04-2025,5,Box,12000,14400.00,Arthroplasty,Cobalt Chrome,SpinePro,Mumbai WH,24 Jun 2025,Delivered,DTDC,In Stock,5,8,No,"Revised invoice after doctor change,
please verify branch mapping",Alias master matched,daf2e717eda348df5248ef7ad0b24de4
INV/1019,VCH1019,Sales Return,2025-06-23,2025-08-22,2025-26,Partially Paid,Bank Transfer,15,124687.5,124687.5,62343.75,24BBBCD2345G1Z2,CGST/SGST,Maharashtra,5937.5,5%,Rs.,apex hospital ltd.,Multi-Specialty Hospital,DR. R. KULKARNI,Trauma Surgeon,SURG-003,27ABCDE1234F1Z1,Mumbai,South,Rahul Mehta,Trauma Supplies,South-1,Knee Prosthesis,Joint Replacement,Prosthesis,B2584-A,L97574,UDI-258471-C,SN799891,Sterile,10 Dec 2027,45741,5,Pieces,"₹25,000.00",30000,Arthroplasty,Cobalt Chrome,JointMax,Nagpur WH,24-06-2025,Partially Delivered,Blue Dart,Reserved,5,0,No,Dispatch against PO; follow-up due on next cycle,Unicode NBSP present,fc95848489017cc0dae2a54ebe85f3e8
INV/1019,VCH1019,Sales,2025-06-23,2025-07-08,2025-26,Partially Paid,Cheque,45,107616.0,107616.0,80712.0,24BBBCD2345G1Z2,CGST/SGST,Maharashtra,16416.0,5,₹,Trauma One Pvt Ltd,Trauma Center,dr. nisha patel,Orthopedic Surgeon,SURG-005,27ABCDE1234F1Z1,Nagpur,South-1,Rahul Mehta,Ortho Distributors Pvt Ltd,CENTRAL 1,Knee Prosthesis,Joint Replacement,Prosthesis,B8955-C,L89817,UDI-376967-B,SN786594,STERILE,10-12-2027,24 May 2025,8,BOX,"₹12,000.00",13800.00,Arthroplasty,Cobalt Chrome,OSM,Mumbai WH,2025/06/26,Hold,DTDC,Reorder,10,30,Pending,Approved by store; udi matched,Trailing space preserved,02e0862241c7f101a82540383118f40f
inv/1019,VCH1019,Receipt,2025-06-23,2025-07-08,2025-26,Pending,cash,15,169920.0,169920.0,84960.0,24BBBCD2345G1Z2,IGST,Karnataka,25920.0,0 %,₹,trauma one pvt ltd,Trauma Center,DR P NAIR,Spine Surgeon,SURG-004,27ABCDE1234F1Z1,Nagpur,West-1,R. Mehta,Trauma Supplies,CENTRAL 1,External Fixator,Trauma Fixation,Fixator,B5488-B,L70846,UDI-477880-C,SN308781,Sterile,2026/12/15,23-02-2025,12,Box,"₹12,000.00",14400,Trauma Stabilization,Aluminium,SpinePro,Mumbai WH,45833,Delivered,Blue Dart,In Stock,10,5,No,"Invoice for orthopedic implants, includes ""plate, screw"" bundle",Text numeric field,6f484fd3ae215ee9ef7f411f39fd18e0
INV/1020,VCH1020,Sales,2025-12-14,2026-02-12,2025-26,Paid,Cheque,30,62160.0,62160.0,0.0,24BBBCD2345G1Z2,GST,Maharashtra,6660.0,7.5 %,₹,city medisurg pvt. ltd.,Multi-Specialty Hospital,Dr. R. Kulkarni,Trauma Surgeon,SURG-003,27ABCDE1234F1Z1,Surat,Central,Rahul Mehta,Ortho Distributors Pvt Ltd,West-1,Knee Prosthesis,Joint Replacement,Prosthesis,B5895-A,L29651,UDI-390334-B,SN787991,Sterile,14-12-2026,2025/08/16,5 PCS,Box,"₹12,000.00","14,400.00",Arthroplasty,Cobalt Chrome,OrthoFlex,Ahmedabad WH,16 Dec 2025,Partially Delivered,Delhivery,Reorder,5,3,Yes,Dispatch against PO; follow-up due on next cycle,Trailing space preserved,623d9e3f843cceed549e1c7beb2cfa3e
inv/1020,VCH1020,Purchase,2025-12-14,2026-01-28,2025-26,Pending,NEFT,30,83916.0,83916.0,83916.0,27AAACT1234F1Z5,CGST/SGST,Gujarat,8991.0,7.5%,Rs.,trauma one,Trauma Center,Dr Meera Iyer,Joint Replacement Surgeon,SURG-002,24FGHIJ5678K1Z2,Nagpur,West-1,Sneha Joshi,Trauma Supplies,S-1,Bone Drill Set,Surgical Instrument,Instrument,B3470-A,L36253,UDI-533174-A,SN995735,Non-Sterile,14-12-2026,2025/08/16,12 PCS,Pieces,"₹6,750.00","7,762.50",Surgical Prep,Steel,SpinePro,Mumbai WH,16-12-2025,In Transit,Delhivery,Reserved,5,20,Yes,"Approved by store; udi matched
Export note retained as multiline remark",Mixed date style,aca57a4e155edd89617954513956471d
INV/1020,VCH1020,Sales,2025-12-14,2026-02-12,2025-26,Paid,UPI,15,119700.0,119700.0,0.0,24BBBCD2345G1Z2,CGST+SGST,Karnataka,5700.0,5,Rs.,Apex Hospital,Multi-Specialty Hospital,dr meera iyer,Joint Replacement Surgeon,SURG-002,27ABCDE1234F1Z1,Mumbai,South-1,R. Mehta,Trauma Supplies,S-1,Cancellous Screw,Orthopedic Implant,Screw,B4087-A,L62873,UDI-613989-B,SN886553,Non-Sterile,46370,15-10-2025,10,PCS,"12,000.00",14400,Fracture Fixation,Stainless Steel,OrthoFlex,Mumbai WH-2,16-12-2025,In Transit,DTDC,Low Stock,25,30,Yes,Part payment received; balance pending	tabbed-remark,Text numeric field,9c1f6f059aeffb874fa8ac6d503125e7
INV/1021,VCH1021,Sales,2024-07-17,2024-08-16,2024-25,Pending,Cheque,15,21262.5,21262.5,15946.88,24BBBCD2345G1Z2,CGST+SGST,Maharashtra,1012.5,0.10,₹,Ortho Care Center,Orthopedic Clinic,Dr A. Sharma,Orthopedic Surgeon,SURG-001,27ABCDE1234F1Z1,Pune,Central,R. Mehta,Ortho Distributors Pvt Ltd,South-1,Locking Plate,Orthopedic Implant,Plate,B9095-A,L21807,UDI-215795-C,SN801520,Sterile,07 Jul 2026,19-03-2024,5,Box,4500.00,5175.00,Open Reduction,Titanium,OSM,Nagpur WH,2024/07/19,Delivered,Blue Dart,In Stock,25,8,No,Approved by store; udi matched,Mixed date style,0f6b71116f60d9f8de1e4631983e7eb8
INV/1021,VCH1021,Sales,2024-07-17,2024-08-01,2024-25,Adjusted,Cheque,15,272875.0,272875.0,0.0,27AAACT1234F1Z5,CGST+SGST,Karnataka,41625.0,7.5%,₹,Spine & Joint Institute,Orthopedic Clinic,DR. R. KULKARNI,Trauma Surgeon,SURG-003,24FGHIJ5678K1Z2,Ahmedabad,South-1,A. Verma,ORTHO DISTRIBUTORS,Central-1,Knee Prosthesis,Joint Replacement,Prosthesis,B3140-B,L73979,UDI-741055-A,SN817712,STERILE,2026/01/08,45460,10,PCS,25000,"₹28,750.00",Arthroplasty,Cobalt Chrome,SpinePro,Ahmedabad WH,45491,Hold,Blue Dart,In Stock,25,30,Yes,Dispatch against PO; follow-up due on next cycle,Mixed date style,6cb85b421d80a64f57107e7b48f89c4b
INV/1022,VCH1022,Purchase,2024-11-27,2024-12-12,2024-25,Adjusted,Cash,15,9790.2,9790.2,4895.1,24BBBCD2345G1Z2,CGST/SGST,Karnataka,1048.95,7.5,INR,SPINE & JOINT INSTITUTE,Orthopedic Clinic,dr p nair,Spine Surgeon,SURG-004,29LMNOP9012Q1Z3,Ahmedabad,West,Rahul Mehta,Ortho Distributors,CENTRAL 1,External Fixator,Trauma Fixation,Fixator,B8474-B,L57624,UDI-316899-C,SN804091,Sterile,2025/11/27,28 Oct 2024,5,PCS,1890,2268.00,Trauma Stabilization,Aluminium,OrthoFlex,Mumbai WH-2,2024/11/30,Partially Delivered,Professional Couriers,Reserved,5,30,nan,Freight included; round-off applied,Mixed date style,473bcf862ea357e9563ac2d069a60a1d
INV/1022,VCH1022,Payment,2024-11-27,2024-12-12,2024-25,Partially Paid,RTGS,45,18648.0,18648.0,13986.0,24BBBCD2345G1Z2,IGST,Maharashtra,888.0,7.5%,Rs.,Spine & Joint Institute,Orthopedic Clinic,dr p nair,Spine Surgeon,SURG-004,24FGHIJ5678K1Z2,Ahmedabad,South,R. Mehta,Trauma Supplies,Central-1,Bone Drill Set,Surgical Instrument,Instrument,B5067-B,L62149,UDI-539001-C,SN826155,Non-Sterile,21 May 2026,30-07-2024,8 PCS,Pieces,2400.00,"2,880.00",Surgical Prep,Steel,TraumaFix,Mumbai WH-2,30-11-2024,Partially Delivered,Professional Couriers,Reserved,20,20,Pending,"Invoice for orthopedic implants, includes ""plate, screw"" bundle
Export note retained as multiline remark",Unicode NBSP present,a132d6f69233ddb5248281f94c20c462
INV/1023,VCH1023,Payment,2024-12-13,2025-01-12,2024-25,Pending,Bank Transfer,30,15960.0,15960.0,0.0,27AAACT1234F1Z5,CGST+SGST,Gujarat,1710.0,5%,Rs.,Apex Hospital,Multi-Specialty Hospital,dr. r. kulkarni,Trauma Surgeon,SURG-003,27ABCDE1234F1Z1,Mumbai,Central 1,Rahul Mehta,Ortho Distributors Pvt Ltd,Central-1,Cancellous Screw,Orthopedic Implant,Screw,B8259-A,L93071,UDI-312952-C,SN918859,Sterile,03 Dec 2026,2024/10/14,12,Pieces,1250,1437.50,Fracture Fixation,Stainless Steel,JointMax,Nagpur WH,16-12-2024,Delivered,Professional Couriers,In Stock,20,15,Yes,"Invoice for orthopedic implants, includes ""plate, screw"" bundle",Mixed date style,2c7658297b7f529dadf9dae6f357bb10
INV/1023,VCH1023,Sales,2024-12-13,2025-02-11,2024-25,Paid,UPI,45,2619.6,2619.6,1309.8,24BBBCD2345G1Z2,GST,Maharashtra,399.6,7.5%,₹,Ortho Care Centre,Orthopedic Clinic,DR. MEERA IYER,Joint Replacement Surgeon,SURG-002,29LMNOP9012Q1Z3,Pune,West-1,Rahul Mehta,Ortho Distributors,CENTRAL 1,External Fixator,Trauma Fixation,Fixator,B8301-A,L94182,UDI-220294-C,SN462814,STERILE,06 Jun 2026,2024/09/14,1 PCS,Box,"₹2,400.00",2640.00,Trauma Stabilization,Aluminium,JointMax,Mumbai WH-2,45639,In Transit,Professional Couriers,Reserved,5,20,No,Credit note adjustment for return batch,Text numeric field,426ee5af3d55e4d513a7300c5d1781f8
INV/1023,VCH1023,Receipt,2024-12-13,2024-12-28,2024-25,Partially Paid,UPI,30,63000.0,63000.0,0.0,29CCCDD3456H1Z3,CGST+SGST,Gujarat,3000.0,0%,INR,city medisurg pvt. ltd.,Multi-Specialty Hospital,Dr. Meera Iyer,Joint Replacement Surgeon,SURG-002,27ABCDE1234F1Z1,Surat,South,Amit Verma,Ortho Distributors Pvt Ltd,Central-1,Locking Plate,Orthopedic Implant,Plate,B1096-C,L91048,UDI-806004-A,SN660814,Sterile,46004,2024/09/14,5,PCS,12000.00,"13,800.00",Open Reduction,Titanium,BoneLock,Ahmedabad WH,45640,Partially Delivered,TCS,In Stock,20,3,Pending,"Invoice for orthopedic implants, includes ""plate, screw"" bundle",Alias master matched,ae554b91b70a161340c6eebe366497f6
INV/1024,VCH1024,Receipt,2025-03-19,2025-04-18,2024-25,Adjusted,RTGS,60,5522.4,5522.4,0.0,27AAACT1234F1Z5,CGST/SGST,Maharashtra,842.4,2.5%,Rs.,Trauma One Pvt Ltd,Trauma Center,DR. NISHA PATEL,Orthopedic Surgeon,SURG-005,24FGHIJ5678K1Z2,Nagpur,Central,Sneha Joshi,Trauma Supplies,West-1,Cancellous Screw,Orthopedic Implant,Screw,B4842-A,L47373,UDI-446922-B,SN234443,Non-Sterile,19 Mar 2026,18 Jan 2025,2,Box,2400.00,"2,760.00",Fracture Fixation,Stainless Steel,OSM,Nagpur WH,2025/03/19,Delivered,Delhivery,Reserved,10,5,Pending,Exported from Tally	with master alias,Unicode NBSP present,8c2460b57e6542a1ccb8c61589dde508
INV/1024,VCH1024,Receipt,2025-03-19,2025-05-18,2024-25,Adjusted,RTGS,45,1327.5,1327.5,1327.5,27AAACT1234F1Z5,IGST,Maharashtra,202.5,10 %,Rs.,CITY MEDISURG PVT. LTD.,Multi-Specialty Hospital,DR A. SHARMA,Orthopedic Surgeon,SURG-001,24FGHIJ5678K1Z2,Surat,South,Sneha Joshi,Trauma Supplies,WEST 1,Bone Drill Set,Surgical Instrument,Instrument,B7500-B,L75820,UDI-625465-C,SN194952,Sterile,09 Mar 2027,17-02-2025,1,PCS,"1,250.00",1375,Surgical Prep,Steel,BoneLock,Mumbai WH-2,20-03-2025,Partially Delivered,Delhivery,Low Stock,10,8,Pending,"Invoice for orthopedic implants, includes ""plate, screw"" bundle, ref=""INV/1024""",Trailing space preserved,ff4f470df4d2021f1241975ebd95f9bb
INV/1024,VCH1024,Purchase,2025-03-19,2025-04-18,2024-25,Adjusted,Cheque,30,15240.96,15240.96,0.0,24BBBCD2345G1Z2,CGST/SGST,Gujarat,1632.96,10%,INR,City Medisurg Pvt. Ltd.,Multi-Specialty Hospital,DR. P. NAIR,Spine Surgeon,SURG-004,24FGHIJ5678K1Z2,Surat,West-1,S. Joshi,Trauma Supplies,South-1,Spinal Rod,Spinal Implant,Rod,B3578-B,L88908,UDI-321791-A,SN295984,STERILE,46455,2024/12/19,8,PCS,"₹1,890.00","2,079.00",Spine Stabilization,Titanium Alloy,BoneLock,Pune WH,22 Mar 2025,Delivered,Blue Dart,Reserved,10,3,Yes,"Invoice for orthopedic implants, includes ""plate, screw"" bundle",Alias master matched,f6638ec2b5fe43c89f53d7f5fc200543
INV/1025,VCH1025,Purchase,2025-05-26,2025-07-10,2025-26,Adjusted,cash,30,77658.75,77658.75,58244.06,29CCCDD3456H1Z3,CGST/SGST,Maharashtra,11846.25,0.03,INR,City Medisurg,Multi-Specialty Hospital,DR. MEERA IYER,Joint Replacement Surgeon,SURG-002,27ABCDE1234F1Z1,Surat,West-1,S. Joshi,Trauma Supplies LLP,S-1,External Fixator,Trauma Fixation,Fixator,B1639-C,L75972,UDI-200976-A,SN598985,Sterile,17 Nov 2026,45773,10 PCS,PCS,"₹6,750.00",7762.5,Trauma Stabilization,Aluminium,OSM,Mumbai WH-2,29-05-2025,In Transit,Delhivery,Low Stock,25,20,nan,"Freight included; round-off applied
Export note retained as multiline remark",Alias master matched,9cf0c18a7438420f17392ef5c064baf6
INV/1025,VCH1025,Receipt,2025-05-26,2025-07-10,2025-26,Paid,RTGS,30,8255.52,8255.52,4127.76,24BBBCD2345G1Z2,CGST+SGST,Karnataka,884.52,2.5,INR,ortho care centre,Orthopedic Clinic,dr rajesh kulkarni,Trauma Surgeon,SURG-003,24FGHIJ5678K1Z2,Pune,West-1,R. Mehta,Ortho Distributors,South-1,Knee Prosthesis,Joint Replacement,Prosthesis,B5157-B,L85713,UDI-686252-C,SN607259,Non-Sterile,16-05-2027,45683,4,Pieces,"1,890.00",2173.5,Arthroplasty,Cobalt Chrome,BoneLock,Mumbai WH-2,28-05-2025,In Transit,Professional Couriers,Low Stock,25,8,Yes,"Invoice for orthopedic implants, includes ""plate, screw"" bundle",Unicode NBSP present,12da75bb074d33d678e6762e9121cee1
INV/1025,VCH1025,Sales,2025-05-26,2025-06-25,2025-26,Pending,cash,45,82923.75,82923.75,41461.88,29CCCDD3456H1Z3,CGST/SGST,Maharashtra,3948.75,2.5,INR,Apex Hospital,Multi-Specialty Hospital,Dr Meera Iyer,Joint Replacement Surgeon,SURG-002,29LMNOP9012Q1Z3,Mumbai,Central 1,Amit Verma,Trauma Supplies,South-1,Bone Drill Set,Surgical Instrument,Instrument,B2124-A,L82036,UDI-310040-C,SN116112,STERILE,16-05-2027,2025/04/26,12,Pieces,"6,750.00",8100,Surgical Prep,Steel,BoneLock,Nagpur WH,2025/05/27,In Transit,Delhivery,In Stock,5,5,nan,Freight included; round-off applied,Text numeric field,47eed727816a2d6f285c2ee74e3724ea
INV/1026,VCH1026,Sales,2024-06-09,2024-06-24,2024-25,Adjusted,RTGS,60,47880.0,47880.0,47880.0,29CCCDD3456H1Z3,GST,Maharashtra,5130.0,5,INR,City Medisurg Pvt. Ltd.,Multi-Specialty Hospital,dr meera iyer,Joint Replacement Surgeon,SURG-002,29LMNOP9012Q1Z3,Surat,South-1,Sneha Joshi,ORTHO DISTRIBUTORS,WEST 1,Bone Drill Set,Surgical Instrument,Instrument,B4115-B,L36170,UDI-382146-A,SN882401,Sterile,30-05-2026,10-04-2024,10 PCS,pcs,"4,500.00",5400,Surgical Prep,Steel,BoneLock,Ahmedabad WH,2024/06/11,Partially Delivered,DTDC,Low Stock,20,8,nan,"Revised invoice after doctor change,
please verify branch mapping",Trailing space preserved,01e8a11dfbb36210bb0943cc1719e976
INV/1026,VCH1026,Sales Return,2024-06-09,2024-06-24,2024-25,Paid,Cheque,60,28025.0,28025.0,21018.75,24BBBCD2345G1Z2,GST,Maharashtra,4275.0,5%,₹,City Medisurg Pvt. Ltd.,Multi-Specialty Hospital,dr. meera iyer,Joint Replacement Surgeon,SURG-002,29LMNOP9012Q1Z3,Surat,South-1,Amit Verma,Ortho Distributors Pvt Ltd,W1,Knee Prosthesis,Joint Replacement,Prosthesis,B7945-A,L64931,UDI-483699-A,SN622998,Sterile,09-06-2025,10 Feb 2024,1,Pieces,"25,000.00","27,500.00",Arthroplasty,Cobalt Chrome,TraumaFix,Pune WH,2024/06/10,In Transit,DTDC,Reserved,10,30,Yes,Approved by store; udi matched,Text numeric field,f5156f903376e0461f2e15ae920f29bb
INV/1026,VCH1026,Purchase,2024-06-09,2024-07-24,2024-25,Pending,UPI,45,26600.0,26600.0,19950.0,24BBBCD2345G1Z2,IGST,Gujarat,2850.0,5 %,INR,ortho care center,Orthopedic Clinic,dr p nair,Spine Surgeon,SURG-004,24FGHIJ5678K1Z2,Pune,South-1,S. Joshi,Trauma Supplies,Central-1,Bone Drill Set,Surgical Instrument,Instrument,B8987-C,L68580,UDI-440881-C,SN635239,Non-Sterile,09-06-2025,11-03-2024,1,PCS,"₹25,000.00",28750.00,Surgical Prep,Steel,SpinePro,Pune Main,11 Jun 2024,Delivered,Professional Couriers,Reorder,10,8,Yes,Freight included; round-off applied,Name variation retained,9cff76f9b09959082991abd20ae7b836
INV/1026,VCH1026,Sales,2024-06-09,2024-06-24,2024-25,Adjusted,UPI,45,7000.0,7000.0,3500.0,24BBBCD2345G1Z2,IGST,Maharashtra,750.0,0 %,INR,apex hospital ltd.,Multi-Specialty Hospital,Dr A. Sharma,Orthopedic Surgeon,SURG-001,29LMNOP9012Q1Z3,Mumbai,Central,R. Mehta,Ortho Distributors Pvt Ltd,W1,Locking Plate,Orthopedic Implant,Plate,B1575-C,L56771,UDI-979249-A,SN129959,Sterile,01-12-2025,11 Mar 2024,5,Pieces,"1,250.00","₹1,375.00",Open Reduction,Titanium,SpinePro,Ahmedabad WH,2024/06/09,Delivered,Delhivery,Low Stock,10,30,nan,Approved by store; udi matched,Text numeric field,afb829d4324ce2c6322158337805778a
INV/1027,VCH1027,Sales,2024-04-08,2024-06-07,2024-25,Adjusted,RTGS,45,94696.88,94696.88,71022.66,27AAACT1234F1Z5,IGST,Gujarat,4509.38,2.5 %,INR,ORTHO CARE CENTRE,Orthopedic Clinic,Dr. P. Nair,Spine Surgeon,SURG-004,27ABCDE1234F1Z1,Pune,Central 1,Sneha Joshi,ORTHO DISTRIBUTORS,CENTRAL 1,External Fixator,Trauma Fixation,Fixator,B4080-A,L33908,UDI-948097-B,SN532961,Sterile,2026/03/29,08 Feb 2024,5,pcs,"₹18,500.00",20350,Trauma Stabilization,Aluminium,TraumaFix,Mumbai WH-2,11 Apr 2024,Partially Delivered,Delhivery,Reorder,5,30,nan,Exported from Tally	with master alias,Mixed date style,3e298bdcd3a7068ba86a6c36a5f9a838
INV/1027,VCH1027,Sales,2024-04-08,2024-05-08,2024-25,Pending,NEFT,15,261960.0,261960.0,196470.0,27AAACT1234F1Z5,IGST,Gujarat,39960.0,0 %,INR,APEX HOSPITAL,Multi-Specialty Hospital,Dr. Anil Sharma,Orthopedic Surgeon,SURG-001,27ABCDE1234F1Z1,Thane,Central 1,Rahul Mehta,Trauma Supplies LLP,South-1,Spinal Rod,Spinal Implant,Rod,B4415-B,L61003,UDI-871041-A,SN646453,Sterile,2026/09/25,45300,12,Pieces,18500.00,"₹22,200.00",Spine Stabilization,Titanium Alloy,TraumaFix,Pune WH,45391,Delivered,Delhivery,Low Stock,5,0,Pending,Approved by store; udi matched,Name variation retained,76741ea24e83152d68cc9e8fbfdb0d8e
INV/1027,VCH1027,Sales,2024-04-08,2024-05-23,2024-25,Adjusted,UPI,15,16511.04,16511.04,8255.52,24BBBCD2345G1Z2,IGST,Maharashtra,1769.04,2.5%,INR,Trauma One,Trauma Center,DR. MEERA IYER,Joint Replacement Surgeon,SURG-002,27ABCDE1234F1Z1,Nagpur,West,A. Verma,Trauma Supplies,South-1,Bone Drill Set,Surgical Instrument,Instrument,B4057-C,L55569,UDI-830897-B,SN298994,Sterile,45930,10-12-2023,8,Pieces,"1,890.00","₹2,268.00",Surgical Prep,Steel,BoneLock,Pune Main,2024/04/10,Hold,TCS,Reorder,5,0,nan,Credit note adjustment for return batch,Trailing space preserved,636f3238f2f041a032b704a825c053e8
INV/1028,VCH1028,Payment,2025-09-18,2025-10-18,2025-26,Adjusted,Cheque,30,15356.25,15356.25,11517.19,24BBBCD2345G1Z2,GST,Maharashtra,731.25,0.03,INR,APEX HOSPITAL,Multi-Specialty Hospital,DR. MEERA IYER,Joint Replacement Surgeon,SURG-002,27ABCDE1234F1Z1,Mumbai,WEST 1,Amit Verma,Trauma Supplies LLP,WEST 1,Cancellous Screw,Orthopedic Implant,Screw,B2310-B,L93744,UDI-787603-B,SN972496,Sterile,2028/03/06,45888,12,PCS,1250,"1,500.00",Fracture Fixation,Stainless Steel,TraumaFix,Mumbai WH-2,2025/09/18,Delivered,Delhivery,In Stock,10,30,No,Freight included; round-off applied,Unicode NBSP present,af7314f543c92d28deac840cf568c113
INV/1028,VCH1028,Sales Return,2025-09-18,2025-11-17,2025-26,Adjusted,NEFT,15,110448.0,110448.0,82836.0,24BBBCD2345G1Z2,CGST+SGST,Karnataka,16848.0,2.5%,Rs.,APEX HOSPITAL,Multi-Specialty Hospital,DR. NISHA PATEL,Orthopedic Surgeon,SURG-005,24FGHIJ5678K1Z2,Thane,Central,Rahul Mehta,ORTHO DISTRIBUTORS,W1,Knee Prosthesis,Joint Replacement,Prosthesis,B5162-B,L69297,UDI-493282-C,SN880746,STERILE,46638,2025/06/20,8 PCS,BOX,"12,000.00",13200.00,Arthroplasty,Cobalt Chrome,SpinePro,Mumbai WH-2,45920,Hold,Blue Dart,Reserved,10,8,No,"Revised invoice after doctor change,
please verify branch mapping
Export note retained as multiline remark",Name variation retained,2672b357b5b21210adcc9930530eebe0
INV/1029,VCH1029,Sales,2025-11-12,2025-12-27,2025-26,Pending,RTGS,60,194250.0,194250.0,0.0,27AAACT1234F1Z5,CGST+SGST,Maharashtra,9250.0,0.00,INR,CITY MEDISURG,Multi-Specialty Hospital,dr. r. kulkarni,Trauma Surgeon,SURG-003,24FGHIJ5678K1Z2,Surat,WEST 1,Amit Verma,Trauma Supplies LLP,S-1,Locking Plate,Orthopedic Implant,Plate,B4617-A,L16621,UDI-442707-C,SN831663,Sterile,2026/11/12,15 Jul 2025,10,BOX,"18,500.00",21275,Open Reduction,Titanium,SpinePro,Mumbai WH,15-11-2025,Hold,DTDC,Reserved,5,0,No,Credit note adjustment for return batch,Name variation retained,d5782b6d976bdbd54aa6ec680d4a127c
INV/1029,VCH1029,Receipt,2025-11-12,2025-11-27,2025-26,Adjusted,Cheque,60,52416.0,52416.0,39312.0,29CCCDD3456H1Z3,IGST,Gujarat,5616.0,2.5,INR,City Medisurg Pvt. Ltd.,Multi-Specialty Hospital,Dr. P. Nair,Spine Surgeon,SURG-004,29LMNOP9012Q1Z3,Surat,West,Rahul Mehta,Trauma Supplies,CENTRAL 1,Knee Prosthesis,Joint Replacement,Prosthesis,B4982-C,L29356,UDI-217830-C,SN157187,Sterile,02 Nov 2027,2025/09/13,4 PCS,Pieces,12000,"14,400.00",Arthroplasty,Cobalt Chrome,OSM,Pune WH,45975,Partially Delivered,Blue Dart,Low Stock,20,30,No,"Invoice for orthopedic implants, includes ""plate, screw"" bundle, ref=""INV/1029""",Unicode NBSP present,7d2fee05d4f0cfc0a95be01a344d2b76
inv/1030,VCH1030,Receipt,2026-01-25,2026-02-09,2025-26,Pending,Cash,60,20109.6,20109.6,20109.6,24BBBCD2345G1Z2,IGST,Gujarat,2154.6,5%,INR,Ortho Care Centre,Orthopedic Clinic,Dr. P. Nair,Spine Surgeon,SURG-004,27ABCDE1234F1Z1,Pune,WEST 1,Amit Verma,ORTHO DISTRIBUTORS,W1,External Fixator,Trauma Fixation,Fixator,B5953-A,L75700,UDI-817552-B,SN472640,Non-Sterile,2028/07/13,45987,10 PCS,Pieces,"1,890.00","2,173.50",Trauma Stabilization,Aluminium,OSM,Ahmedabad WH,26 Jan 2026,Delivered,TCS,In Stock,10,5,Yes,Credit note adjustment for return batch,Trailing space preserved,bc08c080c6d86d2765884f731708d35b
INV/1030,VCH1030,Sales Return,2026-01-25,2026-02-09,2025-26,Adjusted,RTGS,15,20638.8,20638.8,0.0,24BBBCD2345G1Z2,GST,Maharashtra,2211.3,2.5%,Rs.,apex hospital ltd.,Multi-Specialty Hospital,Dr. Nisha Patel,Orthopedic Surgeon,SURG-005,24FGHIJ5678K1Z2,Mumbai,Central 1,Amit Verma,ORTHO DISTRIBUTORS,WEST 1,External Fixator,Trauma Fixation,Fixator,B4783-C,L40432,UDI-746915-B,SN735022,STERILE,13 Jul 2028,45927,10 PCS,pcs,"₹1,890.00","2,079.00",Trauma Stabilization,Aluminium,BoneLock,Mumbai WH,2026/01/27,Delivered,Blue Dart,In Stock,10,8,nan,"Credit note adjustment for return batch, ref=""INV/1030""",Trailing space preserved,dddec3ce1fd69778caa7a6047d373e25
INV/1030,VCH1030,Sales,2026-01-25,2026-02-09,2025-26,Partially Paid,Cheque,30,196840.0,196840.0,0.0,27AAACT1234F1Z5,CGST+SGST,Karnataka,21090.0,0.05,₹,trauma one pvt ltd,Trauma Center,Dr. Anil Sharma,Orthopedic Surgeon,SURG-001,27ABCDE1234F1Z1,Nagpur,West,Rahul Mehta,Ortho Distributors,S-1,External Fixator,Trauma Fixation,Fixator,B5684-B,L31821,UDI-560905-B,SN419348,STERILE,13 Jul 2028,27 Sep 2025,10,BOX,18500,"20,350.00",Trauma Stabilization,Aluminium,TraumaFix,Ahmedabad WH,25-01-2026,Delivered,Professional Couriers,Low Stock,25,0,Yes,"Approved by store; udi matched
Export note retained as multiline remark",Unicode NBSP present,9ff0be1af8b01778d3969a1e4fe60369
INV/1030,VCH1030,Payment,2026-01-25,2026-02-09,2025-26,Adjusted,UPI,30,29484.0,29484.0,29484.0,27AAACT1234F1Z5,IGST,Maharashtra,1404.0,2.5,₹,APEX HOSPITAL,Multi-Specialty Hospital,Dr Rajesh Kulkarni,Trauma Surgeon,SURG-003,27ABCDE1234F1Z1,Thane,West-1,Rahul Mehta,Trauma Supplies,WEST 1,External Fixator,Trauma Fixation,Fixator,B1094-C,L74679,UDI-621800-B,SN669902,STERILE,15 Jan 2028,27 Oct 2025,12,pcs,2400,2640.00,Trauma Stabilization,Aluminium,OrthoFlex,Mumbai WH,28 Jan 2026,Partially Delivered,Professional Couriers,In Stock,20,0,Pending,Part payment received; balance pending,Unicode NBSP present,d77d5a49723dd8cbc3a6f077de37f111
INV/1031,VCH1031,Payment,2024-07-05,2024-08-19,2024-25,Paid,UPI,60,24755.22,24755.22,18566.42,27AAACT1234F1Z5,CGST+SGST,Gujarat,3776.22,7.5,Rs.,Trauma One,Trauma Center,DR RAJESH KULKARNI,Trauma Surgeon,SURG-003,24FGHIJ5678K1Z2,Nagpur,West-1,Rahul Mehta,Ortho Distributors Pvt Ltd,Central-1,Knee Prosthesis,Joint Replacement,Prosthesis,B2436-B,L89269,UDI-865175-C,SN654640,Sterile,05-07-2025,2024/05/06,12,Pieces,"₹1,890.00",2079,Arthroplasty,Cobalt Chrome,SpinePro,Pune WH,2024/07/08,Delivered,Professional Couriers,In Stock,20,5,nan,Exported from Tally	with master alias	tabbed-remark,Name variation retained,42d1af84dd2bb0f745c4b00166ab29c4
INV/1031,VCH1031,Sales,2024-07-05,2024-08-19,2024-25,Paid,NEFT,30,17700.0,17700.0,8850.0,27AAACT1234F1Z5,GST,Karnataka,2700.0,0.00,Rs.,Spine and Joint Institute,Orthopedic Clinic,Dr. Nisha Patel,Orthopedic Surgeon,SURG-005,24FGHIJ5678K1Z2,Ahmedabad,South,R. Mehta,Trauma Supplies,South-1,Spinal Rod,Spinal Implant,Rod,B6490-B,L64257,UDI-757667-B,SN663051,Non-Sterile,27-12-2025,45448,12 PCS,PCS,1250.00,"1,437.50",Spine Stabilization,Titanium Alloy,JointMax,Mumbai WH,2024/07/08,Delivered,Delhivery,In Stock,5,5,No,Dispatch against PO; follow-up due on next cycle,Mixed date style,fb4551f010ad42b736b7713e4e30b0fb
inv/1031,VCH1031,Sales Return,2024-07-05,2024-08-04,2024-25,Partially Paid,NEFT,60,6821.88,6821.88,3410.94,24BBBCD2345G1Z2,CGST/SGST,Karnataka,1040.62,7.5 %,Rs.,Apex Hospital,Multi-Specialty Hospital,DR MEERA IYER,Joint Replacement Surgeon,SURG-002,27ABCDE1234F1Z1,Mumbai,South-1,S. Joshi,Trauma Supplies LLP,Central-1,Locking Plate,Orthopedic Implant,Plate,B1067-B,L15771,UDI-848344-C,SN221462,Non-Sterile,46198,45358,5,Box,1250.00,1437.50,Open Reduction,Titanium,OSM,Pune WH,07 Jul 2024,Delivered,Blue Dart,In Stock,10,0,Pending,Dispatch against PO; follow-up due on next cycle,Name variation retained,f3ecdd02830d9edc5fe6b6cbf4144a60
INV/1032,VCH1032,Purchase,2025-02-13,2025-02-28,2024-25,Adjusted,cash,60,2728.75,2728.75,1364.38,29CCCDD3456H1Z3,CGST+SGST,Gujarat,416.25,7.5,INR,Spine and Joint Institute,Orthopedic Clinic,dr p nair,Spine Surgeon,SURG-004,24FGHIJ5678K1Z2,Ahmedabad,WEST 1,S. Joshi,Trauma Supplies LLP,W1,Locking Plate,Orthopedic Implant,Plate,B8672-A,L69714,UDI-695370-A,SN197429,Sterile,13-02-2026,14-01-2025,2 PCS,Pieces,1250.00,1437.5,Open Reduction,Titanium,BoneLock,Nagpur WH,16 Feb 2025,Hold,Blue Dart,In Stock,25,8,Pending,Part payment received; balance pending,Alias master matched,6549a3e930b3d122ac956f29719a1a46
INV/1032,VCH1032,Payment,2025-02-13,2025-04-14,2024-25,Adjusted,NEFT,15,34020.0,34020.0,17010.0,24BBBCD2345G1Z2,CGST+SGST,Gujarat,1620.0,10%,INR,CITY MEDISURG,Multi-Specialty Hospital,dr. p. nair,Spine Surgeon,SURG-004,24FGHIJ5678K1Z2,Surat,Central 1,S. Joshi,Trauma Supplies,W1,Cancellous Screw,Orthopedic Implant,Screw,B8972-A,L87616,UDI-875282-C,SN702080,Sterile,07-08-2026,15 Nov 2024,8,Box,"₹4,500.00","4,950.00",Fracture Fixation,Stainless Steel,SpinePro,Mumbai WH-2,45701,Delivered,Delhivery,Low Stock,5,15,No,Credit note adjustment for return batch,Unicode NBSP present,6b1aff4e895c721110aa8082c683ff4d
INV/1032,VCH1032,Sales Return,2025-02-13,2025-02-28,2024-25,Pending,cash,15,11970.0,11970.0,11970.0,27AAACT1234F1Z5,CGST+SGST,Karnataka,570.0,5%,INR,APEX HOSPITAL,Multi-Specialty Hospital,dr nisha patel,Orthopedic Surgeon,SURG-005,29LMNOP9012Q1Z3,Mumbai,South-1,S. Joshi,ORTHO DISTRIBUTORS,South-1,External Fixator,Trauma Fixation,Fixator,B3841-B,L28228,UDI-556329-C,SN321476,Sterile,13-02-2026,15 Nov 2024,5,pcs,"2,400.00","₹2,880.00",Trauma Stabilization,Aluminium,JointMax,Pune Main,2025/02/13,In Transit,DTDC,In Stock,25,30,Pending,Approved by store; udi matched,Mixed date style,4bf239783b0bf91ae45b9ccad74a8d5b
INV/1033,VCH1033,Sales,2024-11-29,2025-01-13,2024-25,Paid,Bank Transfer,45,5900.0,5900.0,2950.0,29CCCDD3456H1Z3,CGST/SGST,Gujarat,900.0,0,₹,Trauma One Pvt Ltd,Trauma Center,Dr. Nisha Patel,Orthopedic Surgeon,SURG-005,27ABCDE1234F1Z1,Nagpur,South-1,R. Mehta,ORTHO DISTRIBUTORS,West-1,External Fixator,Trauma Fixation,Fixator,B6628-C,L11413,UDI-427679-C,SN155337,STERILE,2025/11/29,01 Aug 2024,4,BOX,1250.00,"1,500.00",Trauma Stabilization,Aluminium,SpinePro,Pune WH,2024/11/29,Delivered,TCS,Reserved,20,30,nan,"Revised invoice after doctor change,
please verify branch mapping",Trailing space preserved,4addbca1fe5c3dd21073440bfd140ad3
INV/1033,VCH1033,Purchase,2024-11-29,2025-01-13,2024-25,Adjusted,NEFT,60,57525.0,57525.0,28762.5,29CCCDD3456H1Z3,CGST+SGST,Maharashtra,8775.0,0.03,INR,Apex Hospital,Multi-Specialty Hospital,Dr. R. Kulkarni,Trauma Surgeon,SURG-003,29LMNOP9012Q1Z3,Thane,Central,A. Verma,Trauma Supplies,South-1,Bone Drill Set,Surgical Instrument,Instrument,B5331-A,L16884,UDI-870033-B,SN156964,Non-Sterile,23 May 2026,2024/09/30,2,pcs,"25,000.00",27500.00,Surgical Prep,Steel,SpinePro,Pune Main,29 Nov 2024,Delivered,Delhivery,Low Stock,10,15,nan,"Revised invoice after doctor change,
please verify branch mapping",Unicode NBSP present,53b287faa22f4a952688834781dc7fd9
INV/1033,VCH1033,Sales Return,2024-11-29,2025-01-28,2024-25,Partially Paid,RTGS,30,10500.0,10500.0,0.0,27AAACT1234F1Z5,GST,Maharashtra,500.0,0 %,INR,Trauma One,Trauma Center,Dr. Meera Iyer,Joint Replacement Surgeon,SURG-002,24FGHIJ5678K1Z2,Nagpur,West-1,R. Mehta,Ortho Distributors Pvt Ltd,West-1,Spinal Rod,Spinal Implant,Rod,B2995-C,L25725,UDI-788500-A,SN728500,Sterile,46525,30-10-2024,8 PCS,PCS,1250.00,1500.00,Spine Stabilization,Titanium Alloy,JointMax,Mumbai WH,29 Nov 2024,Delivered,Professional Couriers,In Stock,10,15,nan,Part payment received; balance pending,Trailing space preserved,22dfeb6071ec1af4079ae660967e1ee2
INV/1034,VCH1034,Purchase,2025-06-16,2025-07-01,2025-26,Partially Paid,RTGS,60,70875.0,70875.0,0.0,24BBBCD2345G1Z2,CGST/SGST,Maharashtra,3375.0,0,₹,City Medisurg,Multi-Specialty Hospital,DR A. SHARMA,Orthopedic Surgeon,SURG-001,24FGHIJ5678K1Z2,Surat,Central,R. Mehta,Trauma Supplies,South-1,Knee Prosthesis,Joint Replacement,Prosthesis,B9039-B,L67154,UDI-103883-C,SN841978,Non-Sterile,16 Jun 2026,45704,10 PCS,BOX,6750,7762.50,Arthroplasty,Cobalt Chrome,BoneLock,Nagpur WH,18-06-2025,Partially Delivered,Blue Dart,In Stock,5,3,nan,Dispatch against PO; follow-up due on next cycle,Unicode NBSP present,a89258c294fd209d0870be1dc9716c39
INV/1034,VCH1034,Sales,2025-06-16,2025-07-31,2025-26,Paid,Cash,15,109150.0,109150.0,109150.0,27AAACT1234F1Z5,GST,Karnataka,16650.0,0,₹,apex hospital,Multi-Specialty Hospital,DR NISHA PATEL,Orthopedic Surgeon,SURG-005,27ABCDE1234F1Z1,Mumbai,Central,R. Mehta,Trauma Supplies,West-1,Cancellous Screw,Orthopedic Implant,Screw,B4817-A,L14833,UDI-811016-C,SN256189,Sterile,16-06-2026,45704,5,pcs,18500,22200,Fracture Fixation,Stainless Steel,SpinePro,Ahmedabad WH,19 Jun 2025,Delivered,Delhivery,Reserved,10,5,Pending,"Exported from Tally	with master alias, ref=""INV/1034""",Mixed date style,fd9874c95294cbbd7f2ad38c198e1456
INV/1034,VCH1034,Sales,2025-06-16,2025-07-16,2025-26,Pending,NEFT,30,42568.5,42568.5,42568.5,24BBBCD2345G1Z2,CGST+SGST,Karnataka,6493.5,2.5%,INR,Apex Hospital Ltd.,Multi-Specialty Hospital,Dr A. Sharma,Orthopedic Surgeon,SURG-001,29LMNOP9012Q1Z3,Mumbai,West-1,Rahul Mehta,Trauma Supplies,West-1,Spinal Rod,Spinal Implant,Rod,B5648-B,L72391,UDI-193471-C,SN783415,STERILE,16 Jun 2026,17 Apr 2025,2,pcs,"18,500.00",21275,Spine Stabilization,Titanium Alloy,OrthoFlex,Ahmedabad WH,2025/06/19,Delivered,Delhivery,In Stock,10,3,No,Credit note adjustment for return batch,Unicode NBSP present,6c5c3921cafa988cf65a32dc3515f214
INV/1035,VCH1035,Receipt,2026-02-16,2026-04-17,2025-26,Partially Paid,cash,60,39368.0,39368.0,39368.0,24BBBCD2345G1Z2,CGST/SGST,Gujarat,4218.0,5%,₹,Apex Hospital,Multi-Specialty Hospital,DR RAJESH KULKARNI,Trauma Surgeon,SURG-003,24FGHIJ5678K1Z2,Mumbai,South-1,R. Mehta,ORTHO DISTRIBUTORS,West-1,Spinal Rod,Spinal Implant,Rod,B6336-A,L24435,UDI-441806-B,SN308405,Sterile,16-02-2027,17 Jan 2026,2,Pieces,"18,500.00","₹20,350.00",Spine Stabilization,Titanium Alloy,OrthoFlex,Mumbai WH,16-02-2026,In Transit,Blue Dart,Reserved,10,5,nan,"Invoice for orthopedic implants, includes ""plate, screw"" bundle
Export note retained as multiline remark",Text numeric field,71a230b3caf2d410742144d16f89a6e1
inv/1035,VCH1035,Receipt,2026-02-16,2026-03-03,2025-26,Adjusted,NEFT,30,20390.4,20390.4,0.0,27AAACT1234F1Z5,CGST+SGST,Maharashtra,3110.4,0.10,INR,CITY MEDISURG,Multi-Specialty Hospital,DR. MEERA IYER,Joint Replacement Surgeon,SURG-002,27ABCDE1234F1Z1,Surat,West,Sneha Joshi,Ortho Distributors Pvt Ltd,Central-1,Bone Drill Set,Surgical Instrument,Instrument,B3440-C,L10665,UDI-555342-C,SN333210,Non-Sterile,10 Aug 2027,45949,8,BOX,"₹2,400.00",2880,Surgical Prep,Steel,OSM,Ahmedabad WH,19 Feb 2026,Delivered,Delhivery,Low Stock,25,3,Yes,Part payment received; balance pending,Alias master matched,845ffffee3fac1a24c6cd3b8f57700b8
INV/1036,VCH1036,Payment,2025-04-15,2025-05-30,2025-26,Pending,Cheque,15,20738.5,20738.5,10369.25,27AAACT1234F1Z5,GST,Karnataka,3163.5,5 %,INR,City Medisurg Pvt. Ltd.,Multi-Specialty Hospital,dr. anil sharma,Orthopedic Surgeon,SURG-001,29LMNOP9012Q1Z3,Surat,West,Sneha Joshi,Trauma Supplies LLP,S-1,Bone Drill Set,Surgical Instrument,Instrument,B1669-B,L58029,UDI-483349-B,SN749208,Non-Sterile,2026/10/07,15-01-2025,1,pcs,18500,"₹22,200.00",Surgical Prep,Steel,BoneLock,Pune Main,18-04-2025,Delivered,DTDC,In Stock,25,0,Pending,"Revised invoice after doctor change,
please verify branch mapping",Unicode NBSP present,7f50d589fde0066ecc2ce4277cd357d6
INV/1036,VCH1036,Sales,2025-04-15,2025-04-30,2025-26,Pending,UPI,30,7938.0,7938.0,3969.0,24BBBCD2345G1Z2,CGST+SGST,Karnataka,378.0,0,INR,Apex Hospital Ltd.,Multi-Specialty Hospital,DR. P. NAIR,Spine Surgeon,SURG-004,27ABCDE1234F1Z1,Mumbai,South-1,R. Mehta,ORTHO DISTRIBUTORS,WEST 1,Cancellous Screw,Orthopedic Implant,Screw,B1361-A,L78107,UDI-405677-A,SN166007,Sterile,07 Oct 2026,16 Dec 2024,4,Pieces,1890.00,2173.50,Fracture Fixation,Stainless Steel,SpinePro,Ahmedabad WH,2025/04/16,In Transit,DTDC,In Stock,20,15,No,Part payment received; balance pending,Name variation retained,27a4e30ba15e586072d5df5dc41f143d
inv/1036,VCH1036,Sales Return,2025-04-15,2025-04-30,2025-26,Adjusted,Cheque,45,11044.8,11044.8,5522.4,29CCCDD3456H1Z3,IGST,Gujarat,1684.8,0.03,INR,APEX HOSPITAL,Multi-Specialty Hospital,DR P NAIR,Spine Surgeon,SURG-004,27ABCDE1234F1Z1,Thane,WEST 1,Rahul Mehta,Ortho Distributors,West-1,Spinal Rod,Spinal Implant,Rod,B9948-C,L53421,UDI-435772-A,SN104502,Non-Sterile,2026/10/07,15 Jan 2025,4,Pieces,"₹2,400.00","2,880.00",Spine Stabilization,Titanium Alloy,SpinePro,Mumbai WH,17-04-2025,In Transit,TCS,Low Stock,25,5,Pending,Dispatch against PO; follow-up due on next cycle,Alias master matched,bf7df4b198de7e0250c803e71a690d6c
INV/1036,VCH1036,Sales,2025-04-15,2025-06-14,2025-26,Paid,UPI,30,11655.0,11655.0,11655.0,27AAACT1234F1Z5,GST,Maharashtra,555.0,0.07,Rs.,CITY MEDISURG,Multi-Specialty Hospital,dr nisha patel,Orthopedic Surgeon,SURG-005,24FGHIJ5678K1Z2,Surat,South,A. Verma,Ortho Distributors Pvt Ltd,CENTRAL 1,External Fixator,Trauma Fixation,Fixator,B3683-C,L65552,UDI-942725-B,SN402654,STERILE,2027/04/05,16-12-2024,1,BOX,12000.00,"13,800.00",Trauma Stabilization,Aluminium,OrthoFlex,Mumbai WH-2,17-04-2025,Delivered,Delhivery,In Stock,5,20,Pending,"Revised invoice after doctor change,
please verify branch mapping",Alias master matched,25f6048c7890a215adbfedd098399bec
INV/1037,VCH1037,Receipt,2026-02-11,2026-04-12,2025-26,Adjusted,NEFT,15,47250.0,47250.0,23625.0,29CCCDD3456H1Z3,GST,Karnataka,2250.0,0%,Rs.,TRAUMA ONE PVT LTD,Trauma Center,Dr. Meera Iyer,Joint Replacement Surgeon,SURG-002,24FGHIJ5678K1Z2,Nagpur,Central,Amit Verma,Ortho Distributors Pvt Ltd,South-1,Knee Prosthesis,Joint Replacement,Prosthesis,B1958-A,L51901,UDI-118397-B,SN270757,STERILE,46964,13-11-2025,10,BOX,4500.00,"5,400.00",Arthroplasty,Cobalt Chrome,BoneLock,Pune Main,2026/02/11,Partially Delivered,Delhivery,Reserved,25,5,nan,Dispatch against PO; follow-up due on next cycle,Name variation retained,785c87350bb1884f7e02e66ee016fac1
INV/1037,VCH1037,Sales,2026-02-11,2026-02-26,2025-26,Partially Paid,Cash,15,10354.5,10354.5,10354.5,27AAACT1234F1Z5,CGST+SGST,Maharashtra,1579.5,2.5%,₹,APEX HOSPITAL,Multi-Specialty Hospital,Dr A. Sharma,Orthopedic Surgeon,SURG-001,24FGHIJ5678K1Z2,Thane,WEST 1,Rahul Mehta,Ortho Distributors Pvt Ltd,Central-1,Cancellous Screw,Orthopedic Implant,Screw,B5991-A,L25544,UDI-900681-B,SN280572,Non-Sterile,11-02-2027,2025/10/14,2,pcs,"4,500.00",5175,Fracture Fixation,Stainless Steel,OrthoFlex,Nagpur WH,14-02-2026,In Transit,Blue Dart,Reserved,20,0,nan,"Invoice for orthopedic implants, includes ""plate, screw"" bundle",Name variation retained,4b94ee5e6a3030cd174b8647c7e14339
INV/1037,VCH1037,Receipt,2026-02-11,2026-03-13,2025-26,Partially Paid,RTGS,45,47880.0,47880.0,23940.0,27AAACT1234F1Z5,IGST,Maharashtra,2280.0,0.05,INR,Apex Hospital Ltd.,Multi-Specialty Hospital,Dr. Meera Iyer,Joint Replacement Surgeon,SURG-002,24FGHIJ5678K1Z2,Mumbai,West-1,Sneha Joshi,Ortho Distributors Pvt Ltd,CENTRAL 1,Bone Drill Set,Surgical Instrument,Instrument,B7004-C,L87251,UDI-992649-C,SN597775,Sterile,11 Feb 2027,2026/01/12,4,pcs,"12,000.00","13,200.00",Surgical Prep,Steel,SpinePro,Mumbai WH-2,11-02-2026,Delivered,Delhivery,Low Stock,25,3,nan,Approved by store; udi matched,Text numeric field,3d023ede04dc0442b5bee746f4f086e7
INV/1038,VCH1038,Purchase,2024-06-11,2024-06-26,2024-25,Pending,RTGS,15,28000.0,28000.0,28000.0,24BBBCD2345G1Z2,IGST,Maharashtra,3000.0,0%,INR,City Medisurg Pvt. Ltd.,Multi-Specialty Hospital,Dr Rajesh Kulkarni,Trauma Surgeon,SURG-003,27ABCDE1234F1Z1,Surat,WEST 1,Sneha Joshi,Trauma Supplies LLP,WEST 1,Cancellous Screw,Orthopedic Implant,Screw,B9177-B,L86273,UDI-344181-B,SN860427,STERILE,28 Nov 2026,12 Apr 2024,1,Box,25000.00,"28,750.00",Fracture Fixation,Stainless Steel,TraumaFix,Nagpur WH,2024/06/11,Hold,Blue Dart,In Stock,10,5,No,Exported from Tally	with master alias,Alias master matched,01adf025d7677d5b88813f9c020f4e71
INV/1038,VCH1038,Purchase,2024-06-11,2024-06-26,2024-25,Adjusted,UPI,15,54432.0,54432.0,0.0,27AAACT1234F1Z5,CGST+SGST,Gujarat,5832.0,10,₹,CITY MEDISURG PVT. LTD.,Multi-Specialty Hospital,Dr P Nair,Spine Surgeon,SURG-004,29LMNOP9012Q1Z3,Surat,South,A. Verma,Ortho Distributors Pvt Ltd,West-1,Knee Prosthesis,Joint Replacement,Prosthesis,B6119-C,L60997,UDI-615353-B,SN241021,Non-Sterile,11-06-2025,12 Feb 2024,8,BOX,6750,7762.5,Arthroplasty,Cobalt Chrome,OSM,Mumbai WH,11 Jun 2024,Hold,Blue Dart,Reorder,10,20,No,"Freight included; round-off applied, ref=""INV/1038""",Mixed date style,f1e78d96e1452e6a7475b461cd66a7a4
INV/1038,VCH1038,Purchase,2024-06-11,2024-07-11,2024-25,Adjusted,Cheque,30,18852.75,18852.75,14139.56,27AAACT1234F1Z5,CGST+SGST,Maharashtra,897.75,0.05,Rs.,Ortho Care Center,Orthopedic Clinic,Dr Nisha Patel,Orthopedic Surgeon,SURG-005,24FGHIJ5678K1Z2,Pune,West,S. Joshi,Trauma Supplies LLP,Central-1,Locking Plate,Orthopedic Implant,Plate,B2601-B,L23114,UDI-698059-B,SN438083,STERILE,2025/06/11,13-03-2024,10,pcs,"₹1,890.00",2079.00,Open Reduction,Titanium,TraumaFix,Ahmedabad WH,2024/06/11,Delivered,Professional Couriers,Reorder,20,3,Pending,Approved by store; udi matched	tabbed-remark,Mixed date style,e328dae4cc7aacc5a4cbe44e1266fd42
INV/1038,VCH1038,Sales Return,2024-06-11,2024-07-11,2024-25,Adjusted,Cheque,60,189000.0,189000.0,141750.0,24BBBCD2345G1Z2,CGST/SGST,Gujarat,9000.0,0.10,INR,trauma one pvt ltd,Trauma Center,Dr. P. Nair,Spine Surgeon,SURG-004,24FGHIJ5678K1Z2,Nagpur,West-1,Rahul Mehta,Ortho Distributors Pvt Ltd,W1,Spinal Rod,Spinal Implant,Rod,B6220-A,L93090,UDI-985126-B,SN530189,Sterile,2026/11/28,12-04-2024,8,pcs,"25,000.00",27500.00,Spine Stabilization,Titanium Alloy,SpinePro,Ahmedabad WH,2024/06/14,Delivered,Blue Dart,Low Stock,5,5,Yes,"Revised invoice after doctor change,
please verify branch mapping",Unicode NBSP present,5b61cc3cb0dabaa886e78937fd5115e7
INV/1039,VCH1039,Purchase,2025-12-08,2026-01-07,2025-26,Pending,cash,15,20629.35,20629.35,10314.67,29CCCDD3456H1Z3,CGST/SGST,Karnataka,3146.85,7.5 %,₹,Apex Hospital Ltd.,Multi-Specialty Hospital,Dr. P. Nair,Spine Surgeon,SURG-004,27ABCDE1234F1Z1,Mumbai,Central 1,S. Joshi,Trauma Supplies,W1,Spinal Rod,Spinal Implant,Rod,B3869-A,L45985,UDI-328598-A,SN212002,STERILE,2027/11/28,08 Nov 2025,10,BOX,1890.00,2173.50,Spine Stabilization,Titanium Alloy,SpinePro,Nagpur WH,45999,In Transit,Professional Couriers,Low Stock,25,0,Pending,"Revised invoice after doctor change,
please verify branch mapping",Unicode NBSP present,6e95a824a3c0432b495d631127aaa335
INV/1039,VCH1039,Sales Return,2025-12-08,2026-02-06,2025-26,Pending,NEFT,30,4488.75,4488.75,3366.56,29CCCDD3456H1Z3,CGST+SGST,Gujarat,213.75,5,INR,TRAUMA ONE PVT LTD,Trauma Center,DR. R. KULKARNI,Trauma Surgeon,SURG-003,24FGHIJ5678K1Z2,Nagpur,Central,Sneha Joshi,Trauma Supplies,South-1,Spinal Rod,Spinal Implant,Rod,B2087-B,L65164,UDI-832411-B,SN630930,Sterile,46364,45879,1,Box,"₹4,500.00",5400,Spine Stabilization,Titanium Alloy,BoneLock,Nagpur WH,10 Dec 2025,In Transit,Delhivery,In Stock,10,8,No,Part payment received; balance pending,Mixed date style,0345019fbcf6f6b185139d9c604b2da4
INV/1039,VCH1039,Sales Return,2025-12-08,2026-01-07,2025-26,Partially Paid,Cash,30,1327.5,1327.5,995.62,24BBBCD2345G1Z2,CGST+SGST,Gujarat,202.5,0.10,Rs.,trauma one pvt ltd,Trauma Center,Dr Nisha Patel,Orthopedic Surgeon,SURG-005,24FGHIJ5678K1Z2,Nagpur,South,S. Joshi,Trauma Supplies,S-1,Cancellous Screw,Orthopedic Implant,Screw,B9615-B,L69468,UDI-694797-A,SN114800,STERILE,2027/06/01,10-08-2025,1,BOX,"₹1,250.00","1,500.00",Fracture Fixation,Stainless Steel,OSM,Nagpur WH,08-12-2025,Delivered,Blue Dart,Reorder,10,20,No,Credit note adjustment for return batch,Alias master matched,e1fd81eb8aab678494f8d18da576605d
INV/1040,VCH1040,Sales Return,2025-04-28,2025-06-27,2025-26,Adjusted,UPI,60,1400.0,1400.0,700.0,24BBBCD2345G1Z2,CGST+SGST,Karnataka,150.0,0 %,INR,CITY MEDISURG,Multi-Specialty Hospital,dr. r. kulkarni,Trauma Surgeon,SURG-003,27ABCDE1234F1Z1,Surat,WEST 1,A. Verma,Trauma Supplies,WEST 1,Locking Plate,Orthopedic Implant,Plate,B6557-B,L27290,UDI-278117-C,SN616780,STERILE,46140,2025/03/29,1,PCS,1250,1437.50,Open Reduction,Titanium,TraumaFix,Mumbai WH-2,30-04-2025,Hold,Delhivery,Low Stock,5,8,Yes,"Invoice for orthopedic implants, includes ""plate, screw"" bundle
Export note retained as multiline remark",Text numeric field,b9fe0650ae1dc255b874060976c18d66
INV/1040,VCH1040,Sales,2025-04-28,2025-05-28,2025-26,Paid,cash,45,259000.0,259000.0,194250.0,29CCCDD3456H1Z3,IGST,Karnataka,27750.0,0.07,INR,Apex Hospital,Multi-Specialty Hospital,Dr P Nair,Spine Surgeon,SURG-004,24FGHIJ5678K1Z2,Mumbai,South-1,Amit Verma,Trauma Supplies LLP,CENTRAL 1,Spinal Rod,Spinal Implant,Rod,B3958-B,L20070,UDI-104326-C,SN904098,STERILE,2026/04/28,45685,10 PCS,pcs,"₹25,000.00","₹28,750.00",Spine Stabilization,Titanium Alloy,SpinePro,Nagpur WH,2025/04/28,Hold,Professional Couriers,Low Stock,5,8,nan,"Part payment received; balance pending
Export note retained as multiline remark",Mixed date style,9c6733f399df0f0bf58a1c300f4f6fc1
INV/1040,VCH1040,Payment,2025-04-28,2025-05-28,2025-26,Partially Paid,Cash,30,233100.0,233100.0,0.0,27AAACT1234F1Z5,GST,Gujarat,11100.0,0.00,Rs.,ORTHO CARE CENTER,Orthopedic Clinic,Dr. Meera Iyer,Joint Replacement Surgeon,SURG-002,24FGHIJ5678K1Z2,Pune,Central 1,A. Verma,Trauma Supplies,South-1,Cancellous Screw,Orthopedic Implant,Screw,B7020-C,L36197,UDI-797848-A,SN972470,Sterile,18 Apr 2027,2024/12/29,12 PCS,BOX,"₹18,500.00",22200.00,Fracture Fixation,Stainless Steel,SpinePro,Pune Main,01 May 2025,Hold,DTDC,Low Stock,5,0,Yes,"Revised invoice after doctor change,
please verify branch mapping, ref=""INV/1040""",Name variation retained,e2003e7deab6bb9ba33e6283d095fe3c
INV/1040,VCH1040,Receipt,2025-04-28,2025-06-12,2025-26,Pending,Cash,60,103600.0,103600.0,103600.0,29CCCDD3456H1Z3,CGST+SGST,Maharashtra,11100.0,0.00,₹,spine and joint institute,Orthopedic Clinic,dr a. sharma,Orthopedic Surgeon,SURG-001,29LMNOP9012Q1Z3,Ahmedabad,Central 1,Amit Verma,Trauma Supplies,WEST 1,External Fixator,Trauma Fixation,Fixator,B8454-C,L68975,UDI-429196-C,SN859268,Sterile,28-04-2026,28-01-2025,5,Box,18500.00,"20,350.00",Trauma Stabilization,Aluminium,TraumaFix,Ahmedabad WH,30-04-2025,Delivered,Delhivery,In Stock,10,8,Yes,"Revised invoice after doctor change,
please verify branch mapping, ref=""INV/1040""",Alias master matched,b8a034e2addab5bbc1183a8516efa5ec
inv/1041,VCH1041,Sales,2026-01-25,2026-02-24,2025-26,Partially Paid,cash,60,60480.0,60480.0,60480.0,27AAACT1234F1Z5,CGST+SGST,Gujarat,6480.0,0 %,Rs.,city medisurg pvt. ltd.,Multi-Specialty Hospital,Dr Meera Iyer,Joint Replacement Surgeon,SURG-002,24FGHIJ5678K1Z2,Surat,South,Rahul Mehta,Ortho Distributors Pvt Ltd,West-1,Knee Prosthesis,Joint Replacement,Prosthesis,B6469-A,L23456,UDI-697091-B,SN153395,STERILE,25 Jan 2027,45927,12,BOX,"₹4,500.00",5400,Arthroplasty,Cobalt Chrome,SpinePro,Ahmedabad WH,2026/01/28,Delivered,Professional Couriers,Low Stock,10,5,Yes,Credit note adjustment for return batch,Trailing space preserved,40402a98ddbe04175dc033f96040c5c8
INV/1041,VCH1041,Sales,2026-01-25,2026-02-24,2025-26,Partially Paid,cash,15,116550.0,116550.0,58275.0,27AAACT1234F1Z5,IGST,Gujarat,5550.0,7.5%,₹,Trauma One Pvt Ltd,Trauma Center,dr. p. nair,Spine Surgeon,SURG-004,27ABCDE1234F1Z1,Nagpur,South,A. Verma,Trauma Supplies LLP,West-1,Bone Drill Set,Surgical Instrument,Instrument,B6878-B,L56798,UDI-683879-A,SN119011,Sterile,13 Jul 2028,2025/12/26,10,pcs,"12,000.00",13200.00,Surgical Prep,Steel,OrthoFlex,Ahmedabad WH,46049,Partially Delivered,TCS,Low Stock,10,20,No,"Dispatch against PO; follow-up due on next cycle
Export note retained as multiline remark",Unicode NBSP present,aface6b1da9a88723aedc09cdc10c433
inv/1041,VCH1041,Purchase,2026-01-25,2026-03-11,2025-26,Adjusted,NEFT,45,10872.23,10872.23,0.0,27AAACT1234F1Z5,CGST/SGST,Maharashtra,1658.47,2.5,INR,Ortho Care Center,Orthopedic Clinic,DR P NAIR,Spine Surgeon,SURG-004,24FGHIJ5678K1Z2,Pune,Central 1,Amit Verma,ORTHO DISTRIBUTORS,CENTRAL 1,External Fixator,Trauma Fixation,Fixator,B7799-B,L92502,UDI-189374-B,SN490527,STERILE,19 Jul 2027,26-12-2025,5,pcs,"₹1,890.00",2268,Trauma Stabilization,Aluminium,OrthoFlex,Ahmedabad WH,26-01-2026,Partially Delivered,DTDC,Reserved,20,20,No,"Invoice for orthopedic implants, includes ""plate, screw"" bundle",Trailing space preserved,e5666c37c493d7b2eb055787e8244b0b
INV/1042,VCH1042,Sales,2025-02-16,2025-03-18,2024-25,Paid,Cash,60,19891.2,19891.2,9945.6,24BBBCD2345G1Z2,CGST/SGST,Gujarat,2131.2,7.5,₹,Apex Hospital,Multi-Specialty Hospital,Dr. R. Kulkarni,Trauma Surgeon,SURG-003,27ABCDE1234F1Z1,Mumbai,WEST 1,S. Joshi,Trauma Supplies LLP,South-1,External Fixator,Trauma Fixation,Fixator,B9383-C,L50927,UDI-397719-A,SN197328,STERILE,2027/08/05,45614,8,Box,2400.00,2640,Trauma Stabilization,Aluminium,TraumaFix,Pune Main,45707,Delivered,Delhivery,Reserved,10,0,nan,Credit note adjustment for return batch,Unicode NBSP present,1d40218bcbbd8db8b15a775636b74019
INV/1042,VCH1042,Sales,2025-02-16,2025-04-17,2024-25,Adjusted,cash,30,23310.0,23310.0,17482.5,27AAACT1234F1Z5,CGST+SGST,Maharashtra,1110.0,7.5,INR,Trauma One,Trauma Center,Dr. Nisha Patel,Orthopedic Surgeon,SURG-005,24FGHIJ5678K1Z2,Nagpur,South,Rahul Mehta,Ortho Distributors Pvt Ltd,West-1,External Fixator,Trauma Fixation,Fixator,B7468-B,L86585,UDI-686120-C,SN916656,Sterile,16 Feb 2026,17 Jan 2025,2,BOX,"12,000.00","₹13,800.00",Trauma Stabilization,Aluminium,BoneLock,Nagpur WH,19 Feb 2025,Hold,Delhivery,In Stock,10,3,nan,"Revised invoice after doctor change,
please verify branch mapping, ref=""INV/1042""",Mixed date style,46de07e208deb7938a9768ec4a02c662
INV/1042,VCH1042,Sales,2025-02-16,2025-04-17,2024-25,Pending,Bank Transfer,15,27641.25,27641.25,13820.62,24BBBCD2345G1Z2,CGST+SGST,Gujarat,1316.25,2.5 %,₹,City Medisurg,Multi-Specialty Hospital,Dr. P. Nair,Spine Surgeon,SURG-004,29LMNOP9012Q1Z3,Surat,WEST 1,A. Verma,Trauma Supplies,S-1,Locking Plate,Orthopedic Implant,Plate,B8551-B,L97453,UDI-239260-A,SN629283,Non-Sterile,06 Feb 2027,17 Jan 2025,4 PCS,BOX,"₹6,750.00",8100,Open Reduction,Titanium,OrthoFlex,Ahmedabad WH,45704,In Transit,DTDC,In Stock,25,0,nan,"Invoice for orthopedic implants, includes ""plate, screw"" bundle, ref=""INV/1042""",Alias master matched,e57583edf0d685f2fe556114e1e8b7a1
INV/1043,VCH1043,Sales Return,2025-09-29,2025-11-28,2025-26,Pending,Cash,30,6650.0,6650.0,3325.0,27AAACT1234F1Z5,CGST/SGST,Gujarat,712.5,5%,INR,trauma one pvt ltd,Trauma Center,dr nisha patel,Orthopedic Surgeon,SURG-005,24FGHIJ5678K1Z2,Nagpur,West-1,R. Mehta,Trauma Supplies,W1,Locking Plate,Orthopedic Implant,Plate,B3772-A,L90540,UDI-421697-B,SN811572,Non-Sterile,17 Mar 2028,2025/07/01,5,Pieces,1250.00,"1,375.00",Open Reduction,Titanium,OrthoFlex,Pune WH,45929,Partially Delivered,Blue Dart,In Stock,10,5,No,"Freight included; round-off applied, ref=""INV/1043""
Export note retained as multiline remark",Alias master matched,ff339c364d3b299d7dc02620badab76b
INV/1043,VCH1043,Sales,2025-09-29,2025-10-29,2025-26,Pending,NEFT,45,4914.0,4914.0,2457.0,24BBBCD2345G1Z2,CGST+SGST,Karnataka,526.5,2.5 %,INR,city medisurg,Multi-Specialty Hospital,Dr. P. Nair,Spine Surgeon,SURG-004,24FGHIJ5678K1Z2,Surat,South-1,R. Mehta,Ortho Distributors,W1,Knee Prosthesis,Joint Replacement,Prosthesis,B7228-B,L92864,UDI-386578-C,SN363076,STERILE,46829,01-06-2025,1,pcs,4500,5400.00,Arthroplasty,Cobalt Chrome,JointMax,Pune Main,45930,Delivered,Blue Dart,In Stock,25,15,Pending,"Part payment received; balance pending
Export note retained as multiline remark",Alias master matched,b2e235b60aed87866e4d6fd8b11e3b57
INV/1043,VCH1043,Sales,2025-09-29,2025-11-13,2025-26,Adjusted,UPI,15,28000.0,28000.0,28000.0,24BBBCD2345G1Z2,IGST,Gujarat,3000.0,0%,Rs.,APEX HOSPITAL LTD.,Multi-Specialty Hospital,DR A. SHARMA,Orthopedic Surgeon,SURG-001,29LMNOP9012Q1Z3,Mumbai,West,S. Joshi,Ortho Distributors Pvt Ltd,WEST 1,External Fixator,Trauma Fixation,Fixator,B5967-C,L38986,UDI-194336-C,SN755608,STERILE,29 Sep 2026,2025/07/31,1,pcs,"25,000.00","27,500.00",Trauma Stabilization,Aluminium,SpinePro,Pune Main,45932,Partially Delivered,Delhivery,Reorder,5,8,No,"Credit note adjustment for return batch
Export note retained as multiline remark",Unicode NBSP present,828b95f22de20037e2b1635ad54c0ce7
INV/1044,VCH1044,Sales Return,2026-01-17,2026-03-03,2025-26,Adjusted,Cheque,15,7620.48,7620.48,3810.24,24BBBCD2345G1Z2,CGST+SGST,Maharashtra,816.48,10 %,INR,Trauma One,Trauma Center,DR. P. NAIR,Spine Surgeon,SURG-004,29LMNOP9012Q1Z3,Nagpur,West,Sneha Joshi,Ortho Distributors,South-1,Knee Prosthesis,Joint Replacement,Prosthesis,B7943-A,L42765,UDI-873266-A,SN823044,Non-Sterile,46404,45979,4,pcs,"₹1,890.00","2,173.50",Arthroplasty,Cobalt Chrome,OrthoFlex,Pune WH,2026/01/17,Delivered,DTDC,Reserved,5,30,No,"Approved by store; udi matched
Export note retained as multiline remark	tabbed-remark",Alias master matched,bda8a8cb3fdc334c939861bef0e0ff0c
INV/1044,VCH1044,Purchase,2026-01-17,2026-02-01,2025-26,Pending,Cheque,30,155400.0,155400.0,77700.0,27AAACT1234F1Z5,CGST+SGST,Maharashtra,7400.0,0%,Rs.,SPINE & JOINT INSTITUTE,Orthopedic Clinic,Dr. Anil Sharma,Orthopedic Surgeon,SURG-001,29LMNOP9012Q1Z3,Ahmedabad,Central 1,S. Joshi,Ortho Distributors Pvt Ltd,S-1,Spinal Rod,Spinal Implant,Rod,B2659-B,L95317,UDI-586758-B,SN750338,Sterile,46939,45949,8,PCS,18500,"₹22,200.00",Spine Stabilization,Titanium Alloy,SpinePro,Pune Main,17-01-2026,Delivered,Professional Couriers,In Stock,20,0,Pending,"Revised invoice after doctor change,
please verify branch mapping",Text numeric field,d960d229a352d1ca02693bd3cb078b1d
INV/1045,VCH1045,Sales,2025-09-13,2025-10-13,2025-26,Adjusted,RTGS,15,15540.0,15540.0,0.0,24BBBCD2345G1Z2,CGST+SGST,Gujarat,1665.0,7.5 %,Rs.,Apex Hospital,Multi-Specialty Hospital,Dr Meera Iyer,Joint Replacement Surgeon,SURG-002,24FGHIJ5678K1Z2,Mumbai,Central,Amit Verma,Trauma Supplies LLP,W1,External Fixator,Trauma Fixation,Fixator,B2717-B,L15530,UDI-539033-B,SN270162,Non-Sterile,03 Sep 2027,14-08-2025,12,BOX,"1,250.00",1375,Trauma Stabilization,Aluminium,OrthoFlex,Mumbai WH-2,14-09-2025,Partially Delivered,Professional Couriers,Reserved,20,30,Yes,"Exported from Tally	with master alias, ref=""INV/1045""
Export note retained as multiline remark",Name variation retained,e892311d42ea6d1e8f16731f098081f7
INV/1045,VCH1045,Sales Return,2025-09-13,2025-09-28,2025-26,Partially Paid,UPI,60,2730.0,2730.0,1365.0,27AAACT1234F1Z5,CGST+SGST,Maharashtra,292.5,2.5%,₹,SPINE AND JOINT INSTITUTE,Orthopedic Clinic,dr meera iyer,Joint Replacement Surgeon,SURG-002,29LMNOP9012Q1Z3,Ahmedabad,WEST 1,Rahul Mehta,Trauma Supplies LLP,CENTRAL 1,Cancellous Screw,Orthopedic Implant,Screw,B2941-A,L27143,UDI-554786-C,SN168553,Sterile,13 Sep 2026,2025/05/16,2,pcs,1250,1500.00,Fracture Fixation,Stainless Steel,OrthoFlex,Nagpur WH,2025/09/14,Delivered,Delhivery,Reserved,20,15,nan,Freight included; round-off applied,Text numeric field,06149dda85fb1c9fdbca46d3ba925143
INV/1045,VCH1045,Sales,2025-09-13,2025-10-13,2025-26,Adjusted,cash,60,78588.0,78588.0,0.0,29CCCDD3456H1Z3,GST,Gujarat,11988.0,10%,₹,SPINE & JOINT INSTITUTE,Orthopedic Clinic,Dr P Nair,Spine Surgeon,SURG-004,27ABCDE1234F1Z1,Ahmedabad,South,A. Verma,Trauma Supplies LLP,S-1,Knee Prosthesis,Joint Replacement,Prosthesis,B8282-C,L56081,UDI-240855-A,SN409380,Sterile,01 Mar 2028,2025/07/15,4,pcs,"₹18,500.00",21275,Arthroplasty,Cobalt Chrome,JointMax,Pune WH,14 Sep 2025,Partially Delivered,DTDC,Reserved,10,20,No,Dispatch against PO; follow-up due on next cycle,Alias master matched,c77b35adfbb28dc0a96644d4942c8785
INV/1046,VCH1046,Purchase,2025-03-04,2025-04-18,2024-25,Pending,Bank Transfer,45,24192.0,24192.0,18144.0,24BBBCD2345G1Z2,IGST,Karnataka,2592.0,0.10,INR,Ortho Care Center,Orthopedic Clinic,dr. r. kulkarni,Trauma Surgeon,SURG-003,24FGHIJ5678K1Z2,Pune,South,R. Mehta,Ortho Distributors Pvt Ltd,WEST 1,Cancellous Screw,Orthopedic Implant,Screw,B8679-C,L70476,UDI-640882-C,SN924154,STERILE,21 Aug 2027,04 Dec 2024,10,Pieces,"₹2,400.00",2880,Fracture Fixation,Stainless Steel,OSM,Pune WH,06-03-2025,Delivered,Delhivery,In Stock,10,8,No,"Invoice for orthopedic implants, includes ""plate, screw"" bundle
Export note retained as multiline remark",Mixed date style,0698f1b64fbd44eabc085b3772cd4839
INV/1046,VCH1046,Sales,2025-03-04,2025-05-03,2024-25,Partially Paid,Cash,45,56000.0,56000.0,0.0,29CCCDD3456H1Z3,CGST+SGST,Maharashtra,6000.0,0%,₹,apex hospital ltd.,Multi-Specialty Hospital,dr. nisha patel,Orthopedic Surgeon,SURG-005,29LMNOP9012Q1Z3,Mumbai,West-1,S. Joshi,ORTHO DISTRIBUTORS,WEST 1,Knee Prosthesis,Joint Replacement,Prosthesis,B2146-B,L17530,UDI-405246-C,SN649868,Sterile,26 Aug 2026,2025/02/02,2,Pieces,"25,000.00","27,500.00",Arthroplasty,Cobalt Chrome,JointMax,Mumbai WH,06-03-2025,Partially Delivered,TCS,Low Stock,25,8,No,"Approved by store; udi matched
Export note retained as multiline remark",Alias master matched,c27812b8d82e9ebc67be0b945317649c
INV/1046,VCH1046,Purchase,2025-03-04,2025-04-18,2024-25,Partially Paid,cash,15,21186.9,21186.9,10593.45,24BBBCD2345G1Z2,CGST+SGST,Gujarat,3231.9,5%,INR,spine & joint institute,Orthopedic Clinic,dr nisha patel,Orthopedic Surgeon,SURG-005,24FGHIJ5678K1Z2,Ahmedabad,South,Sneha Joshi,Ortho Distributors,Central-1,Locking Plate,Orthopedic Implant,Plate,B3587-B,L92324,UDI-832582-A,SN351338,STERILE,26 Aug 2026,04 Nov 2024,10 PCS,Box,1890,2079.00,Open Reduction,Titanium,TraumaFix,Pune WH,06-03-2025,Hold,Delhivery,In Stock,5,0,Pending,"Invoice for orthopedic implants, includes ""plate, screw"" bundle",Unicode NBSP present,9f6bbcddd42af397a0e85ff5c5415b2f
INV/1047,VCH1047,Receipt,2025-10-14,2025-10-29,2025-26,Adjusted,cash,15,82923.75,82923.75,62192.81,27AAACT1234F1Z5,CGST/SGST,Karnataka,3948.75,2.5,₹,spine & joint institute,Orthopedic Clinic,Dr. Meera Iyer,Joint Replacement Surgeon,SURG-002,27ABCDE1234F1Z1,Ahmedabad,Central 1,Rahul Mehta,Ortho Distributors,West-1,Knee Prosthesis,Joint Replacement,Prosthesis,B1564-C,L79769,UDI-286583-A,SN849115,Non-Sterile,2026/10/14,16 Jul 2025,12,pcs,6750,"7,425.00",Arthroplasty,Cobalt Chrome,SpinePro,Pune Main,45945,Delivered,DTDC,In Stock,25,8,Yes,"Part payment received; balance pending
Export note retained as multiline remark",Mixed date style,c0d4021f2c428f265fe202ccc12d231b
INV/1047,VCH1047,Sales,2025-10-14,2025-12-13,2025-26,Adjusted,cash,30,11970.0,11970.0,11970.0,24BBBCD2345G1Z2,CGST/SGST,Karnataka,570.0,0.05,INR,Apex Hospital Ltd.,Multi-Specialty Hospital,Dr Meera Iyer,Joint Replacement Surgeon,SURG-002,24FGHIJ5678K1Z2,Mumbai,Central 1,S. Joshi,Ortho Distributors,W1,Cancellous Screw,Orthopedic Implant,Screw,B9185-A,L80278,UDI-329177-B,SN416181,Non-Sterile,01 Apr 2028,2025/09/14,1,Box,12000.00,"₹14,400.00",Fracture Fixation,Stainless Steel,OrthoFlex,Pune Main,45946,Partially Delivered,Professional Couriers,In Stock,25,20,No,"Invoice for orthopedic implants, includes ""plate, screw"" bundle, ref=""INV/1047""",Text numeric field,421beef66b1c072a156b0cecb0f0f15a
INV/1047,VCH1047,Sales Return,2025-10-14,2025-11-28,2025-26,Partially Paid,cash,30,5040.0,5040.0,3780.0,29CCCDD3456H1Z3,CGST/SGST,Karnataka,540.0,10 %,₹,TRAUMA ONE,Trauma Center,DR. MEERA IYER,Joint Replacement Surgeon,SURG-002,24FGHIJ5678K1Z2,Nagpur,West-1,S. Joshi,Trauma Supplies,CENTRAL 1,Spinal Rod,Spinal Implant,Rod,B8247-C,L10792,UDI-646802-B,SN292461,STERILE,04-10-2027,45884,4,PCS,"1,250.00","₹1,500.00",Spine Stabilization,Titanium Alloy,SpinePro,Pune Main,14-10-2025,Delivered,Delhivery,Reserved,25,8,Pending,Credit note adjustment for return batch,Mixed date style,3a6d52b8031af5bac1a07172a281be8e
inv/1048,VCH1048,Purchase,2025-08-31,2025-09-30,2025-26,Paid,Bank Transfer,60,215617.5,215617.5,215617.5,29CCCDD3456H1Z3,GST,Gujarat,10267.5,7.5%,Rs.,Apex Hospital,Multi-Specialty Hospital,Dr P Nair,Spine Surgeon,SURG-004,24FGHIJ5678K1Z2,Thane,South-1,Amit Verma,Ortho Distributors,S-1,Locking Plate,Orthopedic Implant,Plate,B1068-A,L75627,UDI-305222-A,SN298837,Sterile,2028/02/17,02 Jun 2025,12 PCS,Pieces,"₹18,500.00","22,200.00",Open Reduction,Titanium,SpinePro,Ahmedabad WH,01 Sep 2025,Partially Delivered,Delhivery,Low Stock,10,5,Pending,Freight included; round-off applied,Alias master matched,747f41d4ee6dd6e663fcb4d30901ee1e
INV/1048,VCH1048,Payment,2025-08-31,2025-09-30,2025-26,Adjusted,Bank Transfer,45,15531.75,15531.75,15531.75,24BBBCD2345G1Z2,CGST/SGST,Gujarat,2369.25,0.03,₹,city medisurg,Multi-Specialty Hospital,Dr P Nair,Spine Surgeon,SURG-004,27ABCDE1234F1Z1,Surat,West-1,Sneha Joshi,ORTHO DISTRIBUTORS,South-1,Bone Drill Set,Surgical Instrument,Instrument,B6045-C,L63950,UDI-659102-C,SN501382,Sterile,31-08-2026,2025/08/01,2,PCS,6750.00,"₹8,100.00",Surgical Prep,Steel,OSM,Pune WH,31-08-2025,Partially Delivered,TCS,Reorder,25,8,nan,Dispatch against PO; follow-up due on next cycle,Alias master matched,6649a004392760d457dc766ade5f6821
INV/1048,VCH1048,Sales Return,2025-08-31,2025-10-30,2025-26,Pending,Cheque,15,32256.0,32256.0,16128.0,24BBBCD2345G1Z2,IGST,Gujarat,3456.0,0.00,INR,City Medisurg Pvt. Ltd.,Multi-Specialty Hospital,Dr Nisha Patel,Orthopedic Surgeon,SURG-005,24FGHIJ5678K1Z2,Surat,South,Rahul Mehta,Trauma Supplies LLP,Central-1,Locking Plate,Orthopedic Implant,Plate,B1685-A,L37665,UDI-797640-C,SN927543,STERILE,31 Aug 2026,02 Jun 2025,12 PCS,Box,"₹2,400.00","₹2,880.00",Open Reduction,Titanium,OSM,Mumbai WH,2025/08/31,Delivered,Delhivery,Reorder,10,0,No,Dispatch against PO; follow-up due on next cycle,Name variation retained,17b37f8866a56e49cd4cdca6ee3f13e7
INV/1048,VCH1048,Payment,2025-08-31,2025-10-30,2025-26,Pending,UPI,60,141600.0,141600.0,106200.0,24BBBCD2345G1Z2,CGST+SGST,Gujarat,21600.0,0,INR,City Medisurg Pvt. Ltd.,Multi-Specialty Hospital,Dr Rajesh Kulkarni,Trauma Surgeon,SURG-003,24FGHIJ5678K1Z2,Surat,Central,Amit Verma,Ortho Distributors Pvt Ltd,CENTRAL 1,Locking Plate,Orthopedic Implant,Plate,B9520-C,L76143,UDI-304553-C,SN250115,Sterile,17 Feb 2028,2025/05/03,10,PCS,"₹12,000.00",14400,Open Reduction,Titanium,OrthoFlex,Pune Main,45901,In Transit,Delhivery,Reorder,20,30,nan,Approved by store; udi matched,Trailing space preserved,201a588b1a941f5740d23dbf75d25e62
INV/1049,VCH1049,Sales,2024-11-16,2024-12-16,2024-25,Pending,Cash,60,186480.0,186480.0,186480.0,24BBBCD2345G1Z2,GST,Karnataka,19980.0,10%,INR,city medisurg pvt. ltd.,Multi-Specialty Hospital,Dr Rajesh Kulkarni,Trauma Surgeon,SURG-003,27ABCDE1234F1Z1,Surat,South-1,R. Mehta,Ortho Distributors Pvt Ltd,WEST 1,Knee Prosthesis,Joint Replacement,Prosthesis,B1027-B,L18111,UDI-994781-B,SN498663,Sterile,2026/11/06,17 Oct 2024,10,Box,"18,500.00",20350.00,Arthroplasty,Cobalt Chrome,JointMax,Pune Main,18 Nov 2024,Hold,Delhivery,Reorder,25,0,No,Dispatch against PO; follow-up due on next cycle,Unicode NBSP present,46d65c73326b67c45cad3756a10cc6a6
INV/1049,VCH1049,Receipt,2024-11-16,2025-01-15,2024-25,Adjusted,UPI,45,9450.0,9450.0,7087.5,24BBBCD2345G1Z2,CGST+SGST,Karnataka,450.0,0,INR,Trauma One,Trauma Center,DR. MEERA IYER,Joint Replacement Surgeon,SURG-002,24FGHIJ5678K1Z2,Nagpur,South,Rahul Mehta,Ortho Distributors,W1,Bone Drill Set,Surgical Instrument,Instrument,B9978-B,L22755,UDI-396080-C,SN304568,Non-Sterile,16-11-2025,17 Sep 2024,2,pcs,"4,500.00","5,400.00",Surgical Prep,Steel,TraumaFix,Ahmedabad WH,2024/11/18,Delivered,TCS,Reserved,25,3,Yes,Exported from Tally	with master alias	tabbed-remark,Trailing space preserved,5d1c319f076327d6e55866f486996305
INV/1050,VCH1050,Payment,2024-05-05,2024-05-20,2024-25,Adjusted,UPI,15,10478.4,10478.4,7858.8,24BBBCD2345G1Z2,CGST/SGST,Maharashtra,1598.4,7.5,INR,ORTHO CARE CENTRE,Orthopedic Clinic,Dr. P. Nair,Spine Surgeon,SURG-004,29LMNOP9012Q1Z3,Pune,West,Rahul Mehta,Trauma Supplies LLP,West-1,Knee Prosthesis,Joint Replacement,Prosthesis,B8856-B,L22393,UDI-715357-C,SN700446,Sterile,2026/04/25,06 Jan 2024,4,Box,"2,400.00","₹2,760.00",Arthroplasty,Cobalt Chrome,OrthoFlex,Mumbai WH,08 May 2024,Hold,TCS,Low Stock,5,0,No,Approved by store; udi matched,Name variation retained,098ea6adb467ba8863cb5dd32599d738
INV/1050,VCH1050,Payment,2024-05-05,2024-06-04,2024-25,Adjusted,cash,60,10478.4,10478.4,10478.4,24BBBCD2345G1Z2,CGST+SGST,Karnataka,1598.4,0.07,₹,Apex Hospital Ltd.,Multi-Specialty Hospital,dr. nisha patel,Orthopedic Surgeon,SURG-005,27ABCDE1234F1Z1,Mumbai,WEST 1,Rahul Mehta,Ortho Distributors,S-1,Spinal Rod,Spinal Implant,Rod,B1732-A,L14814,UDI-821347-A,SN794804,STERILE,25-04-2026,05-04-2024,4 PCS,pcs,2400.00,"2,760.00",Spine Stabilization,Titanium Alloy,OrthoFlex,Nagpur WH,07-05-2024,Hold,Professional Couriers,Reserved,10,5,No,"Revised invoice after doctor change,
please verify branch mapping",Mixed date style,33e5e5451063e637d2caf57ee92be2be
INV/1051,VCH1051,Sales Return,2025-06-19,2025-08-18,2025-26,Paid,NEFT,30,7965.0,7965.0,3982.5,27AAACT1234F1Z5,GST,Maharashtra,1215.0,0.00,INR,Apex Hospital,Multi-Specialty Hospital,DR NISHA PATEL,Orthopedic Surgeon,SURG-005,27ABCDE1234F1Z1,Mumbai,Central 1,S. Joshi,Ortho Distributors Pvt Ltd,CENTRAL 1,Cancellous Screw,Orthopedic Implant,Screw,B3023-A,L79006,UDI-333020-B,SN210103,STERILE,2026/06/19,2025/03/21,1,Pieces,6750.00,"₹7,762.50",Fracture Fixation,Stainless Steel,JointMax,Pune WH,45827,Delivered,DTDC,In Stock,10,8,Pending,"Invoice for orthopedic implants, includes ""plate, screw"" bundle",Name variation retained,9b904d0a29d240d3b1e9b022a872395d
INV/1051,VCH1051,Purchase,2025-06-19,2025-07-19,2025-26,Paid,NEFT,30,29470.5,29470.5,14735.25,27AAACT1234F1Z5,CGST/SGST,Karnataka,4495.5,7.5%,INR,TRAUMA ONE,Trauma Center,DR P NAIR,Spine Surgeon,SURG-004,27ABCDE1234F1Z1,Nagpur,West,Sneha Joshi,Trauma Supplies,West-1,External Fixator,Trauma Fixation,Fixator,B5683-C,L74598,UDI-160200-A,SN879521,Sterile,46547,20 May 2025,4,PCS,6750,"₹8,100.00",Trauma Stabilization,Aluminium,SpinePro,Pune Main,21 Jun 2025,Delivered,Blue Dart,Low Stock,20,8,nan,Part payment received; balance pending,Name variation retained,54e9da16da695a2a45be44df3ec545b5
INV/1051,VCH1051,Sales Return,2025-06-19,2025-07-04,2025-26,Pending,Cheque,45,20202.0,20202.0,0.0,27AAACT1234F1Z5,CGST+SGST,Maharashtra,2164.5,2.5%,INR,Ortho Care Center,Orthopedic Clinic,dr. r. kulkarni,Trauma Surgeon,SURG-003,24FGHIJ5678K1Z2,Pune,WEST 1,Rahul Mehta,Ortho Distributors Pvt Ltd,W1,Cancellous Screw,Orthopedic Implant,Screw,B8058-B,L35892,UDI-471754-A,SN206260,Non-Sterile,19 Jun 2026,45707,1 PCS,PCS,"18,500.00","₹21,275.00",Fracture Fixation,Stainless Steel,JointMax,Mumbai WH,22 Jun 2025,Partially Delivered,Delhivery,Low Stock,10,8,Pending,"Credit note adjustment for return batch, ref=""INV/1051""",Text numeric field,4d6ff1bc239734340d8592d65152cf30
INV/1051,VCH1051,Sales,2025-06-19,2025-07-19,2025-26,Pending,Cash,60,126000.0,126000.0,126000.0,24BBBCD2345G1Z2,CGST/SGST,Maharashtra,13500.0,10%,₹,City Medisurg Pvt. Ltd.,Multi-Specialty Hospital,DR. R. KULKARNI,Trauma Surgeon,SURG-003,29LMNOP9012Q1Z3,Surat,West-1,Rahul Mehta,Ortho Distributors,W1,Locking Plate,Orthopedic Implant,Plate,B1131-B,L72939,UDI-550536-C,SN873253,Sterile,06-12-2027,19 Feb 2025,5,Pieces,"25,000.00","₹30,000.00",Open Reduction,Titanium,TraumaFix,Mumbai WH-2,45829,Delivered,Delhivery,In Stock,5,8,Yes,Part payment received; balance pending,Name variation retained,64415e72639bb10787447703385edc39
INV/1052,VCH1052,Sales Return,2025-05-23,2025-07-22,2025-26,Paid,UPI,45,71872.5,71872.5,71872.5,27AAACT1234F1Z5,GST,Karnataka,3422.5,7.5 %,INR,CITY MEDISURG PVT. LTD.,Multi-Specialty Hospital,DR MEERA IYER,Joint Replacement Surgeon,SURG-002,27ABCDE1234F1Z1,Surat,South,Rahul Mehta,Trauma Supplies LLP,WEST 1,Cancellous Screw,Orthopedic Implant,Screw,B6269-A,L47397,UDI-154662-C,SN880931,Sterile,2026/05/23,22-02-2025,4 PCS,BOX,18500.00,21275.00,Fracture Fixation,Stainless Steel,TraumaFix,Nagpur WH,23 May 2025,Delivered,Delhivery,In Stock,5,15,No,"Dispatch against PO; follow-up due on next cycle, ref=""INV/1052""",Name variation retained,a4d373242ace7b307dd3db51eeab2286
INV/1052,VCH1052,Purchase,2025-05-23,2025-06-22,2025-26,Paid,NEFT,30,287625.0,287625.0,0.0,24BBBCD2345G1Z2,GST,Maharashtra,43875.0,2.5%,₹,City Medisurg,Multi-Specialty Hospital,DR RAJESH KULKARNI,Trauma Surgeon,SURG-003,27ABCDE1234F1Z1,Surat,South,Sneha Joshi,Trauma Supplies LLP,Central-1,Spinal Rod,Spinal Implant,Rod,B1358-A,L88532,UDI-539357-C,SN628345,Sterile,46340,45740,10,Pieces,"₹25,000.00",28750.00,Spine Stabilization,Titanium Alloy,BoneLock,Pune Main,2025/05/23,In Transit,Delhivery,In Stock,10,5,Pending,"Revised invoice after doctor change,
please verify branch mapping",Trailing space preserved,4fcf880c8f947db47c10c28155aa7c73
INV/1052,VCH1052,Payment,2025-05-23,2025-06-22,2025-26,Paid,UPI,60,15930.0,15930.0,7965.0,27AAACT1234F1Z5,CGST/SGST,Karnataka,2430.0,0%,₹,Apex Hospital,Multi-Specialty Hospital,dr. meera iyer,Joint Replacement Surgeon,SURG-002,27ABCDE1234F1Z1,Mumbai,South-1,Rahul Mehta,ORTHO DISTRIBUTORS,W1,Spinal Rod,Spinal Implant,Rod,B1170-B,L38741,UDI-440404-A,SN756361,Non-Sterile,13 May 2027,45770,2,Pieces,"6,750.00","₹7,425.00",Spine Stabilization,Titanium Alloy,OrthoFlex,Pune Main,45800,In Transit,Blue Dart,Reserved,25,20,Yes,Credit note adjustment for return batch,Mixed date style,52c5246becdb26c971873503a1f05df2
INV/1053,VCH1053,Purchase,2025-12-14,2025-12-29,2025-26,Adjusted,Cash,15,24558.75,24558.75,0.0,24BBBCD2345G1Z2,CGST/SGST,Karnataka,3746.25,7.5,INR,Apex Hospital Ltd.,Multi-Specialty Hospital,Dr. Meera Iyer,Joint Replacement Surgeon,SURG-002,24FGHIJ5678K1Z2,Mumbai,West,Rahul Mehta,ORTHO DISTRIBUTORS,CENTRAL 1,Locking Plate,Orthopedic Implant,Plate,B1221-A,L23938,UDI-380658-A,SN757860,Sterile,14-12-2026,14-11-2025,5,Box,"₹4,500.00",4950.00,Open Reduction,Titanium,BoneLock,Pune Main,46006,Delivered,Delhivery,Low Stock,25,3,No,"Invoice for orthopedic implants, includes ""plate, screw"" bundle",Mixed date style,1ae33f46ddaa6dfca4bc296e98ae8e46
INV/1053,VCH1053,Receipt,2025-12-14,2025-12-29,2025-26,Partially Paid,cash,15,56640.0,56640.0,56640.0,29CCCDD3456H1Z3,CGST+SGST,Gujarat,8640.0,0%,₹,Apex Hospital Ltd.,Multi-Specialty Hospital,DR MEERA IYER,Joint Replacement Surgeon,SURG-002,24FGHIJ5678K1Z2,Mumbai,WEST 1,Sneha Joshi,Trauma Supplies,S-1,Locking Plate,Orthopedic Implant,Plate,B2702-B,L75437,UDI-755106-B,SN465308,STERILE,14-12-2026,14-11-2025,4,Pieces,"12,000.00",14400.00,Open Reduction,Titanium,TraumaFix,Pune WH,46007,In Transit,Delhivery,Low Stock,25,15,Yes,Approved by store; udi matched,Mixed date style,e48f048db3bc4012ae865331b214d902
INV/1053,VCH1053,Sales Return,2025-12-14,2026-02-12,2025-26,Pending,cash,30,21853.12,21853.12,10926.56,27AAACT1234F1Z5,CGST/SGST,Maharashtra,1040.62,0.07,Rs.,Spine & Joint Institute,Orthopedic Clinic,DR. NISHA PATEL,Orthopedic Surgeon,SURG-005,27ABCDE1234F1Z1,Ahmedabad,South-1,S. Joshi,Trauma Supplies,South-1,External Fixator,Trauma Fixation,Fixator,B8543-A,L82286,UDI-989980-A,SN409012,STERILE,07-06-2027,45975,5,BOX,"4,500.00",5400,Trauma Stabilization,Aluminium,OrthoFlex,Pune WH,15-12-2025,Delivered,Delhivery,Reorder,25,20,Yes,Part payment received; balance pending,Trailing space preserved,0acb403b33349d113b4daa698afa3935
INV/1054,VCH1054,Purchase,2025-03-12,2025-04-11,2024-25,Adjusted,Cheque,30,2832.0,2832.0,0.0,27AAACT1234F1Z5,GST,Gujarat,432.0,0.00,₹,City Medisurg Pvt. Ltd.,Multi-Specialty Hospital,Dr. Anil Sharma,Orthopedic Surgeon,SURG-001,24FGHIJ5678K1Z2,Surat,South-1,Rahul Mehta,Ortho Distributors Pvt Ltd,W1,Spinal Rod,Spinal Implant,Rod,B3050-C,L37769,UDI-196402-C,SN495900,Sterile,29-08-2027,10 Feb 2025,1,BOX,2400,2640.00,Spine Stabilization,Titanium Alloy,JointMax,Pune Main,13-03-2025,In Transit,Blue Dart,Low Stock,10,5,Yes,"Part payment received; balance pending
Export note retained as multiline remark",Mixed date style,9618a59a098cc1393d0138e22635449e
INV/1054,VCH1054,Sales Return,2025-03-12,2025-03-27,2024-25,Adjusted,Cheque,60,26250.0,26250.0,19687.5,27AAACT1234F1Z5,IGST,Maharashtra,1250.0,0 %,INR,APEX HOSPITAL LTD.,Multi-Specialty Hospital,Dr Nisha Patel,Orthopedic Surgeon,SURG-005,24FGHIJ5678K1Z2,Mumbai,Central 1,Amit Verma,Trauma Supplies,South-1,External Fixator,Trauma Fixation,Fixator,B2654-C,L29685,UDI-527070-C,SN628040,Sterile,2027/03/02,45698,1,PCS,"25,000.00","30,000.00",Trauma Stabilization,Aluminium,JointMax,Pune Main,14 Mar 2025,Delivered,DTDC,In Stock,5,3,Yes,Credit note adjustment for return batch	tabbed-remark,Name variation retained,f7423efaf1067d3efbec4f3aefe115a7
INV/1054,VCH1054,Receipt,2025-03-12,2025-04-26,2024-25,Paid,UPI,15,9790.2,9790.2,0.0,27AAACT1234F1Z5,CGST/SGST,Maharashtra,1048.95,7.5%,INR,ORTHO CARE CENTER,Orthopedic Clinic,Dr. Nisha Patel,Orthopedic Surgeon,SURG-005,29LMNOP9012Q1Z3,Pune,West-1,A. Verma,Ortho Distributors,Central-1,Locking Plate,Orthopedic Implant,Plate,B8999-A,L57641,UDI-781880-A,SN229988,Sterile,2027/03/02,10 Feb 2025,5 PCS,Pieces,1890.00,2268,Open Reduction,Titanium,SpinePro,Ahmedabad WH,13-03-2025,In Transit,DTDC,Reorder,5,3,Pending,Credit note adjustment for return batch,Text numeric field,bd363388989bff6e48e1a1a2a3ad9b98
INV/1054,VCH1054,Sales,2025-03-12,2025-04-26,2024-25,Paid,Bank Transfer,60,36907.5,36907.5,27680.62,27AAACT1234F1Z5,CGST/SGST,Gujarat,1757.5,5 %,₹,apex hospital ltd.,Multi-Specialty Hospital,Dr. P. Nair,Spine Surgeon,SURG-004,27ABCDE1234F1Z1,Mumbai,West-1,Sneha Joshi,Ortho Distributors Pvt Ltd,South-1,Knee Prosthesis,Joint Replacement,Prosthesis,B7230-A,L57381,UDI-132844-C,SN911813,STERILE,46628,11-01-2025,2 PCS,BOX,18500.00,21275,Arthroplasty,Cobalt Chrome,SpinePro,Pune WH,45731,Delivered,Delhivery,Reorder,20,20,nan,"Revised invoice after doctor change,
please verify branch mapping",Text numeric field,deaeddbbf655437f40f71f036b5cfd83
INV/1055,VCH1055,Purchase,2025-11-06,2025-12-21,2025-26,Partially Paid,Bank Transfer,45,4014.36,4014.36,3010.77,29CCCDD3456H1Z3,GST,Maharashtra,612.36,10 %,Rs.,Apex Hospital,Multi-Specialty Hospital,dr. nisha patel,Orthopedic Surgeon,SURG-005,24FGHIJ5678K1Z2,Mumbai,Central 1,A. Verma,Trauma Supplies LLP,Central-1,External Fixator,Trauma Fixation,Fixator,B8361-C,L85809,UDI-972950-A,SN765104,Non-Sterile,30-04-2027,07 Oct 2025,2,PCS,"₹1,890.00",2173.5,Trauma Stabilization,Aluminium,OSM,Ahmedabad WH,08-11-2025,Hold,DTDC,In Stock,10,15,Pending,Freight included; round-off applied,Name variation retained,87e91aec284ac0791b9cd2fd0a05c987
INV/1055,VCH1055,Payment,2025-11-06,2025-11-21,2025-26,Pending,Cheque,45,248862.0,248862.0,248862.0,27AAACT1234F1Z5,CGST+SGST,Maharashtra,37962.0,5 %,Rs.,Trauma One Pvt Ltd,Trauma Center,dr. p. nair,Spine Surgeon,SURG-004,27ABCDE1234F1Z1,Nagpur,South,Rahul Mehta,Ortho Distributors,Central-1,Spinal Rod,Spinal Implant,Rod,B5749-B,L37770,UDI-709467-A,SN800144,Non-Sterile,06 Nov 2026,07-10-2025,12,pcs,18500.00,22200.00,Spine Stabilization,Titanium Alloy,SpinePro,Mumbai WH-2,45967,Delivered,Professional Couriers,In Stock,25,3,nan,"Invoice for orthopedic implants, includes ""plate, screw"" bundle",Unicode NBSP present,c9287ad9e42708a89a4d4ebc9a054007
inv/1055,VCH1055,Sales Return,2025-11-06,2025-12-06,2025-26,Partially Paid,Bank Transfer,30,174640.0,174640.0,0.0,29CCCDD3456H1Z3,IGST,Maharashtra,26640.0,0 %,INR,SPINE AND JOINT INSTITUTE,Orthopedic Clinic,dr. p. nair,Spine Surgeon,SURG-004,27ABCDE1234F1Z1,Ahmedabad,Central,Rahul Mehta,ORTHO DISTRIBUTORS,CENTRAL 1,Cancellous Screw,Orthopedic Implant,Screw,B3605-B,L36707,UDI-983981-C,SN372871,Sterile,24-04-2028,45907,8,PCS,18500,"20,350.00",Fracture Fixation,Stainless Steel,OSM,Pune WH,09 Nov 2025,Delivered,Professional Couriers,Reserved,10,5,Pending,"Invoice for orthopedic implants, includes ""plate, screw"" bundle",Text numeric field,8767683ea81f2350afc1f47c10e35fff
inv/1055,VCH1055,Sales,2025-11-06,2025-11-21,2025-26,Adjusted,RTGS,30,24937.5,24937.5,12468.75,24BBBCD2345G1Z2,CGST/SGST,Maharashtra,1187.5,5%,Rs.,Ortho Care Center,Orthopedic Clinic,DR. MEERA IYER,Joint Replacement Surgeon,SURG-002,24FGHIJ5678K1Z2,Pune,Central,Rahul Mehta,Ortho Distributors Pvt Ltd,South-1,Locking Plate,Orthopedic Implant,Plate,B1515-A,L54932,UDI-413267-A,SN287356,Non-Sterile,46867,2025/10/07,1,Pieces,25000,27500.00,Open Reduction,Titanium,SpinePro,Ahmedabad WH,09-11-2025,In Transit,DTDC,Low Stock,10,20,No,"Revised invoice after doctor change,
please verify branch mapping",Text numeric field,a68084ac1b324214e0c066ec179b79e0
INV/1056,VCH1056,Sales Return,2025-01-13,2025-03-14,2024-25,Pending,Cheque,15,11044.8,11044.8,11044.8,27AAACT1234F1Z5,CGST+SGST,Gujarat,1684.8,2.5 %,Rs.,Apex Hospital Ltd.,Multi-Specialty Hospital,Dr Nisha Patel,Orthopedic Surgeon,SURG-005,27ABCDE1234F1Z1,Mumbai,West-1,S. Joshi,Ortho Distributors Pvt Ltd,S-1,External Fixator,Trauma Fixation,Fixator,B7714-B,L89152,UDI-135399-C,SN365356,Sterile,03-01-2027,45550,4,Box,"₹2,400.00","2,760.00",Trauma Stabilization,Aluminium,TraumaFix,Nagpur WH,45673,Delivered,DTDC,In Stock,25,20,No,Credit note adjustment for return batch,Trailing space preserved,b3e91a1ebb5d470d2e47f4e3eb700c50
INV/1056,VCH1056,Sales,2025-01-13,2025-01-28,2024-25,Adjusted,cash,15,10080.0,10080.0,5040.0,29CCCDD3456H1Z3,GST,Gujarat,1080.0,0.00,INR,trauma one pvt ltd,Trauma Center,dr rajesh kulkarni,Trauma Surgeon,SURG-003,27ABCDE1234F1Z1,Nagpur,South,S. Joshi,Ortho Distributors,WEST 1,Spinal Rod,Spinal Implant,Rod,B3147-B,L14850,UDI-104872-B,SN398179,Non-Sterile,46035,45550,2,Box,4500,4950.00,Spine Stabilization,Titanium Alloy,JointMax,Mumbai WH-2,2025/01/15,Partially Delivered,Delhivery,In Stock,10,0,nan,"Invoice for orthopedic implants, includes ""plate, screw"" bundle",Mixed date style,3adcabefb0ca02f861875b6c06edee56
INV/1056,VCH1056,Sales Return,2025-01-13,2025-01-28,2024-25,Adjusted,UPI,15,1246.88,1246.88,623.44,27AAACT1234F1Z5,IGST,Maharashtra,59.38,5%,Rs.,Ortho Care Centre,Orthopedic Clinic,Dr Rajesh Kulkarni,Trauma Surgeon,SURG-003,27ABCDE1234F1Z1,Pune,South-1,A. Verma,Trauma Supplies,South-1,External Fixator,Trauma Fixation,Fixator,B8320-C,L26039,UDI-991450-B,SN767841,Sterile,2027/01/03,14 Dec 2024,1,Box,"₹1,250.00","1,500.00",Trauma Stabilization,Aluminium,JointMax,Mumbai WH,15 Jan 2025,Partially Delivered,Blue Dart,Low Stock,25,20,nan,Credit note adjustment for return batch,Trailing space preserved,48395682a83df4a1aefb3706f553f689
INV/1056,VCH1056,Sales Return,2025-01-13,2025-02-12,2024-25,Adjusted,cash,60,9576.0,9576.0,7182.0,24BBBCD2345G1Z2,GST,Karnataka,1026.0,5,INR,Apex Hospital,Multi-Specialty Hospital,Dr. Nisha Patel,Orthopedic Surgeon,SURG-005,24FGHIJ5678K1Z2,Thane,South-1,R. Mehta,ORTHO DISTRIBUTORS,Central-1,Locking Plate,Orthopedic Implant,Plate,B4064-B,L13746,UDI-352248-A,SN583232,Non-Sterile,46035,2024/11/14,2 PCS,BOX,4500,5400.00,Open Reduction,Titanium,BoneLock,Mumbai WH,2025/01/16,In Transit,Blue Dart,In Stock,5,3,No,Freight included; round-off applied,Trailing space preserved,faded09225401c74d80b5df863353ae0
INV/1057,VCH1057,Sales,2024-07-27,2024-08-26,2024-25,Partially Paid,RTGS,30,3572.1,3572.1,2679.07,24BBBCD2345G1Z2,GST,Gujarat,170.1,10,Rs.,Apex Hospital,Multi-Specialty Hospital,DR NISHA PATEL,Orthopedic Surgeon,SURG-005,27ABCDE1234F1Z1,Mumbai,West-1,R. Mehta,Trauma Supplies,WEST 1,Spinal Rod,Spinal Implant,Rod,B4032-C,L91542,UDI-869531-A,SN198820,Non-Sterile,2027/01/13,29-03-2024,2,BOX,"1,890.00",2173.50,Spine Stabilization,Titanium Alloy,BoneLock,Pune WH,30-07-2024,Partially Delivered,DTDC,Reserved,10,30,Yes,"Invoice for orthopedic implants, includes ""plate, screw"" bundle",Alias master matched,1068fef88c9df4fd47bf1dc2923a952a
inv/1057,VCH1057,Sales Return,2024-07-27,2024-09-10,2024-25,Adjusted,Cash,45,49728.0,49728.0,37296.0,29CCCDD3456H1Z3,GST,Maharashtra,5328.0,7.5%,Rs.,Apex Hospital,Multi-Specialty Hospital,dr a. sharma,Orthopedic Surgeon,SURG-001,24FGHIJ5678K1Z2,Thane,Central,Rahul Mehta,Ortho Distributors,W1,Locking Plate,Orthopedic Implant,Plate,B1339-A,L63781,UDI-383049-C,SN644534,Sterile,46220,29 Mar 2024,4 PCS,pcs,"₹12,000.00","₹13,800.00",Open Reduction,Titanium,BoneLock,Mumbai WH-2,2024/07/29,Hold,Delhivery,In Stock,5,0,No,Exported from Tally	with master alias,Trailing space preserved,7ee4097e571cf38ff8641d2d73428b4c
INV/1058,VCH1058,Sales,2025-08-24,2025-09-08,2025-26,Partially Paid,UPI,60,10214.4,10214.4,0.0,24BBBCD2345G1Z2,CGST/SGST,Maharashtra,1094.4,0.05,Rs.,Spine & Joint Institute,Orthopedic Clinic,Dr. Meera Iyer,Joint Replacement Surgeon,SURG-002,27ABCDE1234F1Z1,Ahmedabad,South,Sneha Joshi,Ortho Distributors Pvt Ltd,W1,External Fixator,Trauma Fixation,Fixator,B5641-C,L97205,UDI-363647-A,SN467230,Sterile,10-02-2028,25-07-2025,4 PCS,Box,2400,"₹2,880.00",Trauma Stabilization,Aluminium,OrthoFlex,Mumbai WH,2025/08/26,Partially Delivered,TCS,In Stock,20,15,No,Part payment received; balance pending,Trailing space preserved,1611eb7fcad7ac76705ea0d17dd1241b
INV/1058,VCH1058,Sales Return,2025-08-24,2025-10-23,2025-26,Adjusted,Bank Transfer,15,35936.25,35936.25,35936.25,24BBBCD2345G1Z2,CGST+SGST,Gujarat,1711.25,7.5 %,₹,City Medisurg Pvt. Ltd.,Multi-Specialty Hospital,Dr P Nair,Spine Surgeon,SURG-004,27ABCDE1234F1Z1,Surat,South,Amit Verma,Trauma Supplies LLP,West-1,External Fixator,Trauma Fixation,Fixator,B4975-C,L77135,UDI-745092-B,SN924843,Sterile,10-02-2028,26 May 2025,2,Pieces,18500,22200,Trauma Stabilization,Aluminium,OrthoFlex,Mumbai WH-2,45895,In Transit,Delhivery,In Stock,20,20,No,"Invoice for orthopedic implants, includes ""plate, screw"" bundle",Text numeric field,4031d85818e71e59a9c50b3158f16607
INV/1058,VCH1058,Sales,2025-08-24,2025-09-23,2025-26,Pending,Bank Transfer,60,47250.0,47250.0,35437.5,27AAACT1234F1Z5,CGST/SGST,Karnataka,2250.0,0,INR,Apex Hospital,Multi-Specialty Hospital,dr p nair,Spine Surgeon,SURG-004,27ABCDE1234F1Z1,Mumbai,South-1,Sneha Joshi,Trauma Supplies,South-1,External Fixator,Trauma Fixation,Fixator,B4849-C,L44114,UDI-607216-A,SN960116,STERILE,15-02-2027,25 Jul 2025,10,Box,"4,500.00",5175.00,Trauma Stabilization,Aluminium,BoneLock,Ahmedabad WH,45893,Delivered,Delhivery,Reorder,5,5,Pending,"Part payment received; balance pending, ref=""INV/1058""",Alias master matched,bbd5909c3aa901e51a854bbeff019a9c
INV/1059,VCH1059,Payment,2024-08-21,2024-10-05,2024-25,Partially Paid,UPI,60,25488.0,25488.0,19116.0,27AAACT1234F1Z5,GST,Gujarat,3888.0,0.10,Rs.,Spine & Joint Institute,Orthopedic Clinic,DR. R. KULKARNI,Trauma Surgeon,SURG-003,27ABCDE1234F1Z1,Ahmedabad,Central,A. Verma,Trauma Supplies,CENTRAL 1,Locking Plate,Orthopedic Implant,Plate,B7168-B,L89408,UDI-980096-C,SN607243,Sterile,2026/02/12,2024/07/22,2,pcs,"₹12,000.00",14400,Open Reduction,Titanium,JointMax,Pune WH,24-08-2024,Partially Delivered,DTDC,In Stock,10,5,No,"Dispatch against PO; follow-up due on next cycle, ref=""INV/1059""	tabbed-remark",Unicode NBSP present,611dbce05065cd0b4b72c8fb90cb8d63
INV/1059,VCH1059,Payment,2024-08-21,2024-10-20,2024-25,Partially Paid,Bank Transfer,15,9828.0,9828.0,9828.0,24BBBCD2345G1Z2,IGST,Maharashtra,1053.0,2.5,Rs.,APEX HOSPITAL LTD.,Multi-Specialty Hospital,Dr P Nair,Spine Surgeon,SURG-004,24FGHIJ5678K1Z2,Mumbai,South-1,Rahul Mehta,Trauma Supplies LLP,West-1,Knee Prosthesis,Joint Replacement,Prosthesis,B6891-B,L84487,UDI-949355-A,SN105490,Sterile,12-02-2026,22 Jun 2024,2 PCS,Box,"₹4,500.00","₹5,400.00",Arthroplasty,Cobalt Chrome,OSM,Pune Main,23-08-2024,Delivered,Delhivery,Low Stock,10,5,No,"Exported from Tally	with master alias, ref=""INV/1059""",Mixed date style,f783ab39ff14cc2abea67d4f284a3dc9
INV/1059,VCH1059,Sales,2024-08-21,2024-09-05,2024-25,Paid,Bank Transfer,60,14735.25,14735.25,14735.25,27AAACT1234F1Z5,GST,Maharashtra,2247.75,7.5 %,INR,apex hospital ltd.,Multi-Specialty Hospital,DR. NISHA PATEL,Orthopedic Surgeon,SURG-005,27ABCDE1234F1Z1,Mumbai,WEST 1,A. Verma,ORTHO DISTRIBUTORS,CENTRAL 1,External Fixator,Trauma Fixation,Fixator,B4860-B,L19556,UDI-894133-C,SN165356,Non-Sterile,21 Aug 2025,45435,2,Box,6750,"7,762.50",Trauma Stabilization,Aluminium,JointMax,Mumbai WH,2024/08/24,Delivered,Blue Dart,Reserved,25,20,Yes,Freight included; round-off applied,Alias master matched,8f42cdb49ead69b63bb9bba52a830925
INV/1059,VCH1059,Sales,2024-08-21,2024-10-05,2024-25,Partially Paid,cash,45,29500.0,29500.0,0.0,27AAACT1234F1Z5,CGST/SGST,Gujarat,4500.0,0,Rs.,TRAUMA ONE PVT LTD,Trauma Center,Dr. Nisha Patel,Orthopedic Surgeon,SURG-005,27ABCDE1234F1Z1,Nagpur,West,Amit Verma,Ortho Distributors Pvt Ltd,WEST 1,Cancellous Screw,Orthopedic Implant,Screw,B5094-A,L20041,UDI-940713-A,SN854793,Sterile,46425,2024/05/23,1,PCS,25000.00,30000,Fracture Fixation,Stainless Steel,OrthoFlex,Ahmedabad WH,22-08-2024,Hold,Delhivery,Reserved,5,5,No,Exported from Tally	with master alias,Trailing space preserved,dc3e8d14e4759f28a4f51b95eaa3c897
inv/1060,VCH1060,Sales,2025-05-26,2025-06-25,2025-26,Partially Paid,RTGS,15,10089.0,10089.0,0.0,24BBBCD2345G1Z2,CGST+SGST,Karnataka,1539.0,5 %,INR,Ortho Care Center,Orthopedic Clinic,Dr A. Sharma,Orthopedic Surgeon,SURG-001,24FGHIJ5678K1Z2,Pune,Central 1,Rahul Mehta,Ortho Distributors,South-1,Cancellous Screw,Orthopedic Implant,Screw,B5921-A,L17827,UDI-391469-C,SN502838,Sterile,17 Nov 2026,45713,2,Pieces,"₹4,500.00",5400,Fracture Fixation,Stainless Steel,JointMax,Mumbai WH,26 May 2025,In Transit,Delhivery,In Stock,25,20,Yes,Exported from Tally	with master alias,Unicode NBSP present,da8893f138796a3598f90da027e52ab6
INV/1060,VCH1060,Payment,2025-05-26,2025-07-10,2025-26,Partially Paid,cash,45,98235.0,98235.0,0.0,27AAACT1234F1Z5,CGST/SGST,Maharashtra,14985.0,10,INR,city medisurg pvt. ltd.,Multi-Specialty Hospital,DR. R. KULKARNI,Trauma Surgeon,SURG-003,29LMNOP9012Q1Z3,Surat,Central 1,R. Mehta,Trauma Supplies LLP,Central-1,External Fixator,Trauma Fixation,Fixator,B1632-C,L45949,UDI-453928-C,SN513769,Non-Sterile,2027/11/12,45683,5 PCS,Pieces,18500.00,"₹20,350.00",Trauma Stabilization,Aluminium,TraumaFix,Nagpur WH,45804,Delivered,Delhivery,Reserved,10,20,Yes,Exported from Tally	with master alias,Mixed date style,f782283a4b8a8c44743bd010f3b9c338
INV/1060,VCH1060,Sales,2025-05-26,2025-06-10,2025-26,Partially Paid,Cash,60,12796.88,12796.88,12796.88,24BBBCD2345G1Z2,GST,Maharashtra,609.38,2.5 %,Rs.,Apex Hospital,Multi-Specialty Hospital,DR. MEERA IYER,Joint Replacement Surgeon,SURG-002,24FGHIJ5678K1Z2,Thane,West,S. Joshi,Ortho Distributors,Central-1,External Fixator,Trauma Fixation,Fixator,B9305-B,L24835,UDI-466718-A,SN181242,Non-Sterile,2027/05/16,2025/01/26,10,Box,1250,"₹1,437.50",Trauma Stabilization,Aluminium,OSM,Nagpur WH,27-05-2025,Delivered,Professional Couriers,Reserved,25,30,No,Dispatch against PO; follow-up due on next cycle,Unicode NBSP present,c00e21ca75b24dc44411d59e19ecca7d
INV/1060,VCH1060,Receipt,2025-05-26,2025-06-10,2025-26,Pending,Cheque,30,26196.0,26196.0,0.0,29CCCDD3456H1Z3,CGST+SGST,Karnataka,3996.0,7.5%,₹,city medisurg,Multi-Specialty Hospital,DR. ANIL SHARMA,Orthopedic Surgeon,SURG-001,24FGHIJ5678K1Z2,Surat,South-1,R. Mehta,Ortho Distributors,S-1,Bone Drill Set,Surgical Instrument,Instrument,B4982-B,L40263,UDI-407301-A,SN444650,Non-Sterile,26 May 2026,26 Jan 2025,10 PCS,BOX,2400,"2,760.00",Surgical Prep,Steel,TraumaFix,Ahmedabad WH,27-05-2025,Partially Delivered,DTDC,Low Stock,25,0,nan,Dispatch against PO; follow-up due on next cycle,Text numeric field,31d96fc7c8929274a318ac91734ebbf5
INV/1061,VCH1061,Sales,2024-09-18,2024-11-17,2024-25,Adjusted,Bank Transfer,60,262500.0,262500.0,262500.0,24BBBCD2345G1Z2,GST,Maharashtra,12500.0,0.00,INR,Trauma One Pvt Ltd,Trauma Center,Dr. R. Kulkarni,Trauma Surgeon,SURG-003,27ABCDE1234F1Z1,Nagpur,South,R. Mehta,Trauma Supplies,Central-1,External Fixator,Trauma Fixation,Fixator,B2765-C,L15929,UDI-964776-B,SN720209,Sterile,18 Sep 2025,20 Jul 2024,10,PCS,25000.00,30000.00,Trauma Stabilization,Aluminium,BoneLock,Mumbai WH-2,18 Sep 2024,Partially Delivered,Blue Dart,In Stock,20,8,Yes,"Exported from Tally	with master alias, ref=""INV/1061""",Trailing space preserved,47ac4108089332b974a2a71b7fbb2dc2
INV/1061,VCH1061,Sales,2024-09-18,2024-11-02,2024-25,Pending,UPI,45,4911.75,4911.75,2455.88,27AAACT1234F1Z5,GST,Gujarat,749.25,0.07,₹,Trauma One,Trauma Center,Dr. Meera Iyer,Joint Replacement Surgeon,SURG-002,24FGHIJ5678K1Z2,Nagpur,South,R. Mehta,Ortho Distributors,WEST 1,Cancellous Screw,Orthopedic Implant,Screw,B3310-A,L37111,UDI-342928-C,SN392163,Sterile,08-09-2026,45463,1,Box,"₹4,500.00","5,400.00",Fracture Fixation,Stainless Steel,JointMax,Pune WH,45553,Partially Delivered,DTDC,Reserved,20,3,No,Part payment received; balance pending,Mixed date style,7c48b82ce3bee0d1cad75f199b9a7e8e
INV/1062,VCH1062,Payment,2025-09-02,2025-09-17,2025-26,Pending,cash,45,18852.75,18852.75,18852.75,29CCCDD3456H1Z3,IGST,Gujarat,897.75,5%,₹,ortho care center,Orthopedic Clinic,DR P NAIR,Spine Surgeon,SURG-004,27ABCDE1234F1Z1,Pune,South,Amit Verma,Trauma Supplies,CENTRAL 1,Bone Drill Set,Surgical Instrument,Instrument,B4065-C,L75106,UDI-258789-B,SN953403,Sterile,46267,04-07-2025,10,Pieces,1890,"₹2,268.00",Surgical Prep,Steel,OrthoFlex,Pune WH,45904,Delivered,Delhivery,Reorder,20,8,Pending,Approved by store; udi matched,Text numeric field,17e3afc334a3d8eb03af6b7f1b827d93
INV/1062,VCH1062,Payment,2025-09-02,2025-10-17,2025-26,Partially Paid,NEFT,60,194250.0,194250.0,97125.0,24BBBCD2345G1Z2,CGST+SGST,Karnataka,9250.0,0 %,Rs.,spine & joint institute,Orthopedic Clinic,DR RAJESH KULKARNI,Trauma Surgeon,SURG-003,27ABCDE1234F1Z1,Ahmedabad,Central 1,S. Joshi,Ortho Distributors Pvt Ltd,CENTRAL 1,Cancellous Screw,Orthopedic Implant,Screw,B4524-B,L17969,UDI-405062-B,SN632139,Sterile,19 Feb 2028,04 Jun 2025,10,Box,"₹18,500.00",21275,Fracture Fixation,Stainless Steel,TraumaFix,Ahmedabad WH,2025/09/02,In Transit,Professional Couriers,Low Stock,5,20,No,"Part payment received; balance pending
Export note retained as multiline remark",Text numeric field,61c9429d0f06c1cf070050075f840cd0
INV/1062,VCH1062,Sales Return,2025-09-02,2025-10-02,2025-26,Adjusted,cash,15,20709.0,20709.0,20709.0,24BBBCD2345G1Z2,IGST,Maharashtra,3159.0,2.5%,INR,apex hospital,Multi-Specialty Hospital,Dr. Nisha Patel,Orthopedic Surgeon,SURG-005,24FGHIJ5678K1Z2,Mumbai,West,Amit Verma,Ortho Distributors,CENTRAL 1,Cancellous Screw,Orthopedic Implant,Screw,B3571-B,L49513,UDI-929783-B,SN144339,Sterile,46622,2025/07/04,4,PCS,"₹4,500.00",4950,Fracture Fixation,Stainless Steel,OrthoFlex,Mumbai WH,45904,Delivered,Professional Couriers,Reserved,25,0,Pending,"Revised invoice after doctor change,
please verify branch mapping",Unicode NBSP present,15ab9406bc15558f8aff564c40f0e464
INV/1063,VCH1063,Sales,2024-11-14,2025-01-13,2024-25,Pending,Bank Transfer,15,17482.5,17482.5,8741.25,24BBBCD2345G1Z2,IGST,Gujarat,832.5,7.5%,INR,Spine And Joint Institute,Orthopedic Clinic,dr. r. kulkarni,Trauma Surgeon,SURG-003,24FGHIJ5678K1Z2,Ahmedabad,WEST 1,A. Verma,Trauma Supplies LLP,South-1,Knee Prosthesis,Joint Replacement,Prosthesis,B2562-C,L32184,UDI-949011-C,SN187697,Sterile,03 May 2027,15-10-2024,4,pcs,"₹4,500.00",5400.00,Arthroplasty,Cobalt Chrome,SpinePro,Mumbai WH-2,45612,Partially Delivered,Delhivery,Reorder,5,8,No,Approved by store; udi matched,Mixed date style,049802a26294c15e44a167a26ec91fb3
INV/1063,VCH1063,Sales,2024-11-14,2024-11-29,2024-25,Pending,Bank Transfer,60,17257.5,17257.5,0.0,27AAACT1234F1Z5,CGST+SGST,Maharashtra,2632.5,2.5%,₹,Apex Hospital Ltd.,Multi-Specialty Hospital,DR. P. NAIR,Spine Surgeon,SURG-004,27ABCDE1234F1Z1,Mumbai,Central,R. Mehta,ORTHO DISTRIBUTORS,CENTRAL 1,Cancellous Screw,Orthopedic Implant,Screw,B2926-B,L48564,UDI-518807-A,SN411166,Sterile,03-05-2027,15-09-2024,12 PCS,Pieces,"1,250.00","1,500.00",Fracture Fixation,Stainless Steel,JointMax,Mumbai WH-2,2024/11/15,Delivered,TCS,Reserved,20,20,Pending,Credit note adjustment for return batch,Alias master matched,b50702b54ee089b02f359bf6bb9c2ace
INV/1063,VCH1063,Sales Return,2024-11-14,2025-01-13,2024-25,Partially Paid,Cash,15,13650.0,13650.0,10237.5,29CCCDD3456H1Z3,IGST,Maharashtra,1462.5,2.5,Rs.,SPINE AND JOINT INSTITUTE,Orthopedic Clinic,dr meera iyer,Joint Replacement Surgeon,SURG-002,24FGHIJ5678K1Z2,Ahmedabad,Central,R. Mehta,Trauma Supplies LLP,WEST 1,Spinal Rod,Spinal Implant,Rod,B7274-B,L85452,UDI-232858-C,SN715846,Sterile,03-05-2027,16-08-2024,10,Box,"1,250.00",1375.00,Spine Stabilization,Titanium Alloy,JointMax,Nagpur WH,16 Nov 2024,Partially Delivered,Blue Dart,Reserved,5,15,No,Dispatch against PO; follow-up due on next cycle,Unicode NBSP present,87ffedebfffb07156d679e4eda5504b0
INV/1063,VCH1063,Receipt,2024-11-14,2025-01-13,2024-25,Adjusted,RTGS,60,88452.0,88452.0,44226.0,24BBBCD2345G1Z2,GST,Maharashtra,9477.0,0.03,INR,Ortho Care Centre,Orthopedic Clinic,Dr. Meera Iyer,Joint Replacement Surgeon,SURG-002,27ABCDE1234F1Z1,Pune,West,A. Verma,Ortho Distributors,CENTRAL 1,Bone Drill Set,Surgical Instrument,Instrument,B7266-B,L33462,UDI-746944-C,SN300261,Sterile,45975,16-08-2024,12 PCS,PCS,6750.00,7425.00,Surgical Prep,Steel,OrthoFlex,Nagpur WH,2024/11/17,Partially Delivered,TCS,In Stock,20,0,No,Approved by store; udi matched,Text numeric field,0f3a92b8322fc5c2008751fb8afc351b
INV/1064,VCH1064,Sales,2025-12-19,2026-01-03,2025-26,Pending,UPI,45,10584.0,10584.0,10584.0,27AAACT1234F1Z5,GST,Karnataka,1134.0,0,INR,apex hospital,Multi-Specialty Hospital,Dr. Meera Iyer,Joint Replacement Surgeon,SURG-002,24FGHIJ5678K1Z2,Thane,West-1,Rahul Mehta,Ortho Distributors,S-1,Locking Plate,Orthopedic Implant,Plate,B2007-A,L35289,UDI-536604-C,SN802169,Non-Sterile,09 Dec 2027,19-11-2025,5,Box,1890.00,2268.00,Open Reduction,Titanium,OrthoFlex,Pune Main,46012,Hold,DTDC,In Stock,20,8,Pending,Part payment received; balance pending,Alias master matched,12ea41817102b2930dacfcaa3e64c8da
INV/1064,VCH1064,Sales,2025-12-19,2026-02-17,2025-26,Paid,Bank Transfer,30,58968.0,58968.0,44226.0,27AAACT1234F1Z5,IGST,Karnataka,6318.0,2.5 %,INR,apex hospital ltd.,Multi-Specialty Hospital,Dr Meera Iyer,Joint Replacement Surgeon,SURG-002,27ABCDE1234F1Z1,Mumbai,West-1,Rahul Mehta,Trauma Supplies,W1,Spinal Rod,Spinal Implant,Rod,B6818-C,L57659,UDI-377395-A,SN613682,Sterile,09 Dec 2027,45950,12,Pieces,"4,500.00","4,950.00",Spine Stabilization,Titanium Alloy,BoneLock,Pune WH,21-12-2025,Partially Delivered,Blue Dart,Reorder,5,3,Pending,Exported from Tally	with master alias,Alias master matched,9ceca57f34db33487ca9a88f135b8a64
INV/1064,VCH1064,Purchase,2025-12-19,2026-01-18,2025-26,Adjusted,Cheque,15,8255.52,8255.52,6191.64,27AAACT1234F1Z5,CGST+SGST,Karnataka,884.52,2.5,₹,Trauma One Pvt Ltd,Trauma Center,DR P NAIR,Spine Surgeon,SURG-004,24FGHIJ5678K1Z2,Nagpur,South,Rahul Mehta,Trauma Supplies,South-1,Spinal Rod,Spinal Implant,Rod,B5918-A,L40710,UDI-605998-C,SN520639,Non-Sterile,19 Dec 2026,2025/10/20,4,Box,1890,2268.00,Spine Stabilization,Titanium Alloy,OSM,Pune WH,22 Dec 2025,Partially Delivered,DTDC,Reserved,25,0,Yes,"Invoice for orthopedic implants, includes ""plate, screw"" bundle",Mixed date style,7bae5d82d60e86c4257eb11d3db9d88a
INV/1065,VCH1065,Payment,2024-12-07,2025-02-05,2024-25,Adjusted,NEFT,60,27300.0,27300.0,13650.0,27AAACT1234F1Z5,CGST+SGST,Karnataka,2925.0,2.5%,INR,CITY MEDISURG PVT. LTD.,Multi-Specialty Hospital,Dr. Nisha Patel,Orthopedic Surgeon,SURG-005,24FGHIJ5678K1Z2,Surat,West-1,Amit Verma,ORTHO DISTRIBUTORS,CENTRAL 1,Spinal Rod,Spinal Implant,Rod,B7956-C,L61622,UDI-519308-B,SN396951,Non-Sterile,26-05-2027,45573,1,Box,"25,000.00","27,500.00",Spine Stabilization,Titanium Alloy,OSM,Mumbai WH,10 Dec 2024,Delivered,TCS,Reorder,10,8,No,Freight included; round-off applied,Text numeric field,68390de0cf90f2564d2015afccd24bde
INV/1065,VCH1065,Sales Return,2024-12-07,2024-12-22,2024-25,Partially Paid,Cheque,15,10593.45,10593.45,10593.45,29CCCDD3456H1Z3,CGST+SGST,Karnataka,1615.95,0.05,₹,city medisurg pvt. ltd.,Multi-Specialty Hospital,Dr. Nisha Patel,Orthopedic Surgeon,SURG-005,24FGHIJ5678K1Z2,Surat,South,Rahul Mehta,Trauma Supplies LLP,West-1,Locking Plate,Orthopedic Implant,Plate,B2899-C,L69017,UDI-417670-B,SN371213,Sterile,46173,2024/11/07,5,Box,"₹1,890.00","₹2,079.00",Open Reduction,Titanium,TraumaFix,Ahmedabad WH,2024/12/10,In Transit,Delhivery,In Stock,20,8,No,Exported from Tally	with master alias,Alias master matched,4befa0b31a3a5627a7d8d43cf9471ddf
INV/1065,VCH1065,Sales,2024-12-07,2024-12-22,2024-25,Pending,cash,15,4725.0,4725.0,2362.5,24BBBCD2345G1Z2,IGST,Karnataka,225.0,10 %,INR,apex hospital,Multi-Specialty Hospital,DR P NAIR,Spine Surgeon,SURG-004,24FGHIJ5678K1Z2,Mumbai,South,S. Joshi,Trauma Supplies LLP,South-1,Spinal Rod,Spinal Implant,Rod,B9577-C,L70085,UDI-965674-C,SN960341,Sterile,31-05-2026,45573,4,PCS,1250,"1,375.00",Spine Stabilization,Titanium Alloy,OSM,Nagpur WH,2024/12/10,In Transit,DTDC,Reserved,10,5,No,"Credit note adjustment for return batch
Export note retained as multiline remark",Name variation retained,79fdda11ab4f4beccbe5fc87c1138d94
INV/1066,VCH1066,Sales Return,2025-08-27,2025-09-26,2025-26,Paid,Bank Transfer,45,67331.25,67331.25,0.0,29CCCDD3456H1Z3,GST,Maharashtra,3206.25,0.05,₹,city medisurg,Multi-Specialty Hospital,Dr. P. Nair,Spine Surgeon,SURG-004,29LMNOP9012Q1Z3,Surat,West-1,Rahul Mehta,ORTHO DISTRIBUTORS,WEST 1,Cancellous Screw,Orthopedic Implant,Screw,B8547-C,L65150,UDI-741084-B,SN863535,Sterile,2027/02/18,45776,10 PCS,Box,6750.00,"8,100.00",Fracture Fixation,Stainless Steel,TraumaFix,Mumbai WH,27 Aug 2025,Partially Delivered,Delhivery,Low Stock,25,8,No,Exported from Tally	with master alias,Text numeric field,cfea272ef3e3e49d4f43e2bfce161265
INV/1066,VCH1066,Purchase,2025-08-27,2025-09-26,2025-26,Partially Paid,cash,30,273000.0,273000.0,204750.0,24BBBCD2345G1Z2,CGST/SGST,Gujarat,29250.0,0.03,INR,Apex Hospital,Multi-Specialty Hospital,dr. r. kulkarni,Trauma Surgeon,SURG-003,24FGHIJ5678K1Z2,Mumbai,WEST 1,Amit Verma,Ortho Distributors,WEST 1,External Fixator,Trauma Fixation,Fixator,B5569-B,L57602,UDI-469124-A,SN538493,Sterile,27 Aug 2026,28-07-2025,10 PCS,PCS,"₹25,000.00",27500.00,Trauma Stabilization,Aluminium,BoneLock,Pune WH,30 Aug 2025,In Transit,Delhivery,Reserved,20,15,Pending,"Credit note adjustment for return batch, ref=""INV/1066""",Trailing space preserved,98a65f76c8423c7408596e0759bc6366
INV/1067,VCH1067,Sales Return,2024-12-12,2025-02-10,2024-25,Partially Paid,cash,45,14160.0,14160.0,14160.0,29CCCDD3456H1Z3,CGST+SGST,Karnataka,2160.0,0.00,INR,City Medisurg,Multi-Specialty Hospital,Dr P Nair,Spine Surgeon,SURG-004,27ABCDE1234F1Z1,Surat,West-1,A. Verma,Trauma Supplies,W1,Bone Drill Set,Surgical Instrument,Instrument,B5014-C,L89069,UDI-705659-B,SN581498,Sterile,2027/05/31,45578,1,BOX,"12,000.00",13800,Surgical Prep,Steel,OrthoFlex,Pune WH,13 Dec 2024,Delivered,DTDC,In Stock,10,30,No,"Invoice for orthopedic implants, includes ""plate, screw"" bundle",Unicode NBSP present,1502360f17675a14e28a1adf5667a374
INV/1067,VCH1067,Sales,2024-12-12,2025-01-26,2024-25,Paid,Cash,60,25536.0,25536.0,12768.0,24BBBCD2345G1Z2,GST,Karnataka,2736.0,5 %,INR,ortho care center,Orthopedic Clinic,DR NISHA PATEL,Orthopedic Surgeon,SURG-005,27ABCDE1234F1Z1,Pune,Central,S. Joshi,Ortho Distributors Pvt Ltd,West-1,Locking Plate,Orthopedic Implant,Plate,B8285-B,L69031,UDI-459077-B,SN822672,Sterile,31-05-2027,13-10-2024,10,Pieces,2400.00,"2,880.00",Open Reduction,Titanium,JointMax,Ahmedabad WH,45639,In Transit,Delhivery,Low Stock,20,20,Yes,Freight included; round-off applied,Trailing space preserved,6faa3f8e058b2981b395f85c32b09645
INV/1067,VCH1067,Payment,2024-12-12,2025-01-26,2024-25,Partially Paid,NEFT,15,13452.0,13452.0,13452.0,24BBBCD2345G1Z2,CGST+SGST,Maharashtra,2052.0,5 %,INR,Spine and Joint Institute,Orthopedic Clinic,DR. NISHA PATEL,Orthopedic Surgeon,SURG-005,27ABCDE1234F1Z1,Ahmedabad,South,Rahul Mehta,Trauma Supplies,South-1,Knee Prosthesis,Joint Replacement,Prosthesis,B3459-B,L89775,UDI-424333-A,SN335206,Non-Sterile,31 May 2027,14 Aug 2024,5,PCS,2400,2760,Arthroplasty,Cobalt Chrome,BoneLock,Mumbai WH,2024/12/14,Delivered,Delhivery,Reorder,20,0,No,"Part payment received; balance pending, ref=""INV/1067""",Alias master matched,d3c739c41e48d9304eb5488359a8f017
INV/1068,VCH1068,Sales,2024-10-30,2024-12-14,2024-25,Adjusted,Cash,45,147500.0,147500.0,0.0,27AAACT1234F1Z5,CGST+SGST,Maharashtra,22500.0,0 %,INR,Ortho Care Centre,Orthopedic Clinic,Dr Nisha Patel,Orthopedic Surgeon,SURG-005,27ABCDE1234F1Z1,Pune,West,Rahul Mehta,Ortho Distributors Pvt Ltd,S-1,External Fixator,Trauma Fixation,Fixator,B8041-A,L68017,UDI-696985-A,SN709970,Sterile,18 Apr 2027,2024/08/31,5,pcs,25000.00,"28,750.00",Trauma Stabilization,Aluminium,JointMax,Mumbai WH-2,45595,Hold,Blue Dart,In Stock,10,3,Yes,Approved by store; udi matched,Unicode NBSP present,bc76e114cbdd9d6cdc972c60231047a2
INV/1068,VCH1068,Sales Return,2024-10-30,2024-11-14,2024-25,Partially Paid,cash,15,30267.0,30267.0,15133.5,27AAACT1234F1Z5,CGST+SGST,Karnataka,4617.0,0.05,INR,apex hospital ltd.,Multi-Specialty Hospital,DR MEERA IYER,Joint Replacement Surgeon,SURG-002,24FGHIJ5678K1Z2,Mumbai,West-1,A. Verma,ORTHO DISTRIBUTORS,CENTRAL 1,Cancellous Screw,Orthopedic Implant,Screw,B7830-C,L45308,UDI-596789-C,SN724143,Sterile,23-04-2026,2024/08/31,4 PCS,pcs,6750.00,7762.5,Fracture Fixation,Stainless Steel,TraumaFix,Pune WH,2024/11/01,Delivered,Professional Couriers,Reorder,10,30,nan,Credit note adjustment for return batch,Alias master matched,ba8b25c381c8df67c35c1af38b71977d
INV/1068,VCH1068,Sales,2024-10-30,2024-11-29,2024-25,Adjusted,RTGS,15,35437.5,35437.5,35437.5,29CCCDD3456H1Z3,CGST+SGST,Maharashtra,1687.5,0 %,Rs.,ORTHO CARE CENTRE,Orthopedic Clinic,Dr Nisha Patel,Orthopedic Surgeon,SURG-005,24FGHIJ5678K1Z2,Pune,WEST 1,A. Verma,Trauma Supplies,S-1,External Fixator,Trauma Fixation,Fixator,B9812-B,L67425,UDI-770699-B,SN389455,Sterile,2027/04/18,45475,5,Pieces,"6,750.00",7762.50,Trauma Stabilization,Aluminium,OSM,Mumbai WH-2,01-11-2024,Delivered,TCS,In Stock,5,3,No,Credit note adjustment for return batch,Mixed date style,7c8f22529347cd0b2e797af99b6e46e0
INV/1069,VCH1069,Receipt,2024-08-01,2024-09-15,2024-25,Paid,NEFT,60,14175.0,14175.0,10631.25,29CCCDD3456H1Z3,CGST+SGST,Maharashtra,675.0,10,₹,Trauma One Pvt Ltd,Trauma Center,dr. p. nair,Spine Surgeon,SURG-004,27ABCDE1234F1Z1,Nagpur,South-1,Sneha Joshi,ORTHO DISTRIBUTORS,W1,Knee Prosthesis,Joint Replacement,Prosthesis,B3592-C,L21498,UDI-685410-A,SN657593,Sterile,2025/08/01,03 Apr 2024,12,Box,"₹1,250.00","₹1,500.00",Arthroplasty,Cobalt Chrome,SpinePro,Pune Main,45505,Delivered,Delhivery,Reserved,10,3,No,"Revised invoice after doctor change,
please verify branch mapping",Trailing space preserved,48dd694cb5fa54587ae2b5e83f9e7390
inv/1069,VCH1069,Sales Return,2024-08-01,2024-08-16,2024-25,Paid,cash,30,4460.4,4460.4,4460.4,27AAACT1234F1Z5,IGST,Maharashtra,680.4,0%,INR,APEX HOSPITAL,Multi-Specialty Hospital,Dr Meera Iyer,Joint Replacement Surgeon,SURG-002,24FGHIJ5678K1Z2,Thane,WEST 1,Rahul Mehta,ORTHO DISTRIBUTORS,WEST 1,Spinal Rod,Spinal Implant,Rod,B3017-B,L13332,UDI-128622-A,SN560996,Sterile,01 Aug 2025,45415,2,BOX,"₹1,890.00",2268,Spine Stabilization,Titanium Alloy,BoneLock,Ahmedabad WH,02 Aug 2024,Delivered,DTDC,Low Stock,25,30,Yes,Dispatch against PO; follow-up due on next cycle,Alias master matched,7f3b53a5e1bd07afe7c4d4838a291e8a
INV/1069,VCH1069,Purchase,2024-08-01,2024-09-15,2024-25,Pending,UPI,45,47880.0,47880.0,23940.0,27AAACT1234F1Z5,GST,Maharashtra,2280.0,5%,₹,trauma one pvt ltd,Trauma Center,Dr. P. Nair,Spine Surgeon,SURG-004,27ABCDE1234F1Z1,Nagpur,West-1,R. Mehta,Ortho Distributors,CENTRAL 1,Locking Plate,Orthopedic Implant,Plate,B8697-A,L18019,UDI-643814-A,SN247031,Non-Sterile,18-01-2027,02 Jul 2024,4,Box,"12,000.00","₹13,200.00",Open Reduction,Titanium,OrthoFlex,Pune WH,2024/08/02,Hold,Blue Dart,In Stock,5,0,No,"Approved by store; udi matched, ref=""INV/1069""",Alias master matched,880ac995a8e920f20630526030ebbb38
INV/1069,VCH1069,Sales Return,2024-08-01,2024-09-30,2024-25,Adjusted,Bank Transfer,30,10584.0,10584.0,5292.0,27AAACT1234F1Z5,GST,Maharashtra,1134.0,0 %,Rs.,Trauma One,Trauma Center,DR MEERA IYER,Joint Replacement Surgeon,SURG-002,27ABCDE1234F1Z1,Nagpur,WEST 1,Amit Verma,Ortho Distributors,Central-1,Locking Plate,Orthopedic Implant,Plate,B4215-A,L38745,UDI-616740-C,SN971460,Sterile,45870,45445,5,Box,1890.00,"₹2,173.50",Open Reduction,Titanium,OrthoFlex,Mumbai WH-2,04-08-2024,Hold,DTDC,In Stock,25,8,Pending,"Credit note adjustment for return batch
Export note retained as multiline remark",Name variation retained,79b55511fbd12181adcd1f3809e84ece
INV/1070,VCH1070,Sales Return,2025-03-19,2025-05-18,2024-25,Partially Paid,UPI,60,24558.75,24558.75,12279.38,29CCCDD3456H1Z3,GST,Karnataka,3746.25,7.5%,₹,CITY MEDISURG PVT. LTD.,Multi-Specialty Hospital,DR NISHA PATEL,Orthopedic Surgeon,SURG-005,27ABCDE1234F1Z1,Surat,Central 1,S. Joshi,Trauma Supplies LLP,South-1,Knee Prosthesis,Joint Replacement,Prosthesis,B6987-B,L94186,UDI-375632-A,SN919938,Non-Sterile,09 Mar 2027,19-12-2024,5 PCS,PCS,4500,5400,Arthroplasty,Cobalt Chrome,JointMax,Mumbai WH-2,45735,Delivered,TCS,Reorder,20,3,nan,Part payment received; balance pending	tabbed-remark,Trailing space preserved,d959c2eb84a6295c7b25771e6a29eb03
INV/1070,VCH1070,Purchase,2025-03-19,2025-05-18,2024-25,Paid,Bank Transfer,30,51772.5,51772.5,0.0,24BBBCD2345G1Z2,CGST+SGST,Gujarat,7897.5,2.5,INR,Apex Hospital Ltd.,Multi-Specialty Hospital,dr. meera iyer,Joint Replacement Surgeon,SURG-002,29LMNOP9012Q1Z3,Mumbai,South,Rahul Mehta,Trauma Supplies,W1,Bone Drill Set,Surgical Instrument,Instrument,B6105-A,L90362,UDI-363537-C,SN682753,STERILE,19-03-2026,19-12-2024,10,Box,"4,500.00",4950.00,Surgical Prep,Steel,OSM,Pune WH,20 Mar 2025,Partially Delivered,Delhivery,In Stock,10,20,No,Part payment received; balance pending	tabbed-remark,Alias master matched,1d76556726ed3a3cb0294f60c0abfff6
INV/1070,VCH1070,Sales Return,2025-03-19,2025-05-03,2024-25,Pending,RTGS,30,204750.0,204750.0,102375.0,27AAACT1234F1Z5,CGST+SGST,Gujarat,9750.0,0.03,INR,spine & joint institute,Orthopedic Clinic,dr. r. kulkarni,Trauma Surgeon,SURG-003,27ABCDE1234F1Z1,Ahmedabad,South-1,S. Joshi,Trauma Supplies LLP,WEST 1,Locking Plate,Orthopedic Implant,Plate,B6940-A,L97151,UDI-648236-A,SN192875,Sterile,46635,45705,8 PCS,BOX,25000.00,27500,Open Reduction,Titanium,BoneLock,Pune Main,21 Mar 2025,In Transit,Delhivery,Reorder,5,30,No,Freight included; round-off applied,Alias master matched,4db30cb6366f7b813208fb7d52700b36
INV/1071,VCH1071,Payment,2024-12-01,2025-01-30,2024-25,Adjusted,RTGS,45,248640.0,248640.0,124320.0,27AAACT1234F1Z5,CGST/SGST,Maharashtra,26640.0,0,INR,City Medisurg,Multi-Specialty Hospital,DR NISHA PATEL,Orthopedic Surgeon,SURG-005,24FGHIJ5678K1Z2,Surat,South-1,Amit Verma,Ortho Distributors,WEST 1,Knee Prosthesis,Joint Replacement,Prosthesis,B8481-B,L57000,UDI-532164-A,SN864472,Sterile,46527,01 Nov 2024,12 PCS,Pieces,"₹18,500.00","₹20,350.00",Arthroplasty,Cobalt Chrome,TraumaFix,Mumbai WH,2024/12/04,Partially Delivered,Delhivery,In Stock,20,30,Yes,Freight included; round-off applied,Text numeric field,c368812505f22afd5906b0218c30ce0b
INV/1071,VCH1071,Receipt,2024-12-01,2025-01-15,2024-25,Pending,cash,30,25200.0,25200.0,0.0,27AAACT1234F1Z5,CGST/SGST,Maharashtra,1200.0,0.00,INR,SPINE & JOINT INSTITUTE,Orthopedic Clinic,DR RAJESH KULKARNI,Trauma Surgeon,SURG-003,29LMNOP9012Q1Z3,Ahmedabad,Central,A. Verma,Trauma Supplies,S-1,Cancellous Screw,Orthopedic Implant,Screw,B3179-B,L23582,UDI-658710-B,SN516029,STERILE,20 May 2027,02-10-2024,2,Pieces,"12,000.00","13,200.00",Fracture Fixation,Stainless Steel,JointMax,Pune Main,2024/12/03,Partially Delivered,TCS,Low Stock,20,20,Yes,Freight included; round-off applied,Name variation retained,7a920bded2e1b96f4cb7d46c4a191de5
INV/1071,VCH1071,Payment,2024-12-01,2025-01-15,2024-25,Partially Paid,NEFT,60,52416.0,52416.0,39312.0,24BBBCD2345G1Z2,IGST,Maharashtra,5616.0,2.5 %,INR,TRAUMA ONE,Trauma Center,Dr. R. Kulkarni,Trauma Surgeon,SURG-003,24FGHIJ5678K1Z2,Nagpur,Central 1,R. Mehta,Ortho Distributors,S-1,Knee Prosthesis,Joint Replacement,Prosthesis,B6707-C,L94536,UDI-946466-C,SN338891,Sterile,21 Nov 2026,45567,4,Box,"₹12,000.00",14400,Arthroplasty,Cobalt Chrome,OrthoFlex,Pune Main,2024/12/01,Hold,TCS,Reorder,20,5,No,Approved by store; udi matched,Text numeric field,f1cf05ef8569f51fa22e019a333c8680
INV/1072,VCH1072,Receipt,2024-11-25,2025-01-09,2024-25,Adjusted,RTGS,30,113280.0,113280.0,56640.0,29CCCDD3456H1Z3,IGST,Karnataka,17280.0,0,INR,Apex Hospital,Multi-Specialty Hospital,DR. NISHA PATEL,Orthopedic Surgeon,SURG-005,27ABCDE1234F1Z1,Thane,West-1,Sneha Joshi,Ortho Distributors,WEST 1,Bone Drill Set,Surgical Instrument,Instrument,B2459-A,L62894,UDI-864062-A,SN447907,Non-Sterile,25 Nov 2025,26 Oct 2024,8,Box,12000.00,"₹13,800.00",Surgical Prep,Steel,BoneLock,Mumbai WH-2,25 Nov 2024,Delivered,Blue Dart,In Stock,5,15,Pending,"Revised invoice after doctor change,
please verify branch mapping, ref=""INV/1072""",Alias master matched,6a81eb5ab1aa81b40e691e4a166876f9
INV/1072,VCH1072,Payment,2024-11-25,2025-01-09,2024-25,Adjusted,cash,60,39825.0,39825.0,0.0,24BBBCD2345G1Z2,IGST,Maharashtra,6075.0,0.00,INR,apex hospital,Multi-Specialty Hospital,Dr. Anil Sharma,Orthopedic Surgeon,SURG-001,24FGHIJ5678K1Z2,Mumbai,West,Rahul Mehta,Trauma Supplies,CENTRAL 1,Spinal Rod,Spinal Implant,Rod,B3908-C,L29510,UDI-285522-B,SN840680,Sterile,2026/05/19,2024/09/26,5,BOX,6750.00,8100.00,Spine Stabilization,Titanium Alloy,OSM,Pune Main,45621,Hold,Blue Dart,Reorder,20,15,nan,"Credit note adjustment for return batch
Export note retained as multiline remark	tabbed-remark",Text numeric field,16b3b30e210ce0edabb4aeb871af0463
INV/1072,VCH1072,Sales,2024-11-25,2025-01-09,2024-25,Paid,RTGS,60,157176.0,157176.0,157176.0,27AAACT1234F1Z5,CGST+SGST,Gujarat,23976.0,10,INR,CITY MEDISURG,Multi-Specialty Hospital,Dr Nisha Patel,Orthopedic Surgeon,SURG-005,27ABCDE1234F1Z1,Surat,South,Rahul Mehta,ORTHO DISTRIBUTORS,South-1,Bone Drill Set,Surgical Instrument,Instrument,B7370-B,L75223,UDI-437132-C,SN607620,STERILE,46521,26-09-2024,8 PCS,Pieces,"18,500.00",20350.00,Surgical Prep,Steel,BoneLock,Mumbai WH,45623,Delivered,TCS,In Stock,10,20,No,"Exported from Tally	with master alias, ref=""INV/1072""",Unicode NBSP present,0fbb4c0262114d4cd63aef0fa0e5cd4a
INV/1072,VCH1072,Sales,2024-11-25,2025-01-09,2024-25,Partially Paid,Cheque,45,26208.0,26208.0,26208.0,29CCCDD3456H1Z3,GST,Gujarat,2808.0,2.5%,₹,APEX HOSPITAL LTD.,Multi-Specialty Hospital,Dr. R. Kulkarni,Trauma Surgeon,SURG-003,24FGHIJ5678K1Z2,Mumbai,Central,S. Joshi,Ortho Distributors Pvt Ltd,S-1,Locking Plate,Orthopedic Implant,Plate,B7813-B,L59431,UDI-529080-C,SN110724,Sterile,19 May 2026,45591,2,Pieces,"₹12,000.00",13800,Open Reduction,Titanium,OrthoFlex,Pune Main,2024/11/28,Partially Delivered,Delhivery,Low Stock,25,3,Yes,"Revised invoice after doctor change,
please verify branch mapping",Text numeric field,2df9254e291fbed8654cb4bc985f1274
INV/1073,VCH1073,Receipt,2024-08-09,2024-08-24,2024-25,Paid,Bank Transfer,60,5040.0,5040.0,3780.0,24BBBCD2345G1Z2,IGST,Gujarat,540.0,0,Rs.,Spine & Joint Institute,Orthopedic Clinic,Dr P Nair,Spine Surgeon,SURG-004,27ABCDE1234F1Z1,Ahmedabad,South-1,R. Mehta,Ortho Distributors,CENTRAL 1,Locking Plate,Orthopedic Implant,Plate,B1232-A,L54741,UDI-860123-B,SN145883,Sterile,46413,10-06-2024,1,Pieces,"₹4,500.00","₹5,175.00",Open Reduction,Titanium,OrthoFlex,Mumbai WH,09 Aug 2024,Hold,Delhivery,Low Stock,5,3,No,Dispatch against PO; follow-up due on next cycle,Trailing space preserved,ab2e2c064d5e385fc52210db3ecc95e3
INV/1073,VCH1073,Sales,2024-08-09,2024-08-24,2024-25,Adjusted,Cheque,60,5906.25,5906.25,5906.25,24BBBCD2345G1Z2,CGST+SGST,Maharashtra,281.25,0.10,Rs.,APEX HOSPITAL LTD.,Multi-Specialty Hospital,DR MEERA IYER,Joint Replacement Surgeon,SURG-002,24FGHIJ5678K1Z2,Mumbai,Central,Sneha Joshi,Trauma Supplies,S-1,Locking Plate,Orthopedic Implant,Plate,B8454-B,L30072,UDI-362188-B,SN767625,STERILE,2025/08/09,10-07-2024,5 PCS,BOX,"₹1,250.00",1375,Open Reduction,Titanium,JointMax,Ahmedabad WH,10-08-2024,Delivered,TCS,In Stock,10,20,nan,Freight included; round-off applied,Text numeric field,c4f2a09ae3d08db401aa4562c167f329
INV/1074,VCH1074,Purchase,2025-09-25,2025-11-24,2025-26,Partially Paid,Bank Transfer,30,9072.0,9072.0,6804.0,27AAACT1234F1Z5,CGST/SGST,Gujarat,972.0,10%,₹,ortho care centre,Orthopedic Clinic,Dr Meera Iyer,Joint Replacement Surgeon,SURG-002,27ABCDE1234F1Z1,Pune,Central,Rahul Mehta,Ortho Distributors,South-1,Bone Drill Set,Surgical Instrument,Instrument,B3567-C,L60369,UDI-327727-B,SN678492,Non-Sterile,19-03-2027,45835,2 PCS,Box,"4,500.00","₹5,175.00",Surgical Prep,Steel,SpinePro,Nagpur WH,27 Sep 2025,In Transit,Professional Couriers,In Stock,20,30,No,"Invoice for orthopedic implants, includes ""plate, screw"" bundle
Export note retained as multiline remark",Mixed date style,24fe3453ae05a654e153533b737be843
inv/1074,VCH1074,Receipt,2025-09-25,2025-10-25,2025-26,Partially Paid,cash,15,103600.0,103600.0,77700.0,29CCCDD3456H1Z3,IGST,Gujarat,11100.0,0.07,₹,apex hospital ltd.,Multi-Specialty Hospital,Dr Rajesh Kulkarni,Trauma Surgeon,SURG-003,27ABCDE1234F1Z1,Mumbai,West,Rahul Mehta,ORTHO DISTRIBUTORS,S-1,External Fixator,Trauma Fixation,Fixator,B5607-C,L42688,UDI-759221-B,SN833859,Sterile,46290,45835,4,PCS,"₹25,000.00","28,750.00",Trauma Stabilization,Aluminium,BoneLock,Mumbai WH-2,27 Sep 2025,Delivered,TCS,Reserved,20,20,nan,Part payment received; balance pending,Alias master matched,6dfaacd1afba922edc5ee31575a67937
INV/1074,VCH1074,Sales,2025-09-25,2025-11-24,2025-26,Paid,Cheque,60,354000.0,354000.0,265500.0,24BBBCD2345G1Z2,CGST/SGST,Gujarat,54000.0,0 %,Rs.,Apex Hospital Ltd.,Multi-Specialty Hospital,dr rajesh kulkarni,Trauma Surgeon,SURG-003,24FGHIJ5678K1Z2,Mumbai,WEST 1,R. Mehta,Ortho Distributors Pvt Ltd,WEST 1,External Fixator,Trauma Fixation,Fixator,B1662-B,L96074,UDI-570738-B,SN453913,Sterile,15-09-2027,45835,12,BOX,25000,28750,Trauma Stabilization,Aluminium,BoneLock,Mumbai WH,2025/09/26,Delivered,Delhivery,Reorder,5,30,Yes,Credit note adjustment for return batch,Unicode NBSP present,9e23689b5ed3f1918133202905111ddf
INV/1075,VCH1075,Payment,2024-08-10,2024-08-25,2024-25,Paid,NEFT,60,8697.78,8697.78,6523.34,27AAACT1234F1Z5,CGST/SGST,Maharashtra,1326.78,2.5%,INR,Ortho Care Centre,Orthopedic Clinic,Dr A. Sharma,Orthopedic Surgeon,SURG-001,29LMNOP9012Q1Z3,Pune,South-1,Rahul Mehta,ORTHO DISTRIBUTORS,Central-1,Cancellous Screw,Orthopedic Implant,Screw,B3272-A,L20637,UDI-227903-A,SN838352,Non-Sterile,10-08-2025,11 Jul 2024,4,pcs,1890,"₹2,268.00",Fracture Fixation,Stainless Steel,OSM,Ahmedabad WH,45514,Partially Delivered,Delhivery,In Stock,10,30,nan,Credit note adjustment for return batch,Name variation retained,afbb5d77af12b8b3bf45411ecaa3625b
INV/1075,VCH1075,Sales Return,2024-08-10,2024-09-24,2024-25,Partially Paid,Cheque,60,34020.0,34020.0,0.0,27AAACT1234F1Z5,CGST/SGST,Karnataka,3645.0,10 %,INR,Trauma One,Trauma Center,DR MEERA IYER,Joint Replacement Surgeon,SURG-002,27ABCDE1234F1Z1,Nagpur,Central,Amit Verma,Ortho Distributors Pvt Ltd,W1,Cancellous Screw,Orthopedic Implant,Screw,B1989-C,L66373,UDI-617915-B,SN868516,STERILE,2026/07/31,45394,5,PCS,6750.00,"₹7,762.50",Fracture Fixation,Stainless Steel,BoneLock,Nagpur WH,45515,Delivered,Blue Dart,In Stock,10,3,No,Freight included; round-off applied,Text numeric field,f1429e23ca4eca2b8179a7645d4ec411
INV/1076,VCH1076,Sales,2025-04-30,2025-06-29,2025-26,Pending,Cash,30,12432.0,12432.0,6216.0,29CCCDD3456H1Z3,CGST+SGST,Gujarat,1332.0,0.07,₹,apex hospital,Multi-Specialty Hospital,Dr. Meera Iyer,Joint Replacement Surgeon,SURG-002,24FGHIJ5678K1Z2,Mumbai,West-1,Amit Verma,Trauma Supplies LLP,W1,Spinal Rod,Spinal Implant,Rod,B5549-A,L34896,UDI-266006-B,SN970085,Sterile,22-10-2026,01 Mar 2025,5 PCS,BOX,2400,"2,640.00",Spine Stabilization,Titanium Alloy,JointMax,Nagpur WH,01 May 2025,Delivered,Blue Dart,In Stock,25,0,Pending,Freight included; round-off applied,Mixed date style,f391cf9f27a3e64623b3bb3f908034c3
inv/1076,VCH1076,Receipt,2025-04-30,2025-05-30,2025-26,Paid,Cheque,30,24570.0,24570.0,12285.0,27AAACT1234F1Z5,GST,Karnataka,2632.5,2.5 %,₹,Apex Hospital,Multi-Specialty Hospital,Dr P Nair,Spine Surgeon,SURG-004,27ABCDE1234F1Z1,Mumbai,West-1,R. Mehta,Ortho Distributors Pvt Ltd,WEST 1,Spinal Rod,Spinal Implant,Rod,B5081-B,L83832,UDI-738988-A,SN952829,Non-Sterile,20-04-2027,31 Dec 2024,5,BOX,4500.00,"5,175.00",Spine Stabilization,Titanium Alloy,OSM,Nagpur WH,45779,Hold,Delhivery,Low Stock,5,5,nan,Approved by store; udi matched,Text numeric field,f2411fc98a2d0b8c976a9bffac6a9c79
INV/1076,VCH1076,Sales,2025-04-30,2025-05-15,2025-26,Paid,Cash,45,88452.0,88452.0,44226.0,29CCCDD3456H1Z3,CGST/SGST,Karnataka,9477.0,0.03,INR,APEX HOSPITAL,Multi-Specialty Hospital,dr meera iyer,Joint Replacement Surgeon,SURG-002,24FGHIJ5678K1Z2,Mumbai,Central,Sneha Joshi,ORTHO DISTRIBUTORS,CENTRAL 1,External Fixator,Trauma Fixation,Fixator,B3571-C,L68214,UDI-568383-C,SN500576,Sterile,22-10-2026,2025/01/30,12 PCS,Pieces,"₹6,750.00",7425.00,Trauma Stabilization,Aluminium,OSM,Ahmedabad WH,02 May 2025,Partially Delivered,Delhivery,In Stock,10,8,No,Exported from Tally	with master alias,Mixed date style,b0b9726bfc1eb870e090cb49f129e361
INV/1076,VCH1076,Sales Return,2025-04-30,2025-05-30,2025-26,Pending,Bank Transfer,30,3572.1,3572.1,0.0,27AAACT1234F1Z5,GST,Karnataka,170.1,10%,Rs.,Apex Hospital Ltd.,Multi-Specialty Hospital,dr a. sharma,Orthopedic Surgeon,SURG-001,24FGHIJ5678K1Z2,Mumbai,West,Rahul Mehta,Trauma Supplies,South-1,Cancellous Screw,Orthopedic Implant,Screw,B3539-C,L21727,UDI-772995-B,SN828326,Sterile,20-04-2027,2025/01/30,2,pcs,1890,"2,079.00",Fracture Fixation,Stainless Steel,SpinePro,Ahmedabad WH,45777,Delivered,Professional Couriers,Reserved,20,15,Pending,"Dispatch against PO; follow-up due on next cycle, ref=""INV/1076""",Trailing space preserved,8ca0213c6f0c06dc1ecfeff736b2c222
INV/1077,VCH1077,Sales Return,2024-09-16,2024-11-15,2024-25,Partially Paid,UPI,15,7566.75,7566.75,0.0,27AAACT1234F1Z5,GST,Gujarat,1154.25,5%,Rs.,Ortho Care Centre,Orthopedic Clinic,DR. MEERA IYER,Joint Replacement Surgeon,SURG-002,27ABCDE1234F1Z1,Pune,West,Amit Verma,Trauma Supplies,Central-1,External Fixator,Trauma Fixation,Fixator,B7646-A,L34226,UDI-783051-C,SN636666,Non-Sterile,06-09-2026,18-07-2024,1,PCS,6750.00,8100.00,Trauma Stabilization,Aluminium,OSM,Nagpur WH,45552,Delivered,TCS,In Stock,5,15,nan,Exported from Tally	with master alias,Text numeric field,92c7c3dd562fb73fd0728c9be87d2a69
INV/1077,VCH1077,Sales,2024-09-16,2024-10-31,2024-25,Pending,UPI,15,11200.0,11200.0,8400.0,27AAACT1234F1Z5,IGST,Karnataka,1200.0,0.00,Rs.,APEX HOSPITAL LTD.,Multi-Specialty Hospital,dr. anil sharma,Orthopedic Surgeon,SURG-001,27ABCDE1234F1Z1,Mumbai,West-1,Sneha Joshi,Trauma Supplies,South-1,Locking Plate,Orthopedic Implant,Plate,B1573-A,L49590,UDI-785376-A,SN411919,Sterile,46091,45431,8,pcs,"1,250.00",1437.5,Open Reduction,Titanium,TraumaFix,Pune Main,19-09-2024,Delivered,DTDC,Reorder,25,3,Pending,Approved by store; udi matched,Alias master matched,86ab7dec854b6ad43506b6f32d233912
INV/1077,VCH1077,Sales,2024-09-16,2024-10-01,2024-25,Pending,UPI,45,20709.0,20709.0,10354.5,27AAACT1234F1Z5,GST,Maharashtra,3159.0,2.5%,₹,Ortho Care Center,Orthopedic Clinic,dr. anil sharma,Orthopedic Surgeon,SURG-001,27ABCDE1234F1Z1,Pune,South-1,R. Mehta,Trauma Supplies LLP,W1,Bone Drill Set,Surgical Instrument,Instrument,B9859-A,L52036,UDI-790593-B,SN861474,Non-Sterile,05 Mar 2027,2024/05/19,4,Pieces,4500.00,5400.00,Surgical Prep,Steel,SpinePro,Ahmedabad WH,16 Sep 2024,Hold,TCS,Low Stock,25,0,Yes,Part payment received; balance pending,Name variation retained,9fac61a46e44e914cf9fbc5f69424901
INV/1077,VCH1077,Payment,2024-09-16,2024-10-01,2024-25,Paid,Bank Transfer,30,9450.0,9450.0,4725.0,27AAACT1234F1Z5,CGST/SGST,Maharashtra,450.0,10,Rs.,Trauma One Pvt Ltd,Trauma Center,Dr A. Sharma,Orthopedic Surgeon,SURG-001,27ABCDE1234F1Z1,Nagpur,Central,Rahul Mehta,Ortho Distributors Pvt Ltd,CENTRAL 1,External Fixator,Trauma Fixation,Fixator,B7684-C,L23949,UDI-329713-C,SN468191,Sterile,46091,18-07-2024,8,pcs,1250,"1,437.50",Trauma Stabilization,Aluminium,BoneLock,Nagpur WH,18-09-2024,In Transit,Professional Couriers,Reserved,25,5,Pending,Approved by store; udi matched,Text numeric field,f3aed11dfd02a77fd16d58ae76ee6993
INV/1078,VCH1078,Payment,2024-10-31,2024-12-15,2024-25,Adjusted,NEFT,60,6070.31,6070.31,0.0,24BBBCD2345G1Z2,CGST+SGST,Karnataka,289.06,7.5%,INR,Trauma One Pvt Ltd,Trauma Center,DR NISHA PATEL,Orthopedic Surgeon,SURG-005,27ABCDE1234F1Z1,Nagpur,South-1,Sneha Joshi,Ortho Distributors,CENTRAL 1,External Fixator,Trauma Fixation,Fixator,B7225-A,L73890,UDI-818115-B,SN128655,Sterile,21-10-2026,45566,5,PCS,"₹1,250.00","₹1,437.50",Trauma Stabilization,Aluminium,SpinePro,Mumbai WH,45598,Hold,TCS,Reserved,5,20,Yes,Part payment received; balance pending,Trailing space preserved,93edae2d0b5412e4b6dee408e9f8aed0
inv/1078,VCH1078,Sales,2024-10-31,2024-12-15,2024-25,Partially Paid,Bank Transfer,60,34551.56,34551.56,17275.78,27AAACT1234F1Z5,CGST+SGST,Maharashtra,1645.31,2.5,₹,spine and joint institute,Orthopedic Clinic,dr p nair,Spine Surgeon,SURG-004,24FGHIJ5678K1Z2,Ahmedabad,West,Rahul Mehta,Ortho Distributors,South-1,Cancellous Screw,Orthopedic Implant,Screw,B6571-C,L86489,UDI-416960-A,SN334275,Sterile,24-04-2026,45566,5,BOX,"6,750.00",8100.00,Fracture Fixation,Stainless Steel,OrthoFlex,Pune Main,45599,Delivered,Delhivery,In Stock,5,3,No,"Revised invoice after doctor change,
please verify branch mapping",Trailing space preserved,0fbbe726bca48ad344dac8114f5a6abe
INV/1078,VCH1078,Payment,2024-10-31,2024-12-15,2024-25,Partially Paid,Cheque,30,49117.5,49117.5,36838.12,24BBBCD2345G1Z2,CGST+SGST,Maharashtra,7492.5,7.5,INR,apex hospital ltd.,Multi-Specialty Hospital,Dr Nisha Patel,Orthopedic Surgeon,SURG-005,27ABCDE1234F1Z1,Mumbai,South-1,Rahul Mehta,Ortho Distributors,West-1,Cancellous Screw,Orthopedic Implant,Screw,B1183-B,L17863,UDI-882911-C,SN509688,Sterile,2025/10/31,45476,10,Box,4500.00,"5,175.00",Fracture Fixation,Stainless Steel,OSM,Pune WH,2024/11/02,Delivered,Blue Dart,Reorder,10,30,No,Approved by store; udi matched,Name variation retained,59faa54537f16690cda5b05a02e2fd5c
INV/1079,VCH1079,Payment,2024-12-25,2025-02-08,2024-25,Partially Paid,Bank Transfer,60,139860.0,139860.0,69930.0,24BBBCD2345G1Z2,CGST+SGST,Karnataka,6660.0,0.07,₹,APEX HOSPITAL,Multi-Specialty Hospital,Dr. P. Nair,Spine Surgeon,SURG-004,24FGHIJ5678K1Z2,Mumbai,Central 1,S. Joshi,Trauma Supplies LLP,CENTRAL 1,Locking Plate,Orthopedic Implant,Plate,B2229-B,L88619,UDI-401599-B,SN910653,Sterile,46191,27-08-2024,12,PCS,12000.00,"₹13,800.00",Open Reduction,Titanium,SpinePro,Pune Main,45654,Delivered,Blue Dart,Reserved,20,3,nan,Dispatch against PO; follow-up due on next cycle,Mixed date style,b7d704a23257b73856bb491eb53a9c82
INV/1079,VCH1079,Payment,2024-12-25,2025-02-23,2024-25,Partially Paid,NEFT,45,20178.0,20178.0,0.0,27AAACT1234F1Z5,IGST,Karnataka,3078.0,5%,INR,City Medisurg,Multi-Specialty Hospital,dr meera iyer,Joint Replacement Surgeon,SURG-002,24FGHIJ5678K1Z2,Surat,Central 1,Rahul Mehta,ORTHO DISTRIBUTORS,Central-1,Spinal Rod,Spinal Implant,Rod,B8580-C,L78172,UDI-436742-A,SN936795,Non-Sterile,2027/06/13,26-09-2024,4 PCS,pcs,"₹4,500.00",5400.00,Spine Stabilization,Titanium Alloy,OSM,Nagpur WH,27-12-2024,Partially Delivered,Blue Dart,Reserved,20,0,nan,"Revised invoice after doctor change,
please verify branch mapping",Trailing space preserved,a9bb214686cd89c01ae5fbe979552847
INV/1079,VCH1079,Sales Return,2024-12-25,2025-01-09,2024-25,Pending,Cash,30,25900.0,25900.0,19425.0,29CCCDD3456H1Z3,CGST/SGST,Maharashtra,2775.0,0.07,₹,Trauma One Pvt Ltd,Trauma Center,Dr P Nair,Spine Surgeon,SURG-004,29LMNOP9012Q1Z3,Nagpur,West,A. Verma,Trauma Supplies,S-1,External Fixator,Trauma Fixation,Fixator,B1981-A,L24605,UDI-314845-A,SN792371,Non-Sterile,25-12-2025,26 Oct 2024,1 PCS,Pieces,"25,000.00","27,500.00",Trauma Stabilization,Aluminium,JointMax,Mumbai WH-2,2024/12/26,Delivered,DTDC,In Stock,20,0,Pending,"Dispatch against PO; follow-up due on next cycle, ref=""INV/1079""",Text numeric field,98f531a0963b9587c1e1d1382db7fa08
INV/1079,VCH1079,Sales,2024-12-25,2025-02-23,2024-25,Adjusted,RTGS,45,78588.0,78588.0,0.0,24BBBCD2345G1Z2,CGST+SGST,Gujarat,11988.0,10 %,Rs.,apex hospital,Multi-Specialty Hospital,Dr Meera Iyer,Joint Replacement Surgeon,SURG-002,24FGHIJ5678K1Z2,Mumbai,West-1,Sneha Joshi,Ortho Distributors,Central-1,Bone Drill Set,Surgical Instrument,Instrument,B9053-B,L78673,UDI-902219-B,SN315093,Sterile,25 Dec 2025,26 Oct 2024,4 PCS,Pieces,"18,500.00","20,350.00",Surgical Prep,Steel,TraumaFix,Ahmedabad WH,26 Dec 2024,In Transit,Professional Couriers,In Stock,25,0,nan,"Credit note adjustment for return batch
Export note retained as multiline remark",Alias master matched,949d71af65f80e77f777bd83817397a5
INV/1080,VCH1080,Sales,2025-08-16,2025-09-30,2025-26,Partially Paid,NEFT,30,33665.62,33665.62,16832.81,27AAACT1234F1Z5,IGST,Karnataka,1603.12,5,INR,Spine & Joint Institute,Orthopedic Clinic,dr. p. nair,Spine Surgeon,SURG-004,27ABCDE1234F1Z1,Ahmedabad,West,A. Verma,ORTHO DISTRIBUTORS,South-1,Locking Plate,Orthopedic Implant,Plate,B1820-B,L20388,UDI-196864-C,SN829088,Sterile,07-02-2027,2025/04/18,5,Box,6750.00,7425,Open Reduction,Titanium,TraumaFix,Nagpur WH,18-08-2025,Delivered,Delhivery,In Stock,10,3,No,"Dispatch against PO; follow-up due on next cycle, ref=""INV/1080""",Name variation retained,d8c99512079950a50ae2d86f406308f3
INV/1080,VCH1080,Sales,2025-08-16,2025-08-31,2025-26,Pending,Bank Transfer,60,14962.5,14962.5,0.0,24BBBCD2345G1Z2,IGST,Karnataka,712.5,5 %,Rs.,SPINE AND JOINT INSTITUTE,Orthopedic Clinic,dr. meera iyer,Joint Replacement Surgeon,SURG-002,27ABCDE1234F1Z1,Ahmedabad,West-1,Rahul Mehta,Trauma Supplies LLP,WEST 1,Cancellous Screw,Orthopedic Implant,Screw,B2800-C,L42534,UDI-357728-B,SN283652,Sterile,07-02-2027,18 Apr 2025,12,pcs,1250.00,"₹1,500.00",Fracture Fixation,Stainless Steel,BoneLock,Mumbai WH-2,45885,Hold,DTDC,Reorder,20,8,Pending,Exported from Tally	with master alias,Text numeric field,6696d63c2f028ae510e267f581a4eb88
INV/1080,VCH1080,Sales,2025-08-16,2025-09-15,2025-26,Pending,cash,30,13098.0,13098.0,0.0,24BBBCD2345G1Z2,CGST+SGST,Maharashtra,1998.0,7.5 %,INR,Ortho Care Centre,Orthopedic Clinic,DR. ANIL SHARMA,Orthopedic Surgeon,SURG-001,27ABCDE1234F1Z1,Pune,South,Amit Verma,Trauma Supplies LLP,South-1,Cancellous Screw,Orthopedic Implant,Screw,B1841-A,L29075,UDI-585804-A,SN535997,Sterile,07 Feb 2027,2025/04/18,5,PCS,"₹2,400.00",2640.00,Fracture Fixation,Stainless Steel,TraumaFix,Ahmedabad WH,45887,In Transit,Delhivery,Reorder,25,5,No,"Revised invoice after doctor change,
please verify branch mapping, ref=""INV/1080""",Mixed date style,c83a67c8d5ef654c37f5b3eeb572516e
INV/1080,VCH1080,Payment,2025-08-16,2025-10-15,2025-26,Pending,cash,15,5310.0,5310.0,0.0,27AAACT1234F1Z5,CGST+SGST,Maharashtra,810.0,10%,Rs.,City Medisurg,Multi-Specialty Hospital,Dr Rajesh Kulkarni,Trauma Surgeon,SURG-003,27ABCDE1234F1Z1,Surat,Central,Rahul Mehta,Ortho Distributors,Central-1,Spinal Rod,Spinal Implant,Rod,B7289-B,L61694,UDI-899128-A,SN197716,Sterile,16-08-2026,45765,4,pcs,"₹1,250.00",1375,Spine Stabilization,Titanium Alloy,OSM,Ahmedabad WH,2025/08/19,Partially Delivered,Delhivery,Low Stock,20,15,No,Approved by store; udi matched,Mixed date style,2f4e7c0c0b837deea84fa8370694d8f9
INV/1081,VCH1081,Sales,2024-09-07,2024-10-22,2024-25,Paid,NEFT,60,15540.0,15540.0,7770.0,29CCCDD3456H1Z3,GST,Maharashtra,1665.0,7.5%,Rs.,city medisurg,Multi-Specialty Hospital,Dr Meera Iyer,Joint Replacement Surgeon,SURG-002,27ABCDE1234F1Z1,Surat,Central 1,Rahul Mehta,Trauma Supplies,WEST 1,Cancellous Screw,Orthopedic Implant,Screw,B9883-C,L57578,UDI-260702-A,SN831257,Non-Sterile,2027/02/24,2024/05/10,12,BOX,"1,250.00","₹1,437.50",Fracture Fixation,Stainless Steel,BoneLock,Mumbai WH-2,09 Sep 2024,Delivered,Blue Dart,Low Stock,10,5,Pending,Approved by store; udi matched,Text numeric field,fb07b1780cc585d3ec21531d7a83ad29
INV/1081,VCH1081,Purchase,2024-09-07,2024-09-22,2024-25,Pending,NEFT,15,155400.0,155400.0,116550.0,24BBBCD2345G1Z2,IGST,Maharashtra,7400.0,0 %,₹,Apex Hospital,Multi-Specialty Hospital,dr nisha patel,Orthopedic Surgeon,SURG-005,24FGHIJ5678K1Z2,Thane,West,Amit Verma,Trauma Supplies LLP,South-1,Spinal Rod,Spinal Implant,Rod,B6853-C,L84972,UDI-811710-C,SN966917,STERILE,46442,2024/07/09,8,PCS,18500,20350.00,Spine Stabilization,Titanium Alloy,OSM,Pune WH,2024/09/07,Delivered,Delhivery,Reorder,25,5,Yes,Dispatch against PO; follow-up due on next cycle,Text numeric field,a9bdcad4fae8ddf99cde9b980a185018
INV/1081,VCH1081,Sales,2024-09-07,2024-10-22,2024-25,Partially Paid,Cash,15,179681.25,179681.25,89840.62,27AAACT1234F1Z5,CGST/SGST,Maharashtra,8556.25,7.5,Rs.,Spine and Joint Institute,Orthopedic Clinic,Dr. R. Kulkarni,Trauma Surgeon,SURG-003,24FGHIJ5678K1Z2,Ahmedabad,South-1,Amit Verma,Trauma Supplies,West-1,Spinal Rod,Spinal Implant,Rod,B6451-C,L51936,UDI-857878-A,SN396196,Non-Sterile,46442,09 Jul 2024,10,Box,18500.00,20350.00,Spine Stabilization,Titanium Alloy,OrthoFlex,Pune WH,08 Sep 2024,In Transit,Delhivery,Low Stock,5,30,No,Exported from Tally	with master alias,Unicode NBSP present,3dd576613e6f07d0566176a368d2d893
inv/1082,VCH1082,Purchase,2024-09-16,2024-11-15,2024-25,Pending,NEFT,60,10080.0,10080.0,5040.0,24BBBCD2345G1Z2,CGST/SGST,Karnataka,480.0,0.00,Rs.,trauma one pvt ltd,Trauma Center,DR A. SHARMA,Orthopedic Surgeon,SURG-001,29LMNOP9012Q1Z3,Nagpur,WEST 1,Sneha Joshi,Ortho Distributors Pvt Ltd,Central-1,Knee Prosthesis,Joint Replacement,Prosthesis,B9209-A,L37664,UDI-209678-B,SN909047,STERILE,10 Mar 2026,18-07-2024,4 PCS,pcs,"₹2,400.00",2760,Arthroplasty,Cobalt Chrome,TraumaFix,Nagpur WH,18 Sep 2024,Partially Delivered,Professional Couriers,Reorder,20,0,No,"Revised invoice after doctor change,
please verify branch mapping",Unicode NBSP present,05983b8e219f22064c468ffdad9aa42d
inv/1082,VCH1082,Receipt,2024-09-16,2024-11-15,2024-25,Adjusted,Cash,45,54600.0,54600.0,54600.0,29CCCDD3456H1Z3,GST,Karnataka,5850.0,2.5%,INR,Spine And Joint Institute,Orthopedic Clinic,dr meera iyer,Joint Replacement Surgeon,SURG-002,27ABCDE1234F1Z1,Ahmedabad,South-1,Rahul Mehta,Ortho Distributors Pvt Ltd,Central-1,Locking Plate,Orthopedic Implant,Plate,B2898-A,L60990,UDI-793411-C,SN401525,Sterile,46271,17-08-2024,2 PCS,Box,25000,30000.00,Open Reduction,Titanium,BoneLock,Mumbai WH,16-09-2024,Hold,TCS,Low Stock,10,0,nan,"Revised invoice after doctor change,
please verify branch mapping",Alias master matched,48b8528fde5d3012223f313fdae3fa52
inv/1082,VCH1082,Sales,2024-09-16,2024-11-15,2024-25,Paid,NEFT,30,299250.0,299250.0,224437.5,24BBBCD2345G1Z2,CGST/SGST,Maharashtra,14250.0,5,Rs.,ortho care center,Orthopedic Clinic,dr. meera iyer,Joint Replacement Surgeon,SURG-002,24FGHIJ5678K1Z2,Pune,West-1,Rahul Mehta,Ortho Distributors,South-1,Locking Plate,Orthopedic Implant,Plate,B3658-A,L54839,UDI-943448-A,SN166514,STERILE,46271,2024/05/19,12,pcs,"₹25,000.00","₹30,000.00",Open Reduction,Titanium,JointMax,Pune WH,16 Sep 2024,Partially Delivered,Professional Couriers,In Stock,5,5,nan,Approved by store; udi matched	tabbed-remark,Unicode NBSP present,97af084fae17fa1ad4e3cf90baf056ea
INV/1083,VCH1083,Payment,2025-07-19,2025-09-17,2025-26,Paid,cash,15,14288.4,14288.4,14288.4,27AAACT1234F1Z5,GST,Gujarat,680.4,10%,INR,Apex Hospital,Multi-Specialty Hospital,Dr A. Sharma,Orthopedic Surgeon,SURG-001,24FGHIJ5678K1Z2,Thane,Central 1,Rahul Mehta,Trauma Supplies LLP,South-1,External Fixator,Trauma Fixation,Fixator,B5231-B,L30058,UDI-797118-A,SN829711,Sterile,46222,2025/06/19,8 PCS,Pieces,1890.00,2079,Trauma Stabilization,Aluminium,TraumaFix,Nagpur WH,45859,Delivered,Delhivery,In Stock,20,0,Yes,"Credit note adjustment for return batch
Export note retained as multiline remark	tabbed-remark",Mixed date style,ab82d156f783f66b3b6bb8e2d321829b
INV/1083,VCH1083,Receipt,2025-07-19,2025-08-03,2025-26,Pending,Cash,60,10054.8,10054.8,5027.4,29CCCDD3456H1Z3,CGST+SGST,Maharashtra,1077.3,5,INR,TRAUMA ONE PVT LTD,Trauma Center,dr. anil sharma,Orthopedic Surgeon,SURG-001,29LMNOP9012Q1Z3,Nagpur,South,R. Mehta,ORTHO DISTRIBUTORS,CENTRAL 1,Spinal Rod,Spinal Implant,Rod,B5056-A,L53786,UDI-266521-C,SN688450,STERILE,19-07-2026,19 Jun 2025,5,pcs,"1,890.00","2,268.00",Spine Stabilization,Titanium Alloy,OrthoFlex,Nagpur WH,45858,Hold,TCS,In Stock,20,20,Yes,Freight included; round-off applied,Mixed date style,ad032adf3e3103b9b37e1ae480b7ac42
INV/1084,VCH1084,Payment,2025-12-11,2026-01-10,2025-26,Pending,cash,30,40356.0,40356.0,20178.0,27AAACT1234F1Z5,IGST,Karnataka,6156.0,0.05,INR,APEX HOSPITAL,Multi-Specialty Hospital,Dr A. Sharma,Orthopedic Surgeon,SURG-001,27ABCDE1234F1Z1,Mumbai,West,Sneha Joshi,Ortho Distributors Pvt Ltd,Central-1,Knee Prosthesis,Joint Replacement,Prosthesis,B1046-C,L37551,UDI-389982-A,SN702485,STERILE,2027/06/04,45942,8,PCS,"₹4,500.00",5175.00,Arthroplasty,Cobalt Chrome,BoneLock,Mumbai WH,11 Dec 2025,In Transit,Delhivery,Low Stock,20,3,No,"Freight included; round-off applied, ref=""INV/1084""
Export note retained as multiline remark",Alias master matched,03bc35fee64172738c505675a2125ee0
INV/1084,VCH1084,Sales Return,2025-12-11,2025-12-26,2025-26,Paid,RTGS,45,13466.25,13466.25,0.0,27AAACT1234F1Z5,IGST,Gujarat,641.25,5%,₹,Trauma One Pvt Ltd,Trauma Center,DR A. SHARMA,Orthopedic Surgeon,SURG-001,29LMNOP9012Q1Z3,Nagpur,West-1,Rahul Mehta,Ortho Distributors,Central-1,Spinal Rod,Spinal Implant,Rod,B3187-A,L40726,UDI-603683-A,SN559411,Non-Sterile,2028/05/29,45972,2,BOX,6750.00,8100,Spine Stabilization,Titanium Alloy,SpinePro,Nagpur WH,14-12-2025,In Transit,TCS,Reorder,5,20,No,Exported from Tally	with master alias,Mixed date style,620db898f64190e4da764f826b08ae0a
INV/1084,VCH1084,Purchase,2025-12-11,2026-02-09,2025-26,Partially Paid,cash,45,63787.5,63787.5,0.0,27AAACT1234F1Z5,GST,Maharashtra,3037.5,10%,Rs.,Ortho Care Center,Orthopedic Clinic,Dr. P. Nair,Spine Surgeon,SURG-004,24FGHIJ5678K1Z2,Pune,Central 1,R. Mehta,Trauma Supplies LLP,W1,Spinal Rod,Spinal Implant,Rod,B1269-C,L19996,UDI-617105-A,SN551750,Non-Sterile,46902,11 Nov 2025,10,PCS,"₹6,750.00","8,100.00",Spine Stabilization,Titanium Alloy,JointMax,Nagpur WH,13-12-2025,Delivered,TCS,Reserved,5,8,Yes,"Approved by store; udi matched
Export note retained as multiline remark",Trailing space preserved,686f89258e5ac34ccce8dc33ac3bfa3e
INV/1084,VCH1084,Receipt,2025-12-11,2026-01-25,2025-26,Paid,Cash,45,12140.62,12140.62,0.0,24BBBCD2345G1Z2,CGST+SGST,Karnataka,578.12,7.5%,₹,Ortho Care Center,Orthopedic Clinic,dr. nisha patel,Orthopedic Surgeon,SURG-005,27ABCDE1234F1Z1,Pune,WEST 1,Sneha Joshi,Trauma Supplies,W1,Cancellous Screw,Orthopedic Implant,Screw,B5509-A,L32553,UDI-757673-C,SN122399,Non-Sterile,04-06-2027,11-11-2025,10 PCS,pcs,"1,250.00",1375,Fracture Fixation,Stainless Steel,OrthoFlex,Ahmedabad WH,11-12-2025,Delivered,Professional Couriers,In Stock,5,3,No,"Invoice for orthopedic implants, includes ""plate, screw"" bundle
Export note retained as multiline remark",Text numeric field,3bb91e05a43240f1b00e939dcf13560f
INV/1085,VCH1085,Purchase,2025-05-31,2025-07-15,2025-26,Adjusted,cash,30,32284.8,32284.8,24213.6,24BBBCD2345G1Z2,CGST+SGST,Maharashtra,4924.8,5,INR,Trauma One Pvt Ltd,Trauma Center,Dr Meera Iyer,Joint Replacement Surgeon,SURG-002,24FGHIJ5678K1Z2,Nagpur,WEST 1,Rahul Mehta,ORTHO DISTRIBUTORS,W1,Bone Drill Set,Surgical Instrument,Instrument,B9772-B,L21930,UDI-409890-B,SN910085,Non-Sterile,46348,01-04-2025,12,Box,"₹2,400.00",2640,Surgical Prep,Steel,OSM,Mumbai WH-2,45811,Delivered,Blue Dart,Low Stock,25,0,Pending,"Invoice for orthopedic implants, includes ""plate, screw"" bundle",Name variation retained,b55c28b02f2773a97f420ada4c41f6e9
INV/1085,VCH1085,Sales,2025-05-31,2025-07-15,2025-26,Pending,NEFT,45,116550.0,116550.0,58275.0,24BBBCD2345G1Z2,CGST/SGST,Karnataka,5550.0,0.07,INR,trauma one pvt ltd,Trauma Center,Dr. Nisha Patel,Orthopedic Surgeon,SURG-005,24FGHIJ5678K1Z2,Nagpur,Central 1,S. Joshi,Ortho Distributors,Central-1,Locking Plate,Orthopedic Implant,Plate,B4119-B,L22879,UDI-185000-A,SN821374,Sterile,31-05-2026,45778,10,BOX,12000.00,"13,200.00",Open Reduction,Titanium,JointMax,Mumbai WH,45810,Partially Delivered,Delhivery,Low Stock,20,3,nan,"Exported from Tally	with master alias
Export note retained as multiline remark",Alias master matched,53ac021479c6848a2650f96525ad1691
INV/1086,VCH1086,Sales,2025-04-22,2025-06-21,2025-26,Paid,Cheque,45,25515.0,25515.0,25515.0,24BBBCD2345G1Z2,IGST,Maharashtra,1215.0,0.10,INR,City Medisurg Pvt. Ltd.,Multi-Specialty Hospital,Dr Rajesh Kulkarni,Trauma Surgeon,SURG-003,24FGHIJ5678K1Z2,Surat,WEST 1,S. Joshi,Trauma Supplies,Central-1,Locking Plate,Orthopedic Implant,Plate,B1645-C,L71573,UDI-493557-C,SN143907,STERILE,09 Oct 2027,21 Feb 2025,4,PCS,6750.00,7425,Open Reduction,Titanium,SpinePro,Mumbai WH,22-04-2025,Partially Delivered,DTDC,Low Stock,20,3,nan,Approved by store; udi matched,Unicode NBSP present,c451566272464a084dd3e8e6f396ebf2
INV/1086,VCH1086,Sales,2025-04-22,2025-05-22,2025-26,Pending,cash,30,196470.0,196470.0,147352.5,29CCCDD3456H1Z3,CGST+SGST,Karnataka,29970.0,10 %,₹,APEX HOSPITAL,Multi-Specialty Hospital,dr a. sharma,Orthopedic Surgeon,SURG-001,24FGHIJ5678K1Z2,Thane,Central,A. Verma,Ortho Distributors Pvt Ltd,WEST 1,Cancellous Screw,Orthopedic Implant,Screw,B5126-A,L70550,UDI-209149-B,SN916101,Sterile,2027/04/12,23-12-2024,10,PCS,18500.00,"22,200.00",Fracture Fixation,Stainless Steel,SpinePro,Nagpur WH,24 Apr 2025,Hold,Delhivery,In Stock,20,20,No,"Invoice for orthopedic implants, includes ""plate, screw"" bundle",Trailing space preserved,1a29ef6a2dbf4e0a17f5b040b0a51595
INV/1086,VCH1086,Sales,2025-04-22,2025-05-07,2025-26,Partially Paid,NEFT,15,14962.5,14962.5,0.0,24BBBCD2345G1Z2,GST,Maharashtra,712.5,5%,INR,apex hospital,Multi-Specialty Hospital,Dr P Nair,Spine Surgeon,SURG-004,29LMNOP9012Q1Z3,Thane,Central 1,Sneha Joshi,Ortho Distributors Pvt Ltd,S-1,External Fixator,Trauma Fixation,Fixator,B3316-A,L21804,UDI-863836-A,SN945891,Sterile,46309,45709,12,PCS,"1,250.00",1437.50,Trauma Stabilization,Aluminium,BoneLock,Nagpur WH,24 Apr 2025,Partially Delivered,Professional Couriers,In Stock,10,3,Pending,"Freight included; round-off applied, ref=""INV/1086""",Trailing space preserved,ed745627c4f1376b7159e850582fbcd1
INV/1087,VCH1087,Purchase,2024-04-28,2024-05-13,2024-25,Adjusted,UPI,30,261960.0,261960.0,0.0,24BBBCD2345G1Z2,GST,Karnataka,39960.0,0.00,INR,CITY MEDISURG,Multi-Specialty Hospital,DR A. SHARMA,Orthopedic Surgeon,SURG-001,29LMNOP9012Q1Z3,Surat,South-1,S. Joshi,ORTHO DISTRIBUTORS,West-1,Spinal Rod,Spinal Implant,Rod,B6665-A,L17594,UDI-510791-B,SN739361,Sterile,46130,2023/12/30,12,PCS,18500.00,"22,200.00",Spine Stabilization,Titanium Alloy,TraumaFix,Pune Main,45411,Delivered,TCS,Reserved,10,15,No,Dispatch against PO; follow-up due on next cycle,Alias master matched,155412d7952f40d3f086c593cec87c5d
INV/1087,VCH1087,Payment,2024-04-28,2024-06-27,2024-25,Pending,Cheque,60,13440.0,13440.0,6720.0,24BBBCD2345G1Z2,CGST/SGST,Maharashtra,1440.0,0%,INR,Spine and Joint Institute,Orthopedic Clinic,dr. p. nair,Spine Surgeon,SURG-004,29LMNOP9012Q1Z3,Ahmedabad,Central,S. Joshi,ORTHO DISTRIBUTORS,WEST 1,Bone Drill Set,Surgical Instrument,Instrument,B7399-B,L89616,UDI-645528-A,SN478873,STERILE,46310,30 Dec 2023,1,PCS,"12,000.00","₹13,200.00",Surgical Prep,Steel,OSM,Ahmedabad WH,01-05-2024,Delivered,Delhivery,Low Stock,10,5,No,"Revised invoice after doctor change,
please verify branch mapping",Mixed date style,098f58ecc66cf1fbd91341c52cc2c1cc
INV/1088,VCH1088,Sales,2025-01-31,2025-03-02,2024-25,Paid,Bank Transfer,45,18648.0,18648.0,9324.0,24BBBCD2345G1Z2,CGST/SGST,Gujarat,888.0,7.5,INR,Spine & Joint Institute,Orthopedic Clinic,Dr. Nisha Patel,Orthopedic Surgeon,SURG-005,27ABCDE1234F1Z1,Ahmedabad,Central 1,Rahul Mehta,Ortho Distributors,West-1,Bone Drill Set,Surgical Instrument,Instrument,B3978-A,L69389,UDI-942306-B,SN399645,STERILE,31 Jan 2026,01 Jan 2025,8,Pieces,"₹2,400.00",2640.00,Surgical Prep,Steel,JointMax,Mumbai WH-2,02 Feb 2025,Hold,DTDC,Reserved,5,8,No,Part payment received; balance pending,Name variation retained,969eeb9ddf678fb00b901bd028f34a11
INV/1088,VCH1088,Sales,2025-01-31,2025-04-01,2024-25,Partially Paid,UPI,45,13098.0,13098.0,0.0,27AAACT1234F1Z5,IGST,Gujarat,1998.0,0.07,₹,city medisurg,Multi-Specialty Hospital,DR. ANIL SHARMA,Orthopedic Surgeon,SURG-001,24FGHIJ5678K1Z2,Surat,South-1,Rahul Mehta,ORTHO DISTRIBUTORS,WEST 1,External Fixator,Trauma Fixation,Fixator,B1286-B,L10402,UDI-645478-A,SN789186,Sterile,2027/07/20,01 Jan 2025,5,Pieces,"2,400.00","₹2,880.00",Trauma Stabilization,Aluminium,SpinePro,Nagpur WH,03-02-2025,Hold,Delhivery,Reorder,25,15,No,Credit note adjustment for return batch,Alias master matched,6b70cacb638d18ab9095d82b5d3f141b
inv/1088,VCH1088,Sales,2025-01-31,2025-02-15,2024-25,Pending,Cash,60,81648.0,81648.0,0.0,29CCCDD3456H1Z3,CGST+SGST,Gujarat,8748.0,0.10,₹,APEX HOSPITAL,Multi-Specialty Hospital,Dr Meera Iyer,Joint Replacement Surgeon,SURG-002,24FGHIJ5678K1Z2,Thane,South,Rahul Mehta,Trauma Supplies,South-1,External Fixator,Trauma Fixation,Fixator,B4167-C,L53888,UDI-311873-A,SN185159,STERILE,2027/07/20,45628,12,PCS,6750.00,"8,100.00",Trauma Stabilization,Aluminium,OSM,Mumbai WH,31 Jan 2025,Delivered,Delhivery,In Stock,25,20,nan,Approved by store; udi matched,Unicode NBSP present,164de5293143589f941db544711148e3
INV/1089,VCH1089,Receipt,2024-08-12,2024-10-11,2024-25,Pending,NEFT,60,24755.22,24755.22,18566.42,29CCCDD3456H1Z3,GST,Maharashtra,3776.22,7.5,INR,Trauma One,Trauma Center,dr. anil sharma,Orthopedic Surgeon,SURG-001,29LMNOP9012Q1Z3,Nagpur,South,Rahul Mehta,Trauma Supplies,S-1,External Fixator,Trauma Fixation,Fixator,B4802-A,L27388,UDI-308078-A,SN575913,Sterile,03 Feb 2026,2024/07/13,12,Pieces,"₹1,890.00","2,079.00",Trauma Stabilization,Aluminium,TraumaFix,Pune Main,15-08-2024,Partially Delivered,Professional Couriers,In Stock,20,5,No,Approved by store; udi matched,Name variation retained,da5e53d2a905aaff8aee6404e596685a
INV/1089,VCH1089,Sales Return,2024-08-12,2024-09-26,2024-25,Paid,Cash,30,25200.0,25200.0,0.0,24BBBCD2345G1Z2,IGST,Gujarat,1200.0,0.00,INR,city medisurg,Multi-Specialty Hospital,DR. ANIL SHARMA,Orthopedic Surgeon,SURG-001,29LMNOP9012Q1Z3,Surat,West-1,Rahul Mehta,Trauma Supplies LLP,Central-1,Bone Drill Set,Surgical Instrument,Instrument,B9186-C,L77291,UDI-213542-A,SN585705,Sterile,46416,13-07-2024,2,pcs,"12,000.00","₹14,400.00",Surgical Prep,Steel,OrthoFlex,Nagpur WH,45516,In Transit,Delhivery,In Stock,25,30,nan,Part payment received; balance pending,Mixed date style,e5158e07743dff717ea85256b560a713
INV/1089,VCH1089,Purchase,2024-08-12,2024-10-11,2024-25,Partially Paid,Bank Transfer,30,201927.5,201927.5,0.0,24BBBCD2345G1Z2,IGST,Karnataka,30802.5,7.5,₹,City Medisurg,Multi-Specialty Hospital,dr. nisha patel,Orthopedic Surgeon,SURG-005,27ABCDE1234F1Z1,Surat,Central 1,S. Joshi,Trauma Supplies LLP,West-1,Bone Drill Set,Surgical Instrument,Instrument,B3800-A,L39348,UDI-188450-C,SN981517,Non-Sterile,2027/01/29,13 Jul 2024,10,Pieces,18500.00,"22,200.00",Surgical Prep,Steel,TraumaFix,Nagpur WH,45519,In Transit,Delhivery,Reserved,5,30,No,"Revised invoice after doctor change,
please verify branch mapping",Trailing space preserved,1377655d0e6d219202b568a644017a4f
INV/1090,VCH1090,Receipt,2025-03-05,2025-04-19,2024-25,Paid,NEFT,60,235764.0,235764.0,0.0,24BBBCD2345G1Z2,CGST/SGST,Karnataka,35964.0,0.10,INR,city medisurg,Multi-Specialty Hospital,dr meera iyer,Joint Replacement Surgeon,SURG-002,27ABCDE1234F1Z1,Surat,West,R. Mehta,Trauma Supplies LLP,W1,Bone Drill Set,Surgical Instrument,Instrument,B8231-A,L56784,UDI-949618-A,SN829054,STERILE,23 Feb 2027,04 Jan 2025,12,pcs,"18,500.00","₹22,200.00",Surgical Prep,Steel,OrthoFlex,Nagpur WH,07 Mar 2025,Hold,TCS,Reserved,10,20,Pending,Credit note adjustment for return batch,Trailing space preserved,7265b05f72c6bd81a96db91edcd8bf6d
INV/1090,VCH1090,Receipt,2025-03-05,2025-05-04,2024-25,Pending,Cash,15,7965.0,7965.0,5973.75,24BBBCD2345G1Z2,CGST/SGST,Maharashtra,1215.0,0 %,₹,City Medisurg Pvt. Ltd.,Multi-Specialty Hospital,Dr Meera Iyer,Joint Replacement Surgeon,SURG-002,24FGHIJ5678K1Z2,Surat,WEST 1,R. Mehta,Trauma Supplies,S-1,Spinal Rod,Spinal Implant,Rod,B7441-B,L87803,UDI-363408-A,SN649018,Sterile,22-08-2027,2024/12/05,1 PCS,BOX,"6,750.00","7,762.50",Spine Stabilization,Titanium Alloy,OrthoFlex,Pune WH,2025/03/08,Partially Delivered,Delhivery,Reorder,20,0,Yes,Part payment received; balance pending,Name variation retained,e189a8e54221050cd9a971a4efbbaa35
INV/1091,VCH1091,Purchase,2024-11-15,2025-01-14,2024-25,Paid,NEFT,15,5457.5,5457.5,0.0,29CCCDD3456H1Z3,GST,Maharashtra,832.5,0.07,INR,Spine And Joint Institute,Orthopedic Clinic,DR. P. NAIR,Spine Surgeon,SURG-004,27ABCDE1234F1Z1,Ahmedabad,West,S. Joshi,ORTHO DISTRIBUTORS,WEST 1,Spinal Rod,Spinal Implant,Rod,B2854-B,L88512,UDI-964371-C,SN178129,Sterile,05-11-2026,2024/10/16,4,BOX,1250,1437.50,Spine Stabilization,Titanium Alloy,OrthoFlex,Nagpur WH,17-11-2024,Hold,Delhivery,In Stock,5,0,nan,Freight included; round-off applied,Name variation retained,4a1af2ce52b87a8e295bd2e490fff1f5
INV/1091,VCH1091,Receipt,2024-11-15,2024-12-30,2024-25,Pending,RTGS,45,18852.75,18852.75,0.0,24BBBCD2345G1Z2,CGST+SGST,Gujarat,897.75,0.05,INR,City Medisurg,Multi-Specialty Hospital,Dr. R. Kulkarni,Trauma Surgeon,SURG-003,24FGHIJ5678K1Z2,Surat,West,Sneha Joshi,Ortho Distributors Pvt Ltd,S-1,Cancellous Screw,Orthopedic Implant,Screw,B9425-C,L83112,UDI-478521-A,SN346425,Sterile,04 May 2027,2024/07/18,10 PCS,Pieces,1890,"2,079.00",Fracture Fixation,Stainless Steel,SpinePro,Pune Main,16-11-2024,In Transit,Blue Dart,In Stock,25,5,Yes,Exported from Tally	with master alias,Trailing space preserved,1d283ce0a30960366b99a1db76229c4d
INV/1092,VCH1092,Payment,2024-04-27,2024-05-27,2024-25,Pending,NEFT,30,15133.5,15133.5,0.0,24BBBCD2345G1Z2,GST,Karnataka,2308.5,0.05,₹,Apex Hospital,Multi-Specialty Hospital,DR. ANIL SHARMA,Orthopedic Surgeon,SURG-001,24FGHIJ5678K1Z2,Mumbai,WEST 1,Rahul Mehta,Trauma Supplies LLP,West-1,Locking Plate,Orthopedic Implant,Plate,B7974-C,L33874,UDI-135430-C,SN314005,Sterile,19 Oct 2025,27 Feb 2024,2,PCS,"₹6,750.00",8100.00,Open Reduction,Titanium,TraumaFix,Pune WH,2024/04/27,Partially Delivered,Delhivery,Reorder,10,3,Pending,Credit note adjustment for return batch,Alias master matched,0d53b9d1be37349ef08d8cb5613c86ec
INV/1092,VCH1092,Purchase,2024-04-27,2024-06-26,2024-25,Paid,Bank Transfer,30,6378.75,6378.75,4784.06,24BBBCD2345G1Z2,IGST,Maharashtra,303.75,10 %,₹,City Medisurg,Multi-Specialty Hospital,dr. meera iyer,Joint Replacement Surgeon,SURG-002,29LMNOP9012Q1Z3,Surat,Central,Amit Verma,Ortho Distributors,S-1,Bone Drill Set,Surgical Instrument,Instrument,B9498-C,L21415,UDI-904189-B,SN523651,Sterile,19 Oct 2025,28 Mar 2024,1 PCS,BOX,6750.00,8100,Surgical Prep,Steel,OrthoFlex,Ahmedabad WH,2024/04/27,Delivered,DTDC,Reserved,25,20,No,"Freight included; round-off applied, ref=""INV/1092""",Alias master matched,bed9f521363b52cc729574aa5ea343dd
INV/1092,VCH1092,Sales,2024-04-27,2024-05-27,2024-25,Partially Paid,Cheque,30,57348.0,57348.0,0.0,24BBBCD2345G1Z2,IGST,Karnataka,8748.0,0.10,₹,ORTHO CARE CENTRE,Orthopedic Clinic,Dr Meera Iyer,Joint Replacement Surgeon,SURG-002,27ABCDE1234F1Z1,Pune,South,R. Mehta,Ortho Distributors Pvt Ltd,WEST 1,Knee Prosthesis,Joint Replacement,Prosthesis,B4871-C,L82175,UDI-179023-C,SN417926,STERILE,19-10-2025,2024/01/28,12 PCS,pcs,"4,500.00","₹5,400.00",Arthroplasty,Cobalt Chrome,OrthoFlex,Mumbai WH,2024/04/27,In Transit,Delhivery,Reorder,25,0,nan,"Revised invoice after doctor change,
please verify branch mapping",Unicode NBSP present,f7d25d07d8aab7196ff07b836c9950bf
INV/1093,VCH1093,Purchase,2024-10-09,2024-12-08,2024-25,Paid,cash,45,13806.0,13806.0,10354.5,24BBBCD2345G1Z2,IGST,Maharashtra,2106.0,2.5,INR,Spine & Joint Institute,Orthopedic Clinic,dr a. sharma,Orthopedic Surgeon,SURG-001,29LMNOP9012Q1Z3,Ahmedabad,West-1,R. Mehta,Ortho Distributors,West-1,Cancellous Screw,Orthopedic Implant,Screw,B9978-A,L32710,UDI-864624-C,SN156927,Sterile,02 Apr 2026,09 Sep 2024,1 PCS,PCS,"12,000.00","13,200.00",Fracture Fixation,Stainless Steel,OSM,Pune Main,12 Oct 2024,Delivered,Delhivery,Reorder,10,20,Pending,"Approved by store; udi matched, ref=""INV/1093""",Name variation retained,60e13f28a0dfccf2c68fd52547f09d43
INV/1093,VCH1093,Sales,2024-10-09,2024-11-08,2024-25,Partially Paid,Cash,30,100800.0,100800.0,100800.0,24BBBCD2345G1Z2,CGST+SGST,Gujarat,4800.0,0,₹,CITY MEDISURG,Multi-Specialty Hospital,Dr. Meera Iyer,Joint Replacement Surgeon,SURG-002,24FGHIJ5678K1Z2,Surat,West,A. Verma,Trauma Supplies,WEST 1,Bone Drill Set,Surgical Instrument,Instrument,B1793-C,L29782,UDI-220764-A,SN517143,STERILE,02 Apr 2026,45484,8,pcs,"₹12,000.00","₹13,800.00",Surgical Prep,Steel,OSM,Pune Main,12-10-2024,In Transit,Professional Couriers,In Stock,25,5,nan,Credit note adjustment for return batch,Alias master matched,5d591d0265586b143608c053c3d16d02
INV/1093,VCH1093,Sales,2024-10-09,2024-11-23,2024-25,Pending,Cash,15,26196.0,26196.0,19647.0,27AAACT1234F1Z5,GST,Maharashtra,3996.0,7.5,INR,ORTHO CARE CENTRE,Orthopedic Clinic,Dr. Nisha Patel,Orthopedic Surgeon,SURG-005,27ABCDE1234F1Z1,Pune,Central 1,R. Mehta,Trauma Supplies LLP,S-1,Locking Plate,Orthopedic Implant,Plate,B6351-A,L29677,UDI-109166-C,SN797222,Sterile,29-09-2026,45514,10,Box,2400.00,"₹2,880.00",Open Reduction,Titanium,TraumaFix,Pune Main,09-10-2024,Hold,TCS,Low Stock,5,20,Yes,Exported from Tally	with master alias,Name variation retained,289ec85b62ff499dfc8e51880875a0c9
INV/1094,VCH1094,Sales,2024-09-07,2024-11-06,2024-25,Partially Paid,Cheque,45,10593.45,10593.45,10593.45,27AAACT1234F1Z5,CGST/SGST,Gujarat,1615.95,0.05,INR,apex hospital,Multi-Specialty Hospital,Dr P Nair,Spine Surgeon,SURG-004,24FGHIJ5678K1Z2,Thane,Central,S. Joshi,Ortho Distributors Pvt Ltd,Central-1,Locking Plate,Orthopedic Implant,Plate,B3072-B,L79605,UDI-532371-A,SN236301,Non-Sterile,46262,10-05-2024,5,PCS,1890.00,"₹2,173.50",Open Reduction,Titanium,TraumaFix,Mumbai WH,2024/09/08,In Transit,TCS,Reserved,20,8,No,Exported from Tally	with master alias,Mixed date style,99b422c61252241b650b8d77988589f7
INV/1094,VCH1094,Receipt,2024-09-07,2024-09-22,2024-25,Partially Paid,Cash,60,1475.0,1475.0,1475.0,29CCCDD3456H1Z3,CGST+SGST,Gujarat,225.0,0,INR,TRAUMA ONE PVT LTD,Trauma Center,Dr. Anil Sharma,Orthopedic Surgeon,SURG-001,24FGHIJ5678K1Z2,Nagpur,WEST 1,S. Joshi,Ortho Distributors Pvt Ltd,CENTRAL 1,Locking Plate,Orthopedic Implant,Plate,B9468-A,L97843,UDI-144693-C,SN113766,STERILE,46442,45512,1,Pieces,1250,"1,375.00",Open Reduction,Titanium,SpinePro,Mumbai WH,08-09-2024,Delivered,TCS,In Stock,10,5,nan,Approved by store; udi matched,Unicode NBSP present,c95594c6c6b0f4c7fdb296688b28fad8
INV/1095,VCH1095,Payment,2025-09-27,2025-10-12,2025-26,Partially Paid,Cheque,15,32779.69,32779.69,32779.69,29CCCDD3456H1Z3,CGST+SGST,Maharashtra,1560.94,7.5,Rs.,Spine & Joint Institute,Orthopedic Clinic,dr. p. nair,Spine Surgeon,SURG-004,27ABCDE1234F1Z1,Ahmedabad,Central 1,Rahul Mehta,Ortho Distributors,CENTRAL 1,Bone Drill Set,Surgical Instrument,Instrument,B6787-C,L18398,UDI-963180-A,SN182767,Sterile,46467,45837,5,Box,6750.00,8100,Surgical Prep,Steel,OrthoFlex,Ahmedabad WH,27 Sep 2025,In Transit,DTDC,In Stock,20,3,Pending,"Revised invoice after doctor change,
please verify branch mapping",Alias master matched,7dbfb5aac73f6c8bf40c8da1d25a7b9e
INV/1095,VCH1095,Receipt,2025-09-27,2025-10-12,2025-26,Adjusted,RTGS,45,32256.0,32256.0,24192.0,29CCCDD3456H1Z3,IGST,Karnataka,3456.0,0%,INR,City Medisurg Pvt. Ltd.,Multi-Specialty Hospital,dr a. sharma,Orthopedic Surgeon,SURG-001,27ABCDE1234F1Z1,Surat,West,Rahul Mehta,Trauma Supplies,WEST 1,Spinal Rod,Spinal Implant,Rod,B5794-A,L63855,UDI-500788-C,SN683576,Sterile,2028/03/15,30 May 2025,12,BOX,"₹2,400.00","2,760.00",Spine Stabilization,Titanium Alloy,OSM,Ahmedabad WH,29-09-2025,In Transit,Professional Couriers,In Stock,25,0,Pending,"Part payment received; balance pending, ref=""INV/1095""",Trailing space preserved,d5ee9a632283e4b9342f6d803f8d1c12
INV/1095,VCH1095,Sales,2025-09-27,2025-10-27,2025-26,Pending,Bank Transfer,60,95580.0,95580.0,95580.0,24BBBCD2345G1Z2,CGST/SGST,Karnataka,14580.0,0,₹,apex hospital,Multi-Specialty Hospital,Dr. Anil Sharma,Orthopedic Surgeon,SURG-001,27ABCDE1234F1Z1,Thane,Central 1,Sneha Joshi,Trauma Supplies LLP,S-1,Bone Drill Set,Surgical Instrument,Instrument,B7537-B,L49860,UDI-132019-A,SN673170,STERILE,2027/03/21,30 May 2025,12,Box,"6,750.00",7425.00,Surgical Prep,Steel,OrthoFlex,Mumbai WH-2,45929,Hold,Delhivery,Reorder,20,30,nan,Dispatch against PO; follow-up due on next cycle,Unicode NBSP present,5231f1144630f9153cd3b1eb072c3f9a
INV/1096,VCH1096,Sales,2024-09-17,2024-10-02,2024-25,Pending,UPI,30,98235.0,98235.0,98235.0,24BBBCD2345G1Z2,CGST/SGST,Karnataka,14985.0,0.10,Rs.,Spine And Joint Institute,Orthopedic Clinic,dr. nisha patel,Orthopedic Surgeon,SURG-005,24FGHIJ5678K1Z2,Ahmedabad,South-1,R. Mehta,ORTHO DISTRIBUTORS,South-1,Cancellous Screw,Orthopedic Implant,Screw,B3900-B,L47239,UDI-678654-C,SN360163,Non-Sterile,2026/09/07,18 Aug 2024,5,Box,"₹18,500.00","₹22,200.00",Fracture Fixation,Stainless Steel,JointMax,Mumbai WH,2024/09/19,In Transit,DTDC,In Stock,25,5,Pending,Dispatch against PO; follow-up due on next cycle,Text numeric field,710b7129846e6066a48bc0edfc0a9154
INV/1096,VCH1096,Sales Return,2024-09-17,2024-10-17,2024-25,Adjusted,Bank Transfer,45,5044.5,5044.5,0.0,24BBBCD2345G1Z2,IGST,Karnataka,769.5,5,INR,Spine And Joint Institute,Orthopedic Clinic,Dr. Nisha Patel,Orthopedic Surgeon,SURG-005,27ABCDE1234F1Z1,Ahmedabad,South-1,R. Mehta,Ortho Distributors Pvt Ltd,South-1,Cancellous Screw,Orthopedic Implant,Screw,B5913-A,L38108,UDI-753513-A,SN193513,Non-Sterile,11-03-2026,20-05-2024,1,PCS,4500,"4,950.00",Fracture Fixation,Stainless Steel,JointMax,Mumbai WH-2,2024/09/17,Delivered,Professional Couriers,In Stock,20,5,No,"Revised invoice after doctor change,
please verify branch mapping",Text numeric field,de20eb7acc697de6170c20f6b5cce56b
INV/1096,VCH1096,Receipt,2024-09-17,2024-10-02,2024-25,Pending,NEFT,45,10314.67,10314.67,0.0,27AAACT1234F1Z5,CGST+SGST,Gujarat,1573.42,7.5 %,INR,Apex Hospital,Multi-Specialty Hospital,DR NISHA PATEL,Orthopedic Surgeon,SURG-005,27ABCDE1234F1Z1,Mumbai,Central 1,A. Verma,Trauma Supplies,S-1,Knee Prosthesis,Joint Replacement,Prosthesis,B2713-A,L52788,UDI-384027-B,SN642084,STERILE,17 Sep 2025,2024/06/19,5,Box,"1,890.00",2173.50,Arthroplasty,Cobalt Chrome,OrthoFlex,Pune WH,18 Sep 2024,Partially Delivered,Delhivery,In Stock,5,8,Pending,Exported from Tally	with master alias,Alias master matched,100ce3cf3d9f78b552cdd3789fb0e2ba
INV/1096,VCH1096,Receipt,2024-09-17,2024-10-17,2024-25,Paid,UPI,30,242424.0,242424.0,0.0,27AAACT1234F1Z5,GST,Gujarat,25974.0,2.5 %,₹,City Medisurg Pvt. Ltd.,Multi-Specialty Hospital,Dr. Anil Sharma,Orthopedic Surgeon,SURG-001,24FGHIJ5678K1Z2,Surat,West,A. Verma,Trauma Supplies,South-1,Cancellous Screw,Orthopedic Implant,Screw,B5933-A,L49152,UDI-787932-C,SN700204,Non-Sterile,2025/09/17,45492,12 PCS,Box,"₹18,500.00","₹21,275.00",Fracture Fixation,Stainless Steel,JointMax,Ahmedabad WH,20-09-2024,Delivered,Delhivery,In Stock,5,8,nan,"Exported from Tally	with master alias
Export note retained as multiline remark",Mixed date style,ba87d46487ed54917fbab5141f521149
inv/1097,VCH1097,Payment,2024-08-12,2024-09-26,2024-25,Paid,Cheque,45,13104.0,13104.0,13104.0,24BBBCD2345G1Z2,GST,Maharashtra,1404.0,2.5,₹,Trauma One,Trauma Center,dr. r. kulkarni,Trauma Surgeon,SURG-003,27ABCDE1234F1Z1,Nagpur,West,Rahul Mehta,Ortho Distributors,West-1,Knee Prosthesis,Joint Replacement,Prosthesis,B5818-A,L69234,UDI-224166-A,SN259546,Non-Sterile,29-01-2027,13 Jul 2024,5,BOX,2400,2880,Arthroplasty,Cobalt Chrome,SpinePro,Pune Main,2024/08/12,In Transit,Delhivery,Low Stock,5,3,No,Approved by store; udi matched,Text numeric field,5663a8a6d8db9474c5c955c2703341d9
INV/1097,VCH1097,Sales,2024-08-12,2024-10-11,2024-25,Partially Paid,RTGS,15,6650.0,6650.0,4987.5,29CCCDD3456H1Z3,CGST/SGST,Maharashtra,712.5,5,INR,city medisurg,Multi-Specialty Hospital,Dr Nisha Patel,Orthopedic Surgeon,SURG-005,24FGHIJ5678K1Z2,Surat,West,Amit Verma,ORTHO DISTRIBUTORS,WEST 1,Spinal Rod,Spinal Implant,Rod,B7322-C,L16303,UDI-339050-B,SN462512,Sterile,2027/01/29,2024/06/13,5 PCS,BOX,"1,250.00",1437.50,Spine Stabilization,Titanium Alloy,JointMax,Mumbai WH-2,14-08-2024,Delivered,DTDC,In Stock,25,20,Yes,"Credit note adjustment for return batch
Export note retained as multiline remark",Name variation retained,116edab17466ad3bc5c57958b9f38bbd
INV/1097,VCH1097,Sales,2024-08-12,2024-09-26,2024-25,Partially Paid,NEFT,60,94696.88,94696.88,71022.66,27AAACT1234F1Z5,CGST+SGST,Karnataka,4509.38,2.5,INR,city medisurg,Multi-Specialty Hospital,Dr A. Sharma,Orthopedic Surgeon,SURG-001,27ABCDE1234F1Z1,Surat,West-1,R. Mehta,ORTHO DISTRIBUTORS,CENTRAL 1,Knee Prosthesis,Joint Replacement,Prosthesis,B7341-A,L15466,UDI-163730-A,SN736213,Non-Sterile,03-02-2026,14 Apr 2024,5 PCS,Pieces,"18,500.00",20350,Arthroplasty,Cobalt Chrome,TraumaFix,Mumbai WH,45517,Partially Delivered,TCS,In Stock,20,20,nan,"Revised invoice after doctor change,
please verify branch mapping",Mixed date style,91fbb292ed79b7cef6da6eebc0c0f7d3
inv/1098,VCH1098,Receipt,2024-06-07,2024-07-22,2024-25,Adjusted,Cheque,30,11151.0,11151.0,0.0,24BBBCD2345G1Z2,GST,Karnataka,1701.0,0 %,INR,City Medisurg,Multi-Specialty Hospital,DR NISHA PATEL,Orthopedic Surgeon,SURG-005,27ABCDE1234F1Z1,Surat,South-1,Sneha Joshi,ORTHO DISTRIBUTORS,Central-1,Cancellous Screw,Orthopedic Implant,Screw,B3539-C,L88492,UDI-714807-C,SN639484,Sterile,29 Nov 2025,08-05-2024,5,PCS,1890.00,"₹2,079.00",Fracture Fixation,Stainless Steel,TraumaFix,Ahmedabad WH,08 Jun 2024,Hold,Professional Couriers,Reserved,25,30,Pending,Credit note adjustment for return batch,Alias master matched,654bfe751ff0f3bfb46b01405c0263f9
INV/1098,VCH1098,Sales,2024-06-07,2024-07-07,2024-25,Pending,cash,45,2655.0,2655.0,0.0,27AAACT1234F1Z5,IGST,Maharashtra,405.0,10 %,INR,APEX HOSPITAL,Multi-Specialty Hospital,Dr Nisha Patel,Orthopedic Surgeon,SURG-005,27ABCDE1234F1Z1,Thane,West,R. Mehta,Trauma Supplies,West-1,Cancellous Screw,Orthopedic Implant,Screw,B1742-A,L76574,UDI-555051-B,SN220181,Sterile,45815,45420,2 PCS,Box,1250,"1,375.00",Fracture Fixation,Stainless Steel,BoneLock,Mumbai WH,08 Jun 2024,Hold,Delhivery,In Stock,5,3,Pending,Part payment received; balance pending,Trailing space preserved,e1bd76402151ebc5b0eb10b3fa565a33
INV/1098,VCH1098,Sales,2024-06-07,2024-08-06,2024-25,Pending,Bank Transfer,30,2660.0,2660.0,1330.0,27AAACT1234F1Z5,CGST+SGST,Karnataka,285.0,5 %,INR,apex hospital,Multi-Specialty Hospital,dr p nair,Spine Surgeon,SURG-004,29LMNOP9012Q1Z3,Mumbai,South,A. Verma,Ortho Distributors,South-1,Knee Prosthesis,Joint Replacement,Prosthesis,B2479-C,L39464,UDI-488988-B,SN190745,STERILE,28 May 2026,45420,2,Pieces,1250.00,"1,437.50",Arthroplasty,Cobalt Chrome,OSM,Nagpur WH,2024/06/10,Delivered,Delhivery,In Stock,5,5,Pending,Credit note adjustment for return batch,Unicode NBSP present,845e2e1c7e82ccaead1cdbd3094ebf74
INV/1098,VCH1098,Sales,2024-06-07,2024-08-06,2024-25,Pending,Cash,60,12768.0,12768.0,0.0,24BBBCD2345G1Z2,IGST,Gujarat,1368.0,5%,₹,Apex Hospital,Multi-Specialty Hospital,DR RAJESH KULKARNI,Trauma Surgeon,SURG-003,27ABCDE1234F1Z1,Mumbai,Central,Amit Verma,Trauma Supplies LLP,CENTRAL 1,External Fixator,Trauma Fixation,Fixator,B1240-B,L20310,UDI-971405-A,SN498606,Non-Sterile,29 Nov 2025,45420,5 PCS,Box,2400.00,2880,Trauma Stabilization,Aluminium,OSM,Nagpur WH,10-06-2024,Hold,TCS,Reserved,10,15,nan,Part payment received; balance pending,Name variation retained,a4d6075fe68b6d4cd924cd4f9f6a5b7e
INV/1099,VCH1099,Receipt,2025-08-02,2025-09-16,2025-26,Paid,RTGS,30,7006.25,7006.25,0.0,27AAACT1234F1Z5,GST,Maharashtra,1068.75,0.05,Rs.,SPINE AND JOINT INSTITUTE,Orthopedic Clinic,Dr Nisha Patel,Orthopedic Surgeon,SURG-005,24FGHIJ5678K1Z2,Ahmedabad,South,Rahul Mehta,Ortho Distributors,CENTRAL 1,Locking Plate,Orthopedic Implant,Plate,B3069-B,L75135,UDI-103026-C,SN248411,STERILE,02 Aug 2026,45811,5,PCS,1250.00,1375.00,Open Reduction,Titanium,BoneLock,Mumbai WH,45873,In Transit,DTDC,Reserved,10,0,No,Approved by store; udi matched,Name variation retained,32980fadf0a55f2ccb1db24ce639ad01
INV/1099,VCH1099,Sales,2025-08-02,2025-08-17,2025-26,Paid,Cash,45,67200.0,67200.0,67200.0,27AAACT1234F1Z5,IGST,Karnataka,7200.0,0 %,INR,Apex Hospital,Multi-Specialty Hospital,DR. P. NAIR,Spine Surgeon,SURG-004,29LMNOP9012Q1Z3,Thane,South,Sneha Joshi,Trauma Supplies LLP,CENTRAL 1,Locking Plate,Orthopedic Implant,Plate,B1714-C,L57543,UDI-548165-A,SN883843,Sterile,46236,03-07-2025,5,pcs,"₹12,000.00",13800,Open Reduction,Titanium,SpinePro,Mumbai WH,04-08-2025,Delivered,Delhivery,Reorder,25,30,No,Credit note adjustment for return batch,Mixed date style,a7e4c7a8862101ecbbe91a43f7412d9d
INV/1099,VCH1099,Sales Return,2025-08-02,2025-08-17,2025-26,Paid,Cash,45,18648.0,18648.0,18648.0,27AAACT1234F1Z5,IGST,Maharashtra,888.0,7.5 %,INR,APEX HOSPITAL LTD.,Multi-Specialty Hospital,DR NISHA PATEL,Orthopedic Surgeon,SURG-005,27ABCDE1234F1Z1,Mumbai,Central 1,A. Verma,Ortho Distributors Pvt Ltd,S-1,Bone Drill Set,Surgical Instrument,Instrument,B4495-C,L57178,UDI-172058-B,SN411185,Sterile,02 Aug 2026,03-07-2025,8,BOX,2400,"2,640.00",Surgical Prep,Steel,TraumaFix,Pune Main,2025/08/03,In Transit,Professional Couriers,Low Stock,5,8,No,Freight included; round-off applied,Alias master matched,bb7c745438d9945f6cf2aa699afb131b
INV/1100,VCH1100,Sales Return,2025-04-04,2025-05-04,2025-26,Pending,Cash,15,11655.0,11655.0,11655.0,27AAACT1234F1Z5,CGST+SGST,Karnataka,555.0,7.5 %,INR,CITY MEDISURG,Multi-Specialty Hospital,Dr Rajesh Kulkarni,Trauma Surgeon,SURG-003,27ABCDE1234F1Z1,Surat,Central,R. Mehta,Trauma Supplies LLP,W1,Spinal Rod,Spinal Implant,Rod,B8580-C,L60842,UDI-204574-A,SN204980,Sterile,2027/03/25,2025/03/05,1,PCS,"₹12,000.00",13200.00,Spine Stabilization,Titanium Alloy,JointMax,Pune Main,04-04-2025,Hold,Delhivery,In Stock,20,0,No,"Exported from Tally	with master alias
Export note retained as multiline remark",Text numeric field,5384e27fb9d780b3faafe9416ddd62f7
INV/1100,VCH1100,Sales,2025-04-04,2025-05-19,2025-26,Adjusted,Cash,30,24192.0,24192.0,24192.0,29CCCDD3456H1Z3,CGST+SGST,Karnataka,2592.0,10,₹,trauma one,Trauma Center,Dr Meera Iyer,Joint Replacement Surgeon,SURG-002,29LMNOP9012Q1Z3,Nagpur,West-1,Amit Verma,Trauma Supplies LLP,CENTRAL 1,Bone Drill Set,Surgical Instrument,Instrument,B6999-C,L13676,UDI-471054-C,SN879263,Sterile,25 Mar 2027,45631,2 PCS,pcs,"12,000.00","13,800.00",Surgical Prep,Steel,BoneLock,Pune WH,45751,Hold,TCS,Reserved,20,30,No,Dispatch against PO; follow-up due on next cycle,Trailing space preserved,827fea7dec4bdc7793510dd34310aa69
INV/1100,VCH1100,Purchase,2025-04-04,2025-06-03,2025-26,Adjusted,Cheque,60,98280.0,98280.0,73710.0,27AAACT1234F1Z5,CGST/SGST,Karnataka,4680.0,0.03,INR,ORTHO CARE CENTRE,Orthopedic Clinic,Dr Rajesh Kulkarni,Trauma Surgeon,SURG-003,24FGHIJ5678K1Z2,Pune,West,Rahul Mehta,Trauma Supplies,South-1,Bone Drill Set,Surgical Instrument,Instrument,B8196-B,L44441,UDI-673293-B,SN851964,STERILE,04-04-2026,2025/03/05,8 PCS,PCS,"12,000.00","₹13,800.00",Surgical Prep,Steel,BoneLock,Mumbai WH-2,04 Apr 2025,Hold,TCS,In Stock,20,3,No,Credit note adjustment for return batch,Text numeric field,d4b8411a8649020afdf9e53a0ff6db8c
INV/1100,VCH1100,Payment,2025-04-04,2025-05-19,2025-26,Pending,Cheque,30,4914.0,4914.0,2457.0,27AAACT1234F1Z5,CGST/SGST,Karnataka,234.0,2.5 %,Rs.,City Medisurg,Multi-Specialty Hospital,dr. anil sharma,Orthopedic Surgeon,SURG-001,24FGHIJ5678K1Z2,Surat,South,Rahul Mehta,ORTHO DISTRIBUTORS,CENTRAL 1,Bone Drill Set,Surgical Instrument,Instrument,B7783-C,L43197,UDI-768159-C,SN682783,Sterile,04 Apr 2026,45721,2,pcs,"₹2,400.00","₹2,760.00",Surgical Prep,Steel,OSM,Pune Main,45751,Partially Delivered,Delhivery,Low Stock,10,0,No,Freight included; round-off applied,Unicode NBSP present,1416da6749238ab64c0bb45d9cb8936c
INV/1101,VCH1101,Payment,2024-12-18,2025-01-02,2024-25,Pending,cash,30,21504.0,21504.0,10752.0,24BBBCD2345G1Z2,IGST,Gujarat,2304.0,0.00,INR,Spine & Joint Institute,Orthopedic Clinic,Dr. Anil Sharma,Orthopedic Surgeon,SURG-001,24FGHIJ5678K1Z2,Ahmedabad,Central,Sneha Joshi,Trauma Supplies LLP,WEST 1,Bone Drill Set,Surgical Instrument,Instrument,B3039-C,L85084,UDI-469698-C,SN923841,Non-Sterile,11 Jun 2026,45584,8,BOX,2400,"₹2,880.00",Surgical Prep,Steel,BoneLock,Mumbai WH,2024/12/20,Hold,Delhivery,Low Stock,20,5,No,"Credit note adjustment for return batch, ref=""INV/1101""",Name variation retained,54de45308d21f81160632b5769518ded
INV/1101,VCH1101,Receipt,2024-12-18,2025-01-17,2024-25,Partially Paid,Cheque,30,2761.2,2761.2,2070.9,27AAACT1234F1Z5,GST,Gujarat,421.2,2.5%,INR,ORTHO CARE CENTER,Orthopedic Clinic,dr. anil sharma,Orthopedic Surgeon,SURG-001,27ABCDE1234F1Z1,Pune,West-1,Rahul Mehta,Ortho Distributors Pvt Ltd,Central-1,Bone Drill Set,Surgical Instrument,Instrument,B8983-B,L95830,UDI-192988-B,SN392284,STERILE,11 Jun 2026,45614,1,pcs,"2,400.00",2640.00,Surgical Prep,Steel,BoneLock,Pune WH,45644,Delivered,Blue Dart,In Stock,20,8,Yes,"Credit note adjustment for return batch, ref=""INV/1101""",Alias master matched,aa6ef29b63a5de3729685939ed5c863a
INV/1101,VCH1101,Sales Return,2024-12-18,2025-01-17,2024-25,Adjusted,Cheque,15,16815.0,16815.0,0.0,29CCCDD3456H1Z3,CGST/SGST,Gujarat,2565.0,5%,INR,ortho care centre,Orthopedic Clinic,Dr. Anil Sharma,Orthopedic Surgeon,SURG-001,29LMNOP9012Q1Z3,Pune,South-1,A. Verma,Trauma Supplies,WEST 1,Bone Drill Set,Surgical Instrument,Instrument,B2212-B,L49129,UDI-194014-B,SN815795,Non-Sterile,46544,20-08-2024,12,BOX,1250.00,1375,Surgical Prep,Steel,JointMax,Pune WH,21-12-2024,Delivered,Delhivery,Low Stock,5,15,nan,Freight included; round-off applied,Text numeric field,2a53c8783f057d4c3d3cccbf80b7e4b7
INV/1101,VCH1101,Purchase,2024-12-18,2025-02-01,2024-25,Adjusted,cash,45,5605.0,5605.0,4203.75,24BBBCD2345G1Z2,GST,Gujarat,855.0,5 %,INR,SPINE AND JOINT INSTITUTE,Orthopedic Clinic,Dr. P. Nair,Spine Surgeon,SURG-004,24FGHIJ5678K1Z2,Ahmedabad,Central 1,Amit Verma,Trauma Supplies LLP,WEST 1,Spinal Rod,Spinal Implant,Rod,B7175-A,L69456,UDI-108950-B,SN778662,STERILE,06 Jun 2027,18-11-2024,4 PCS,pcs,1250,1500.00,Spine Stabilization,Titanium Alloy,OrthoFlex,Pune Main,20 Dec 2024,Hold,Blue Dart,In Stock,20,3,Yes,Dispatch against PO; follow-up due on next cycle,Name variation retained,c4374e8a22e3eb0495c0c92a6ae1f444
INV/1102,VCH1102,Sales,2024-10-23,2024-11-07,2024-25,Paid,cash,60,109200.0,109200.0,81900.0,27AAACT1234F1Z5,CGST/SGST,Karnataka,11700.0,2.5 %,INR,ortho care centre,Orthopedic Clinic,dr. meera iyer,Joint Replacement Surgeon,SURG-002,27ABCDE1234F1Z1,Pune,Central,Rahul Mehta,Ortho Distributors Pvt Ltd,WEST 1,Bone Drill Set,Surgical Instrument,Instrument,B5375-B,L71198,UDI-525373-A,SN492022,Sterile,16 Apr 2026,2024/08/24,4 PCS,BOX,25000.00,"₹30,000.00",Surgical Prep,Steel,BoneLock,Mumbai WH,25 Oct 2024,Partially Delivered,Delhivery,Reserved,20,15,Pending,"Part payment received; balance pending, ref=""INV/1102""",Trailing space preserved,d094d0218fba4c245d576e09b6f65343
INV/1102,VCH1102,Purchase,2024-10-23,2024-12-07,2024-25,Partially Paid,Cash,60,209790.0,209790.0,157342.5,27AAACT1234F1Z5,IGST,Maharashtra,9990.0,10%,Rs.,APEX HOSPITAL LTD.,Multi-Specialty Hospital,Dr Rajesh Kulkarni,Trauma Surgeon,SURG-003,27ABCDE1234F1Z1,Mumbai,South,S. Joshi,Ortho Distributors Pvt Ltd,CENTRAL 1,Cancellous Screw,Orthopedic Implant,Screw,B7304-A,L47475,UDI-224427-B,SN290413,Sterile,13-10-2026,25-06-2024,12 PCS,PCS,18500,"₹22,200.00",Fracture Fixation,Stainless Steel,BoneLock,Nagpur WH,26-10-2024,Delivered,Blue Dart,Reorder,10,3,nan,"Part payment received; balance pending, ref=""INV/1102""",Trailing space preserved,5d9b2bba57d1f845595eaa344192e13d
INV/1102,VCH1102,Purchase,2024-10-23,2024-12-07,2024-25,Partially Paid,RTGS,60,37296.0,37296.0,18648.0,27AAACT1234F1Z5,IGST,Karnataka,3996.0,10%,Rs.,Trauma One,Trauma Center,Dr. R. Kulkarni,Trauma Surgeon,SURG-003,29LMNOP9012Q1Z3,Nagpur,Central,Rahul Mehta,Ortho Distributors,CENTRAL 1,Bone Drill Set,Surgical Instrument,Instrument,B8286-B,L69371,UDI-878013-A,SN333375,STERILE,23 Oct 2025,2024/09/23,2,pcs,"18,500.00",22200.00,Surgical Prep,Steel,JointMax,Pune Main,26 Oct 2024,Hold,Delhivery,In Stock,10,0,Yes,Part payment received; balance pending,Alias master matched,a4aaa111e013fe031a8d44f930e80e78
INV/1103,VCH1103,Sales,2025-06-10,2025-06-25,2025-26,Pending,cash,45,16511.04,16511.04,0.0,24BBBCD2345G1Z2,CGST+SGST,Gujarat,1769.04,2.5,INR,City Medisurg,Multi-Specialty Hospital,DR. R. KULKARNI,Trauma Surgeon,SURG-003,27ABCDE1234F1Z1,Surat,WEST 1,Rahul Mehta,Trauma Supplies,W1,Cancellous Screw,Orthopedic Implant,Screw,B4055-C,L92728,UDI-855861-A,SN730123,STERILE,2026/06/10,2025/04/11,8,BOX,"1,890.00","2,268.00",Fracture Fixation,Stainless Steel,OrthoFlex,Pune Main,13-06-2025,Hold,Blue Dart,In Stock,5,15,No,"Freight included; round-off applied, ref=""INV/1103""	tabbed-remark",Text numeric field,de822740378cf4be65fa0b1479aa8000
INV/1103,VCH1103,Purchase,2025-06-10,2025-08-09,2025-26,Pending,cash,45,8930.25,8930.25,6697.69,24BBBCD2345G1Z2,CGST+SGST,Maharashtra,425.25,10,Rs.,Apex Hospital,Multi-Specialty Hospital,Dr. P. Nair,Spine Surgeon,SURG-004,29LMNOP9012Q1Z3,Thane,WEST 1,Amit Verma,ORTHO DISTRIBUTORS,Central-1,External Fixator,Trauma Fixation,Fixator,B8122-C,L44359,UDI-840385-A,SN616942,Non-Sterile,2026/06/10,11-05-2025,5,Box,1890.00,2079,Trauma Stabilization,Aluminium,TraumaFix,Mumbai WH-2,10 Jun 2025,Hold,Blue Dart,Reserved,20,20,No,Part payment received; balance pending	tabbed-remark,Name variation retained,6a0f683cd5677a64ac07ce30ba6efb5f
INV/1104,VCH1104,Sales,2024-05-21,2024-07-20,2024-25,Pending,Bank Transfer,45,1786.05,1786.05,893.02,29CCCDD3456H1Z3,GST,Maharashtra,85.05,10 %,INR,Ortho Care Centre,Orthopedic Clinic,Dr P Nair,Spine Surgeon,SURG-004,24FGHIJ5678K1Z2,Pune,Central 1,Rahul Mehta,Ortho Distributors,S-1,Cancellous Screw,Orthopedic Implant,Screw,B4600-B,L32874,UDI-114210-C,SN175221,Non-Sterile,21-05-2025,21 Feb 2024,1 PCS,BOX,"₹1,890.00",2079.00,Fracture Fixation,Stainless Steel,BoneLock,Nagpur WH,2024/05/24,Hold,Delhivery,Reorder,20,8,No,Exported from Tally	with master alias,Unicode NBSP present,58b9e32617deb4ed134758face4710ee
inv/1104,VCH1104,Purchase,2024-05-21,2024-06-20,2024-25,Partially Paid,RTGS,30,32256.0,32256.0,0.0,24BBBCD2345G1Z2,CGST/SGST,Maharashtra,3456.0,0%,Rs.,spine and joint institute,Orthopedic Clinic,Dr P Nair,Spine Surgeon,SURG-004,24FGHIJ5678K1Z2,Ahmedabad,South-1,S. Joshi,Trauma Supplies LLP,CENTRAL 1,Spinal Rod,Spinal Implant,Rod,B4306-C,L41935,UDI-256941-B,SN176851,Non-Sterile,12 Nov 2025,21 Feb 2024,12,BOX,"₹2,400.00",2640,Spine Stabilization,Titanium Alloy,JointMax,Pune Main,21 May 2024,Delivered,TCS,Low Stock,5,15,No,Approved by store; udi matched,Unicode NBSP present,0eb9a8ce84e89ca505f744f25db8b207
INV/1104,VCH1104,Sales,2024-05-21,2024-07-05,2024-25,Pending,cash,45,21240.0,21240.0,0.0,27AAACT1234F1Z5,CGST/SGST,Gujarat,3240.0,0.00,₹,Apex Hospital Ltd.,Multi-Specialty Hospital,DR. P. NAIR,Spine Surgeon,SURG-004,24FGHIJ5678K1Z2,Mumbai,West,Amit Verma,Ortho Distributors,W1,Spinal Rod,Spinal Implant,Rod,B8472-B,L72906,UDI-396525-C,SN771176,STERILE,21 May 2025,22-03-2024,4,PCS,"₹4,500.00","₹5,175.00",Spine Stabilization,Titanium Alloy,BoneLock,Mumbai WH,45434,In Transit,DTDC,In Stock,10,0,Yes,"Revised invoice after doctor change,
please verify branch mapping
Export note retained as multiline remark",Mixed date style,2a043dbb3d4bcb9a99c5f575596cfb37
INV/1104,VCH1104,Sales,2024-05-21,2024-07-20,2024-25,Adjusted,cash,45,139860.0,139860.0,69930.0,29CCCDD3456H1Z3,GST,Maharashtra,6660.0,10%,₹,City Medisurg,Multi-Specialty Hospital,Dr. P. Nair,Spine Surgeon,SURG-004,24FGHIJ5678K1Z2,Surat,West,A. Verma,Ortho Distributors,Central-1,Spinal Rod,Spinal Implant,Rod,B3646-C,L31115,UDI-485883-B,SN215471,Sterile,11-05-2026,2024/04/21,8 PCS,BOX,18500.00,"₹22,200.00",Spine Stabilization,Titanium Alloy,SpinePro,Nagpur WH,21 May 2024,In Transit,Professional Couriers,In Stock,20,15,No,"Revised invoice after doctor change,
please verify branch mapping",Trailing space preserved,b89477e6ba5fa8c221b886215e0deb34
inv/1105,VCH1105,Receipt,2025-07-06,2025-08-05,2025-26,Paid,Cheque,45,39825.0,39825.0,19912.5,27AAACT1234F1Z5,CGST+SGST,Maharashtra,6075.0,0.00,₹,Ortho Care Centre,Orthopedic Clinic,DR NISHA PATEL,Orthopedic Surgeon,SURG-005,27ABCDE1234F1Z1,Pune,South-1,Rahul Mehta,Ortho Distributors,Central-1,Spinal Rod,Spinal Implant,Rod,B5417-A,L42660,UDI-773757-C,SN710939,Non-Sterile,46209,07-05-2025,5,pcs,6750,7425.00,Spine Stabilization,Titanium Alloy,OSM,Ahmedabad WH,07 Jul 2025,Delivered,Delhivery,Reserved,5,30,nan,"Invoice for orthopedic implants, includes ""plate, screw"" bundle",Text numeric field,69537218307da05946b5ae4fa114237b
INV/1105,VCH1105,Sales Return,2025-07-06,2025-08-05,2025-26,Adjusted,cash,30,151200.0,151200.0,113400.0,24BBBCD2345G1Z2,GST,Gujarat,7200.0,0%,INR,apex hospital,Multi-Specialty Hospital,DR. MEERA IYER,Joint Replacement Surgeon,SURG-002,27ABCDE1234F1Z1,Mumbai,WEST 1,R. Mehta,Trauma Supplies,Central-1,Bone Drill Set,Surgical Instrument,Instrument,B4578-A,L44221,UDI-945324-A,SN701530,STERILE,2027/12/23,2025/04/07,12,Pieces,"₹12,000.00",13200.00,Surgical Prep,Steel,JointMax,Pune Main,09-07-2025,Delivered,TCS,Reserved,25,30,Pending,"Revised invoice after doctor change,
please verify branch mapping",Alias master matched,0e1ee7ee794d4f2b474658f377964c0a
INV/1105,VCH1105,Payment,2025-07-06,2025-09-04,2025-26,Adjusted,Bank Transfer,30,110448.0,110448.0,82836.0,24BBBCD2345G1Z2,GST,Maharashtra,16848.0,2.5,INR,Spine and Joint Institute,Orthopedic Clinic,dr. anil sharma,Orthopedic Surgeon,SURG-001,27ABCDE1234F1Z1,Ahmedabad,South,Rahul Mehta,Ortho Distributors,W1,Locking Plate,Orthopedic Implant,Plate,B9791-B,L16151,UDI-161284-A,SN339474,STERILE,2026/07/06,07 May 2025,8 PCS,pcs,"₹12,000.00","14,400.00",Open Reduction,Titanium,OrthoFlex,Pune WH,06 Jul 2025,Partially Delivered,Delhivery,Low Stock,25,5,Yes,"Credit note adjustment for return batch, ref=""INV/1105""",Text numeric field,538965a729a44637fd28dec9617c24e8
inv/1106,VCH1106,Sales,2024-04-11,2024-04-26,2024-25,Pending,Cash,60,95760.0,95760.0,95760.0,29CCCDD3456H1Z3,IGST,Maharashtra,4560.0,5 %,INR,Trauma One Pvt Ltd,Trauma Center,dr. meera iyer,Joint Replacement Surgeon,SURG-002,24FGHIJ5678K1Z2,Nagpur,Central,A. Verma,Ortho Distributors Pvt Ltd,S-1,Knee Prosthesis,Joint Replacement,Prosthesis,B3159-A,L26653,UDI-130454-A,SN384010,STERILE,46113,45303,8,Box,"12,000.00","₹13,800.00",Arthroplasty,Cobalt Chrome,TraumaFix,Mumbai WH-2,45394,In Transit,DTDC,Low Stock,20,20,No,"Freight included; round-off applied, ref=""INV/1106""",Name variation retained,09d2672b90603d06ceb56ef60817f606
INV/1106,VCH1106,Sales,2024-04-11,2024-05-11,2024-25,Paid,Cheque,45,345150.0,345150.0,345150.0,27AAACT1234F1Z5,CGST/SGST,Karnataka,52650.0,2.5%,Rs.,spine and joint institute,Orthopedic Clinic,Dr Meera Iyer,Joint Replacement Surgeon,SURG-002,27ABCDE1234F1Z1,Ahmedabad,South-1,A. Verma,Ortho Distributors,CENTRAL 1,External Fixator,Trauma Fixation,Fixator,B9308-C,L29324,UDI-395433-C,SN367095,Sterile,45933,12 Mar 2024,12,pcs,25000,30000,Trauma Stabilization,Aluminium,SpinePro,Pune Main,13-04-2024,In Transit,DTDC,In Stock,20,20,nan,"Approved by store; udi matched
Export note retained as multiline remark",Name variation retained,a409e2bf370af57ff907498436524684
INV/1106,VCH1106,Payment,2024-04-11,2024-05-11,2024-25,Paid,cash,15,7342.65,7342.65,3671.32,24BBBCD2345G1Z2,IGST,Gujarat,349.65,7.5 %,Rs.,Trauma One,Trauma Center,DR. MEERA IYER,Joint Replacement Surgeon,SURG-002,24FGHIJ5678K1Z2,Nagpur,South,Amit Verma,Trauma Supplies,WEST 1,External Fixator,Trauma Fixation,Fixator,B3886-B,L99014,UDI-251353-A,SN493929,Non-Sterile,28-09-2026,13-12-2023,4,Pieces,"1,890.00","₹2,173.50",Trauma Stabilization,Aluminium,BoneLock,Pune WH,12 Apr 2024,Partially Delivered,Delhivery,Reorder,25,8,No,"Exported from Tally	with master alias, ref=""INV/1106""",Unicode NBSP present,147a5ad9ec0b4f96b3e14d3b2ed6a5b1
INV/1106,VCH1106,Sales Return,2024-04-11,2024-05-11,2024-25,Partially Paid,cash,60,93240.0,93240.0,69930.0,24BBBCD2345G1Z2,GST,Gujarat,4440.0,7.5%,INR,CITY MEDISURG PVT. LTD.,Multi-Specialty Hospital,DR MEERA IYER,Joint Replacement Surgeon,SURG-002,27ABCDE1234F1Z1,Surat,West-1,Amit Verma,Ortho Distributors Pvt Ltd,West-1,Cancellous Screw,Orthopedic Implant,Screw,B3192-A,L95736,UDI-187781-A,SN948844,Sterile,46293,2023/12/13,8,Pieces,12000.00,"₹14,400.00",Fracture Fixation,Stainless Steel,JointMax,Ahmedabad WH,14-04-2024,In Transit,Delhivery,Reorder,5,3,nan,"Part payment received; balance pending, ref=""INV/1106""",Mixed date style,809d8e226f4f05bde777e49211e5f2df
inv/1107,VCH1107,Sales,2024-10-27,2024-11-26,2024-25,Pending,NEFT,60,7168.5,7168.5,3584.25,27AAACT1234F1Z5,IGST,Karnataka,1093.5,10,INR,ORTHO CARE CENTRE,Orthopedic Clinic,dr. nisha patel,Orthopedic Surgeon,SURG-005,29LMNOP9012Q1Z3,Pune,West,Rahul Mehta,Ortho Distributors Pvt Ltd,W1,Locking Plate,Orthopedic Implant,Plate,B9903-B,L80226,UDI-664476-A,SN556592,Sterile,46132,45562,1 PCS,BOX,6750.00,8100,Open Reduction,Titanium,SpinePro,Pune Main,45592,Hold,DTDC,In Stock,5,15,Yes,Exported from Tally	with master alias,Mixed date style,39f2b3f73715e015245d043716f51abb
INV/1107,VCH1107,Sales,2024-10-27,2024-12-26,2024-25,Partially Paid,Cash,60,11328.0,11328.0,11328.0,27AAACT1234F1Z5,GST,Karnataka,1728.0,0.00,INR,Trauma One Pvt Ltd,Trauma Center,DR. MEERA IYER,Joint Replacement Surgeon,SURG-002,27ABCDE1234F1Z1,Nagpur,West,R. Mehta,ORTHO DISTRIBUTORS,West-1,Cancellous Screw,Orthopedic Implant,Screw,B8956-C,L84495,UDI-327497-A,SN395074,Sterile,27 Oct 2025,28-08-2024,4,PCS,2400.00,"₹2,640.00",Fracture Fixation,Stainless Steel,OSM,Nagpur WH,28 Oct 2024,Hold,Blue Dart,Reorder,10,5,nan,Part payment received; balance pending,Alias master matched,202fa4ef89184e32fa03bf29fd983d79
INV/1108,VCH1108,Receipt,2024-12-07,2024-12-22,2024-25,Adjusted,cash,30,20956.8,20956.8,0.0,27AAACT1234F1Z5,CGST+SGST,Karnataka,3196.8,7.5%,INR,SPINE AND JOINT INSTITUTE,Orthopedic Clinic,DR. ANIL SHARMA,Orthopedic Surgeon,SURG-001,27ABCDE1234F1Z1,Ahmedabad,South,Amit Verma,Trauma Supplies LLP,WEST 1,Spinal Rod,Spinal Implant,Rod,B4339-A,L73393,UDI-739016-B,SN805875,Sterile,26 May 2027,45513,8,BOX,"₹2,400.00",2640,Spine Stabilization,Titanium Alloy,BoneLock,Pune WH,2024/12/07,Hold,Blue Dart,Low Stock,5,8,nan,Credit note adjustment for return batch,Unicode NBSP present,59e96200e99fa3358cfb21e32baf2173
INV/1108,VCH1108,Payment,2024-12-07,2025-01-21,2024-25,Paid,cash,30,1364.38,1364.38,682.19,24BBBCD2345G1Z2,CGST/SGST,Gujarat,208.12,7.5,INR,Spine & Joint Institute,Orthopedic Clinic,Dr P Nair,Spine Surgeon,SURG-004,29LMNOP9012Q1Z3,Ahmedabad,West-1,Rahul Mehta,Ortho Distributors Pvt Ltd,South-1,Knee Prosthesis,Joint Replacement,Prosthesis,B6772-C,L64919,UDI-627609-C,SN216044,Sterile,07 Dec 2025,2024/11/07,1,Box,1250,1375.00,Arthroplasty,Cobalt Chrome,JointMax,Mumbai WH-2,2024/12/08,In Transit,TCS,In Stock,10,15,Pending,Exported from Tally	with master alias,Unicode NBSP present,69fba0e2498de90132764c1037af12c9
INV/1108,VCH1108,Receipt,2024-12-07,2025-02-05,2024-25,Adjusted,Bank Transfer,45,115050.0,115050.0,86287.5,27AAACT1234F1Z5,CGST/SGST,Gujarat,17550.0,2.5,INR,City Medisurg,Multi-Specialty Hospital,DR. ANIL SHARMA,Orthopedic Surgeon,SURG-001,29LMNOP9012Q1Z3,Surat,West,Rahul Mehta,Ortho Distributors Pvt Ltd,S-1,Knee Prosthesis,Joint Replacement,Prosthesis,B5656-B,L46149,UDI-686311-B,SN818886,Sterile,26 May 2027,45603,4 PCS,PCS,"25,000.00",28750.00,Arthroplasty,Cobalt Chrome,JointMax,Mumbai WH-2,2024/12/09,Partially Delivered,TCS,In Stock,25,8,Yes,"Part payment received; balance pending, ref=""INV/1108""	tabbed-remark",Text numeric field,99bb9019743d0baf7bf557ef5ade5440
INV/1109,VCH1109,Sales Return,2025-01-22,2025-02-21,2024-25,Adjusted,UPI,30,30267.0,30267.0,30267.0,27AAACT1234F1Z5,IGST,Gujarat,4617.0,5 %,INR,apex hospital,Multi-Specialty Hospital,Dr. Nisha Patel,Orthopedic Surgeon,SURG-005,29LMNOP9012Q1Z3,Mumbai,South-1,S. Joshi,Trauma Supplies,Central-1,Cancellous Screw,Orthopedic Implant,Screw,B3447-B,L58569,UDI-536201-A,SN115276,Sterile,2026/01/22,45619,4,PCS,"₹6,750.00",7762.5,Fracture Fixation,Stainless Steel,OSM,Ahmedabad WH,22-01-2025,Delivered,DTDC,Reserved,10,8,Yes,"Invoice for orthopedic implants, includes ""plate, screw"" bundle",Unicode NBSP present,312b0659e16e7dead1398660009c52be
INV/1109,VCH1109,Sales Return,2025-01-22,2025-02-21,2024-25,Paid,Bank Transfer,60,14364.0,14364.0,7182.0,29CCCDD3456H1Z3,CGST+SGST,Karnataka,1539.0,5 %,Rs.,trauma one,Trauma Center,Dr A. Sharma,Orthopedic Surgeon,SURG-001,24FGHIJ5678K1Z2,Nagpur,WEST 1,S. Joshi,ORTHO DISTRIBUTORS,WEST 1,Locking Plate,Orthopedic Implant,Plate,B8146-B,L27947,UDI-222504-B,SN460912,Sterile,46579,24-09-2024,2 PCS,Pieces,6750,"₹7,762.50",Open Reduction,Titanium,SpinePro,Nagpur WH,22-01-2025,In Transit,Delhivery,Low Stock,25,30,No,"Freight included; round-off applied
Export note retained as multiline remark",Name variation retained,012a0e2ef643152f65ee29a74a8e992a
INV/1110,VCH1110,Sales,2024-06-23,2024-07-08,2024-25,Partially Paid,Cash,60,18900.0,18900.0,14175.0,27AAACT1234F1Z5,CGST/SGST,Karnataka,900.0,0,INR,Ortho Care Center,Orthopedic Clinic,Dr Rajesh Kulkarni,Trauma Surgeon,SURG-003,29LMNOP9012Q1Z3,Pune,Central 1,Sneha Joshi,Ortho Distributors,South-1,Bone Drill Set,Surgical Instrument,Instrument,B5435-C,L94218,UDI-264681-B,SN909921,Sterile,2026/12/10,2024/04/24,4,Box,4500.00,5400.00,Surgical Prep,Steel,BoneLock,Pune WH,2024/06/23,Delivered,Delhivery,In Stock,25,8,Pending,"Invoice for orthopedic implants, includes ""plate, screw"" bundle
Export note retained as multiline remark",Alias master matched,cdba6caac37c0caea1761fb019beb919
INV/1110,VCH1110,Purchase,2024-06-23,2024-08-07,2024-25,Pending,UPI,15,26208.0,26208.0,19656.0,27AAACT1234F1Z5,GST,Karnataka,2808.0,2.5%,Rs.,Ortho Care Center,Orthopedic Clinic,dr. r. kulkarni,Trauma Surgeon,SURG-003,27ABCDE1234F1Z1,Pune,Central 1,R. Mehta,Trauma Supplies LLP,S-1,Knee Prosthesis,Joint Replacement,Prosthesis,B4790-B,L76918,UDI-313043-A,SN449563,STERILE,23-06-2025,45376,2,Box,12000,"₹14,400.00",Arthroplasty,Cobalt Chrome,OSM,Ahmedabad WH,26-06-2024,Partially Delivered,Blue Dart,Reorder,20,30,nan,Freight included; round-off applied,Alias master matched,021da08c09b8eac42901dac547da8bdd
INV/1110,VCH1110,Payment,2024-06-23,2024-07-08,2024-25,Adjusted,cash,30,49117.5,49117.5,49117.5,24BBBCD2345G1Z2,GST,Maharashtra,7492.5,0.07,Rs.,City Medisurg Pvt. Ltd.,Multi-Specialty Hospital,DR MEERA IYER,Joint Replacement Surgeon,SURG-002,24FGHIJ5678K1Z2,Surat,Central 1,Rahul Mehta,Ortho Distributors,South-1,Spinal Rod,Spinal Implant,Rod,B7512-C,L18559,UDI-270483-C,SN948373,Sterile,2026/12/10,25-03-2024,10 PCS,Pieces,"₹4,500.00",4950.00,Spine Stabilization,Titanium Alloy,OrthoFlex,Ahmedabad WH,23 Jun 2024,In Transit,Delhivery,In Stock,25,15,Pending,Freight included; round-off applied,Unicode NBSP present,d3441033a5e5936c0984c66a9aec10bc
INV/1111,VCH1111,Sales,2025-04-15,2025-05-30,2025-26,Partially Paid,Cash,15,336300.0,336300.0,0.0,29CCCDD3456H1Z3,CGST+SGST,Karnataka,51300.0,5,INR,APEX HOSPITAL,Multi-Specialty Hospital,Dr. Nisha Patel,Orthopedic Surgeon,SURG-005,29LMNOP9012Q1Z3,Thane,South-1,A. Verma,Trauma Supplies,South-1,Spinal Rod,Spinal Implant,Rod,B4072-C,L89748,UDI-413775-C,SN666700,Sterile,2026/04/15,2025/03/16,12,BOX,25000.00,"₹30,000.00",Spine Stabilization,Titanium Alloy,OSM,Pune Main,45763,Hold,Professional Couriers,In Stock,20,15,No,Dispatch against PO; follow-up due on next cycle,Text numeric field,0c7e306a1ef7a56966cfac16acffd426
INV/1111,VCH1111,Receipt,2025-04-15,2025-04-30,2025-26,Adjusted,Bank Transfer,15,32256.0,32256.0,24192.0,29CCCDD3456H1Z3,IGST,Maharashtra,3456.0,0 %,₹,APEX HOSPITAL,Multi-Specialty Hospital,Dr. Anil Sharma,Orthopedic Surgeon,SURG-001,29LMNOP9012Q1Z3,Mumbai,Central 1,A. Verma,Trauma Supplies LLP,CENTRAL 1,Bone Drill Set,Surgical Instrument,Instrument,B8613-C,L11558,UDI-887331-A,SN891196,Sterile,46302,45672,12,Pieces,"2,400.00",2640.00,Surgical Prep,Steel,OrthoFlex,Nagpur WH,17 Apr 2025,Partially Delivered,Delhivery,Reserved,10,20,nan,Dispatch against PO; follow-up due on next cycle	tabbed-remark,Mixed date style,47aeb0f1fb99f214bdeba9396edb78b5
INV/1111,VCH1111,Sales,2025-04-15,2025-06-14,2025-26,Partially Paid,RTGS,45,12096.0,12096.0,0.0,27AAACT1234F1Z5,GST,Gujarat,1296.0,10 %,INR,Spine & Joint Institute,Orthopedic Clinic,Dr Meera Iyer,Joint Replacement Surgeon,SURG-002,29LMNOP9012Q1Z3,Ahmedabad,Central,Amit Verma,ORTHO DISTRIBUTORS,S-1,Knee Prosthesis,Joint Replacement,Prosthesis,B1116-C,L53760,UDI-353749-C,SN163285,STERILE,2027/10/02,2025/02/14,1,Box,"12,000.00","14,400.00",Arthroplasty,Cobalt Chrome,TraumaFix,Ahmedabad WH,45765,Delivered,Professional Couriers,Low Stock,25,0,Yes,Credit note adjustment for return batch	tabbed-remark,Name variation retained,3973fba3da2b737e0038634addb65334
INV/1111,VCH1111,Sales,2025-04-15,2025-04-30,2025-26,Adjusted,UPI,60,3916.08,3916.08,0.0,27AAACT1234F1Z5,IGST,Maharashtra,419.58,7.5 %,INR,Trauma One,Trauma Center,DR MEERA IYER,Joint Replacement Surgeon,SURG-002,27ABCDE1234F1Z1,Nagpur,South-1,S. Joshi,Trauma Supplies,CENTRAL 1,Spinal Rod,Spinal Implant,Rod,B4095-C,L83428,UDI-491438-A,SN139293,Non-Sterile,46127,16-03-2025,2,Box,"1,890.00",2173.50,Spine Stabilization,Titanium Alloy,OSM,Pune Main,18 Apr 2025,In Transit,DTDC,Reorder,10,15,No,"Invoice for orthopedic implants, includes ""plate, screw"" bundle",Unicode NBSP present,71f9594e1f8d16e1c921dace226b43b2
INV/1112,VCH1112,Purchase,2025-10-02,2025-11-01,2025-26,Pending,Bank Transfer,15,86184.0,86184.0,64638.0,27AAACT1234F1Z5,GST,Maharashtra,9234.0,0.05,₹,City Medisurg,Multi-Specialty Hospital,Dr. Nisha Patel,Orthopedic Surgeon,SURG-005,29LMNOP9012Q1Z3,Surat,West,R. Mehta,ORTHO DISTRIBUTORS,Central-1,Knee Prosthesis,Joint Replacement,Prosthesis,B5439-C,L14602,UDI-894358-B,SN979905,Sterile,26-03-2027,04 Jun 2025,12,pcs,"₹6,750.00","₹7,762.50",Arthroplasty,Cobalt Chrome,TraumaFix,Ahmedabad WH,45934,Hold,Professional Couriers,In Stock,20,0,No,Freight included; round-off applied,Name variation retained,4f594c32a07b53a916cf9ab5ce04525e
INV/1112,VCH1112,Sales,2025-10-02,2025-11-01,2025-26,Pending,Cash,30,1330.0,1330.0,997.5,24BBBCD2345G1Z2,CGST+SGST,Karnataka,142.5,5%,INR,CITY MEDISURG PVT. LTD.,Multi-Specialty Hospital,dr. meera iyer,Joint Replacement Surgeon,SURG-002,27ABCDE1234F1Z1,Surat,South-1,R. Mehta,Ortho Distributors,CENTRAL 1,Cancellous Screw,Orthopedic Implant,Screw,B4935-C,L94311,UDI-267311-B,SN489264,Sterile,22-09-2027,45842,1,PCS,1250.00,"₹1,500.00",Fracture Fixation,Stainless Steel,OSM,Pune Main,2025/10/02,Delivered,DTDC,Reserved,5,3,No,"Revised invoice after doctor change,
please verify branch mapping",Name variation retained,c678199f751c7fc568aaad946deae9a2
INV/1112,VCH1112,Purchase,2025-10-02,2025-12-01,2025-26,Partially Paid,Cash,60,9178.31,9178.31,0.0,27AAACT1234F1Z5,IGST,Karnataka,437.06,7.5,INR,ORTHO CARE CENTER,Orthopedic Clinic,Dr. P. Nair,Spine Surgeon,SURG-004,27ABCDE1234F1Z1,Pune,West,Rahul Mehta,ORTHO DISTRIBUTORS,West-1,External Fixator,Trauma Fixation,Fixator,B6904-A,L63643,UDI-856486-A,SN173482,Sterile,20 Mar 2028,2025/08/03,5,Box,1890.00,2173.5,Trauma Stabilization,Aluminium,JointMax,Mumbai WH-2,45932,Delivered,DTDC,In Stock,25,8,Pending,"Dispatch against PO; follow-up due on next cycle, ref=""INV/1112""",Alias master matched,279acce4f4040e6ef6950ba96525481e
INV/1113,VCH1113,Sales,2024-08-24,2024-09-08,2024-25,Adjusted,UPI,30,26223.75,26223.75,0.0,24BBBCD2345G1Z2,GST,Maharashtra,1248.75,7.5%,₹,apex hospital ltd.,Multi-Specialty Hospital,Dr. Anil Sharma,Orthopedic Surgeon,SURG-001,27ABCDE1234F1Z1,Mumbai,South,Sneha Joshi,Trauma Supplies,West-1,Spinal Rod,Spinal Implant,Rod,B2521-C,L62076,UDI-292588-B,SN251230,Sterile,2027/02/10,25-07-2024,4,PCS,"6,750.00",7762.5,Spine Stabilization,Titanium Alloy,OrthoFlex,Pune WH,25-08-2024,Partially Delivered,Blue Dart,Reorder,20,30,No,Dispatch against PO; follow-up due on next cycle,Trailing space preserved,27381ea1033042011a3f4dce16cc104d
INV/1113,VCH1113,Receipt,2024-08-24,2024-09-08,2024-25,Pending,cash,15,7342.65,7342.65,7342.65,27AAACT1234F1Z5,CGST+SGST,Gujarat,349.65,7.5,₹,trauma one,Trauma Center,DR NISHA PATEL,Orthopedic Surgeon,SURG-005,24FGHIJ5678K1Z2,Nagpur,South,Rahul Mehta,Trauma Supplies,CENTRAL 1,External Fixator,Trauma Fixation,Fixator,B8011-C,L98403,UDI-367700-B,SN683010,Sterile,46248,25 Jul 2024,4 PCS,BOX,1890.00,2268,Trauma Stabilization,Aluminium,OrthoFlex,Pune Main,24 Aug 2024,Hold,DTDC,Reserved,20,15,Pending,Credit note adjustment for return batch,Name variation retained,c16216f8d685761eaf2b2c02ad691ec1
inv/1113,VCH1113,Sales,2024-08-24,2024-10-23,2024-25,Partially Paid,RTGS,15,2520.0,2520.0,2520.0,24BBBCD2345G1Z2,CGST/SGST,Maharashtra,120.0,0.00,INR,Trauma One Pvt Ltd,Trauma Center,Dr. R. Kulkarni,Trauma Surgeon,SURG-003,27ABCDE1234F1Z1,Nagpur,West,Rahul Mehta,Trauma Supplies,WEST 1,Knee Prosthesis,Joint Replacement,Prosthesis,B4410-A,L10259,UDI-476731-B,SN101562,Sterile,2027/02/10,26-05-2024,1,PCS,"₹2,400.00",2760,Arthroplasty,Cobalt Chrome,OSM,Pune WH,26 Aug 2024,In Transit,Delhivery,Low Stock,25,0,No,Credit note adjustment for return batch,Trailing space preserved,4f7a088ba013d31a87315f1661a2f5c5
INV/1114,VCH1114,Receipt,2025-10-07,2025-11-06,2025-26,Paid,RTGS,30,229992.0,229992.0,114996.0,24BBBCD2345G1Z2,IGST,Maharashtra,24642.0,7.5 %,₹,Ortho Care Center,Orthopedic Clinic,Dr. Nisha Patel,Orthopedic Surgeon,SURG-005,24FGHIJ5678K1Z2,Pune,South,S. Joshi,Trauma Supplies LLP,West-1,Locking Plate,Orthopedic Implant,Plate,B6215-A,L96789,UDI-200790-C,SN189299,Sterile,07-10-2026,2025/09/07,12,Box,18500.00,"21,275.00",Open Reduction,Titanium,JointMax,Mumbai WH,2025/10/07,Delivered,Delhivery,In Stock,5,0,No,"Revised invoice after doctor change,
please verify branch mapping",Text numeric field,6bff52707b4f9ed5618bfc81333681be
INV/1114,VCH1114,Receipt,2025-10-07,2025-10-22,2025-26,Adjusted,Cheque,45,14381.25,14381.25,7190.62,29CCCDD3456H1Z3,GST,Maharashtra,2193.75,2.5%,₹,Spine and Joint Institute,Orthopedic Clinic,dr. meera iyer,Joint Replacement Surgeon,SURG-002,27ABCDE1234F1Z1,Ahmedabad,West-1,R. Mehta,Trauma Supplies LLP,South-1,Spinal Rod,Spinal Implant,Rod,B6320-A,L71285,UDI-173429-B,SN374810,Non-Sterile,31-03-2027,2025/08/08,10,pcs,1250.00,1500,Spine Stabilization,Titanium Alloy,TraumaFix,Pune WH,08 Oct 2025,Hold,Delhivery,Reorder,5,5,nan,"Invoice for orthopedic implants, includes ""plate, screw"" bundle",Alias master matched,b009757756e327020268ecaa36a91949
inv/1114,VCH1114,Sales,2025-10-07,2025-11-06,2025-26,Partially Paid,cash,60,2174.45,2174.45,1630.83,29CCCDD3456H1Z3,IGST,Gujarat,331.69,2.5 %,INR,Trauma One Pvt Ltd,Trauma Center,Dr. P. Nair,Spine Surgeon,SURG-004,27ABCDE1234F1Z1,Nagpur,Central,Sneha Joshi,ORTHO DISTRIBUTORS,Central-1,Locking Plate,Orthopedic Implant,Plate,B9722-C,L59055,UDI-130791-C,SN377339,STERILE,07-10-2026,2025/09/07,1,PCS,1890.00,"2,173.50",Open Reduction,Titanium,SpinePro,Ahmedabad WH,10 Oct 2025,Partially Delivered,Delhivery,In Stock,25,15,No,"Revised invoice after doctor change,
please verify branch mapping",Trailing space preserved,88d58ad517d1730d278e4c7e7603b9df
INV/1115,VCH1115,Purchase,2024-09-21,2024-11-20,2024-25,Adjusted,UPI,30,26196.0,26196.0,26196.0,27AAACT1234F1Z5,CGST+SGST,Maharashtra,3996.0,7.5%,Rs.,Trauma One,Trauma Center,DR A. SHARMA,Orthopedic Surgeon,SURG-001,24FGHIJ5678K1Z2,Nagpur,Central 1,Amit Verma,Trauma Supplies,WEST 1,Bone Drill Set,Surgical Instrument,Instrument,B9366-B,L91729,UDI-993702-C,SN563468,Sterile,46456,22-08-2024,10,Pieces,2400.00,"2,760.00",Surgical Prep,Steel,SpinePro,Nagpur WH,45559,Hold,Delhivery,In Stock,10,5,Pending,Part payment received; balance pending,Unicode NBSP present,75d4af2d4a0328846f78f1418a4acfd3
INV/1115,VCH1115,Sales,2024-09-21,2024-10-06,2024-25,Pending,Cheque,45,19684.0,19684.0,19684.0,24BBBCD2345G1Z2,IGST,Gujarat,2109.0,5%,₹,Ortho Care Center,Orthopedic Clinic,Dr Nisha Patel,Orthopedic Surgeon,SURG-005,27ABCDE1234F1Z1,Pune,West-1,A. Verma,Ortho Distributors,West-1,Cancellous Screw,Orthopedic Implant,Screw,B5710-C,L75888,UDI-453750-C,SN715261,STERILE,46456,22 Aug 2024,1 PCS,pcs,"₹18,500.00",20350,Fracture Fixation,Stainless Steel,BoneLock,Pune Main,2024/09/21,Delivered,TCS,Reorder,10,0,No,"Dispatch against PO; follow-up due on next cycle
Export note retained as multiline remark",Trailing space preserved,888e847a9b2b05994387429a83758f4b
INV/1115,VCH1115,Sales,2024-09-21,2024-10-21,2024-25,Pending,NEFT,30,1279.69,1279.69,0.0,27AAACT1234F1Z5,GST,Maharashtra,60.94,2.5,INR,city medisurg pvt. ltd.,Multi-Specialty Hospital,Dr. Nisha Patel,Orthopedic Surgeon,SURG-005,27ABCDE1234F1Z1,Surat,West,Sneha Joshi,ORTHO DISTRIBUTORS,WEST 1,Knee Prosthesis,Joint Replacement,Prosthesis,B2620-C,L71162,UDI-886654-C,SN620494,Non-Sterile,21-09-2025,24 May 2024,1 PCS,Box,1250,1375,Arthroplasty,Cobalt Chrome,SpinePro,Nagpur WH,45556,Delivered,TCS,Low Stock,25,0,No,"Approved by store; udi matched
Export note retained as multiline remark",Text numeric field,3e755ab4b72fbd26db0e61478eec8b9d
INV/1116,VCH1116,Purchase,2025-05-31,2025-06-30,2025-26,Adjusted,NEFT,60,19051.2,19051.2,14288.4,24BBBCD2345G1Z2,CGST/SGST,Gujarat,2041.2,10,Rs.,Trauma One Pvt Ltd,Trauma Center,dr. anil sharma,Orthopedic Surgeon,SURG-001,24FGHIJ5678K1Z2,Nagpur,West-1,R. Mehta,Trauma Supplies,South-1,External Fixator,Trauma Fixation,Fixator,B3982-B,L81700,UDI-686844-A,SN107312,Sterile,46528,31 Jan 2025,10 PCS,PCS,"1,890.00","2,079.00",Trauma Stabilization,Aluminium,BoneLock,Nagpur WH,2025/06/01,Delivered,Blue Dart,In Stock,25,15,Pending,"Revised invoice after doctor change,
please verify branch mapping",Text numeric field,44921001932dcc56917d19d1e9a13644
INV/1116,VCH1116,Sales,2025-05-31,2025-06-15,2025-26,Adjusted,Cash,45,147420.0,147420.0,73710.0,27AAACT1234F1Z5,CGST/SGST,Gujarat,7020.0,2.5,Rs.,APEX HOSPITAL LTD.,Multi-Specialty Hospital,Dr Meera Iyer,Joint Replacement Surgeon,SURG-002,27ABCDE1234F1Z1,Mumbai,West,Sneha Joshi,Ortho Distributors Pvt Ltd,WEST 1,External Fixator,Trauma Fixation,Fixator,B4471-C,L24746,UDI-919745-A,SN395771,Non-Sterile,2027/05/21,2025/01/31,12,Box,12000,14400,Trauma Stabilization,Aluminium,JointMax,Pune WH,31-05-2025,Delivered,DTDC,Reserved,20,15,Yes,Freight included; round-off applied,Name variation retained,74f7a33236357aaed13934fed1ac9a02
INV/1117,VCH1117,Sales,2024-07-02,2024-08-16,2024-25,Paid,Bank Transfer,45,24131.52,24131.52,18098.64,27AAACT1234F1Z5,IGST,Gujarat,2585.52,5 %,INR,apex hospital,Multi-Specialty Hospital,Dr Rajesh Kulkarni,Trauma Surgeon,SURG-003,24FGHIJ5678K1Z2,Mumbai,WEST 1,Sneha Joshi,ORTHO DISTRIBUTORS,W1,Locking Plate,Orthopedic Implant,Plate,B2613-A,L40698,UDI-570852-B,SN445522,Sterile,2026/12/19,2024/03/04,12,Box,"1,890.00","2,079.00",Open Reduction,Titanium,TraumaFix,Pune Main,45476,Delivered,Delhivery,Reserved,20,8,No,"Invoice for orthopedic implants, includes ""plate, screw"" bundle	tabbed-remark",Name variation retained,0b4596f1d766b85c0f6466770e521863
INV/1117,VCH1117,Sales Return,2024-07-02,2024-07-17,2024-25,Paid,cash,30,49117.5,49117.5,24558.75,27AAACT1234F1Z5,CGST/SGST,Karnataka,7492.5,7.5 %,₹,Ortho Care Center,Orthopedic Clinic,dr p nair,Spine Surgeon,SURG-004,27ABCDE1234F1Z1,Pune,West-1,Rahul Mehta,ORTHO DISTRIBUTORS,South-1,External Fixator,Trauma Fixation,Fixator,B3966-B,L16528,UDI-839956-B,SN804348,Sterile,19 Dec 2026,2024/06/02,10,pcs,"₹4,500.00","₹5,175.00",Trauma Stabilization,Aluminium,JointMax,Nagpur WH,2024/07/03,Partially Delivered,Delhivery,Reserved,10,3,Yes,Exported from Tally	with master alias,Text numeric field,3a7ccce8815a552ac9ff0ed30b57f4e8
INV/1118,VCH1118,Payment,2025-09-24,2025-11-23,2025-26,Paid,NEFT,45,20720.0,20720.0,20720.0,24BBBCD2345G1Z2,GST,Karnataka,2220.0,0 %,₹,SPINE AND JOINT INSTITUTE,Orthopedic Clinic,Dr P Nair,Spine Surgeon,SURG-004,27ABCDE1234F1Z1,Ahmedabad,West-1,A. Verma,Trauma Supplies LLP,W1,External Fixator,Trauma Fixation,Fixator,B4277-C,L64803,UDI-909503-A,SN597303,STERILE,46289,2025/07/26,1 PCS,PCS,"18,500.00",21275.00,Trauma Stabilization,Aluminium,TraumaFix,Mumbai WH,25 Sep 2025,Delivered,DTDC,Reserved,10,3,nan,"Revised invoice after doctor change,
please verify branch mapping, ref=""INV/1118""",Text numeric field,28399d5206bd23bf49bac2dd8b191aa7
inv/1118,VCH1118,Purchase,2025-09-24,2025-10-09,2025-26,Pending,Bank Transfer,45,23310.0,23310.0,23310.0,27AAACT1234F1Z5,CGST/SGST,Gujarat,1110.0,7.5,INR,APEX HOSPITAL,Multi-Specialty Hospital,Dr. Meera Iyer,Joint Replacement Surgeon,SURG-002,27ABCDE1234F1Z1,Mumbai,West-1,Sneha Joshi,Trauma Supplies LLP,West-1,Cancellous Screw,Orthopedic Implant,Screw,B7621-C,L82542,UDI-219558-B,SN381233,STERILE,12 Mar 2028,45834,10,pcs,2400,2880,Fracture Fixation,Stainless Steel,OSM,Nagpur WH,27-09-2025,Hold,Blue Dart,Reserved,10,8,Yes,"Invoice for orthopedic implants, includes ""plate, screw"" bundle",Alias master matched,558f331a0d8b5ca09eb83a0d5b63d37a
INV/1118,VCH1118,Sales,2025-09-24,2025-10-24,2025-26,Paid,UPI,30,1401.25,1401.25,1050.94,29CCCDD3456H1Z3,CGST+SGST,Gujarat,213.75,0.05,INR,Apex Hospital,Multi-Specialty Hospital,Dr Rajesh Kulkarni,Trauma Surgeon,SURG-003,27ABCDE1234F1Z1,Mumbai,West-1,Amit Verma,Ortho Distributors,CENTRAL 1,Bone Drill Set,Surgical Instrument,Instrument,B4959-C,L10698,UDI-920531-B,SN554275,STERILE,2028/03/12,2025/05/27,1 PCS,Box,"1,250.00","1,437.50",Surgical Prep,Steel,OrthoFlex,Mumbai WH,25 Sep 2025,Delivered,TCS,Reserved,25,20,Yes,"Revised invoice after doctor change,
please verify branch mapping",Name variation retained,85a77d15afc1d03efc7a811686d919dd
INV/1118,VCH1118,Receipt,2025-09-24,2025-11-08,2025-26,Paid,Cash,30,30585.6,30585.6,22939.2,27AAACT1234F1Z5,CGST+SGST,Karnataka,4665.6,10%,Rs.,TRAUMA ONE,Trauma Center,DR. MEERA IYER,Joint Replacement Surgeon,SURG-002,27ABCDE1234F1Z1,Nagpur,West,Rahul Mehta,ORTHO DISTRIBUTORS,S-1,Knee Prosthesis,Joint Replacement,Prosthesis,B7763-A,L32235,UDI-884527-B,SN481039,Sterile,46644,27-05-2025,12,PCS,"2,400.00",2760,Arthroplasty,Cobalt Chrome,JointMax,Mumbai WH-2,45925,Partially Delivered,TCS,In Stock,5,15,Pending,"Exported from Tally	with master alias, ref=""INV/1118""",Unicode NBSP present,9d2e1f23095695f9272df52ff700b04b
INV/1119,VCH1119,Sales,2024-11-18,2025-01-02,2024-25,Partially Paid,UPI,60,13650.0,13650.0,6825.0,29CCCDD3456H1Z3,IGST,Gujarat,1462.5,2.5%,₹,ortho care center,Orthopedic Clinic,dr rajesh kulkarni,Trauma Surgeon,SURG-003,29LMNOP9012Q1Z3,Pune,West-1,R. Mehta,ORTHO DISTRIBUTORS,S-1,Bone Drill Set,Surgical Instrument,Instrument,B9820-C,L40210,UDI-463666-C,SN882888,STERILE,12-05-2026,45554,10,PCS,1250,"1,375.00",Surgical Prep,Steel,OrthoFlex,Ahmedabad WH,2024/11/19,Delivered,Blue Dart,Reserved,20,15,No,Dispatch against PO; follow-up due on next cycle,Mixed date style,a2e973f83bb19a13c9cab2a979f9bc00
INV/1119,VCH1119,Sales,2024-11-18,2024-12-18,2024-25,Adjusted,cash,45,35936.25,35936.25,35936.25,29CCCDD3456H1Z3,CGST+SGST,Karnataka,1711.25,7.5,INR,APEX HOSPITAL LTD.,Multi-Specialty Hospital,Dr Nisha Patel,Orthopedic Surgeon,SURG-005,27ABCDE1234F1Z1,Mumbai,WEST 1,Rahul Mehta,ORTHO DISTRIBUTORS,South-1,Cancellous Screw,Orthopedic Implant,Screw,B1416-C,L65800,UDI-501704-A,SN248758,STERILE,08-11-2026,45494,2 PCS,PCS,18500.00,22200,Fracture Fixation,Stainless Steel,SpinePro,Nagpur WH,45614,Hold,Blue Dart,In Stock,25,20,Yes,Dispatch against PO; follow-up due on next cycle,Alias master matched,0311cd1ddca6b475336155e047925acb
INV/1119,VCH1119,Receipt,2024-11-18,2025-01-02,2024-25,Partially Paid,RTGS,45,21523.2,21523.2,21523.2,24BBBCD2345G1Z2,GST,Karnataka,3283.2,0.05,₹,apex hospital,Multi-Specialty Hospital,Dr. R. Kulkarni,Trauma Surgeon,SURG-003,24FGHIJ5678K1Z2,Thane,Central 1,S. Joshi,ORTHO DISTRIBUTORS,Central-1,Knee Prosthesis,Joint Replacement,Prosthesis,B5956-C,L73321,UDI-289092-C,SN107784,Sterile,18-11-2025,19 Sep 2024,8,BOX,"2,400.00",2640.00,Arthroplasty,Cobalt Chrome,OSM,Nagpur WH,19 Nov 2024,Hold,Delhivery,In Stock,20,8,nan,Part payment received; balance pending,Text numeric field,1ef5678e75f79588206b4f1f95fc59cd
INV/1120,VCH1120,Receipt,2025-08-07,2025-09-21,2025-26,Partially Paid,cash,30,31063.5,31063.5,15531.75,29CCCDD3456H1Z3,IGST,Karnataka,4738.5,0.03,INR,city medisurg pvt. ltd.,Multi-Specialty Hospital,dr nisha patel,Orthopedic Surgeon,SURG-005,24FGHIJ5678K1Z2,Surat,WEST 1,A. Verma,Ortho Distributors,West-1,Cancellous Screw,Orthopedic Implant,Screw,B3819-C,L63895,UDI-276163-B,SN568946,Non-Sterile,46416,45756,4,pcs,"6,750.00","₹7,425.00",Fracture Fixation,Stainless Steel,JointMax,Mumbai WH,07-08-2025,Delivered,Professional Couriers,Reorder,5,0,Pending,Exported from Tally	with master alias,Mixed date style,f45fb6bde27935a32f74912bec3f7dd8
INV/1120,VCH1120,Purchase,2025-08-07,2025-09-06,2025-26,Pending,Cash,60,27612.0,27612.0,13806.0,24BBBCD2345G1Z2,IGST,Gujarat,4212.0,2.5%,Rs.,APEX HOSPITAL LTD.,Multi-Specialty Hospital,dr nisha patel,Orthopedic Surgeon,SURG-005,24FGHIJ5678K1Z2,Mumbai,Central 1,A. Verma,ORTHO DISTRIBUTORS,West-1,Cancellous Screw,Orthopedic Implant,Screw,B1610-B,L62425,UDI-250540-B,SN609454,Sterile,28 Jul 2027,45816,2,Pieces,"12,000.00",14400.00,Fracture Fixation,Stainless Steel,SpinePro,Pune Main,08 Aug 2025,In Transit,Delhivery,In Stock,5,8,nan,Dispatch against PO; follow-up due on next cycle,Text numeric field,bceb34503550e336cc35a56e62133b23
INV/1120,VCH1120,Sales,2025-08-07,2025-09-21,2025-26,Adjusted,Bank Transfer,60,19580.4,19580.4,9790.2,24BBBCD2345G1Z2,CGST+SGST,Gujarat,2097.9,7.5%,INR,Ortho Care Center,Orthopedic Clinic,Dr. Meera Iyer,Joint Replacement Surgeon,SURG-002,24FGHIJ5678K1Z2,Pune,WEST 1,Rahul Mehta,Ortho Distributors Pvt Ltd,South-1,Cancellous Screw,Orthopedic Implant,Screw,B1737-B,L66173,UDI-733764-B,SN288807,Sterile,24 Jan 2028,45816,10,PCS,1890,2079.00,Fracture Fixation,Stainless Steel,SpinePro,Ahmedabad WH,2025/08/07,In Transit,Delhivery,Low Stock,10,5,Yes,Exported from Tally	with master alias,Text numeric field,d03baff865780a01234b6a1904cd860d
INV/1121,VCH1121,Sales,2025-01-26,2025-02-25,2024-25,Pending,Cash,30,7006.25,7006.25,3503.12,27AAACT1234F1Z5,GST,Maharashtra,1068.75,5 %,Rs.,ortho care centre,Orthopedic Clinic,Dr. P. Nair,Spine Surgeon,SURG-004,24FGHIJ5678K1Z2,Pune,South-1,Sneha Joshi,Trauma Supplies,CENTRAL 1,Cancellous Screw,Orthopedic Implant,Screw,B5563-A,L52111,UDI-282851-A,SN509799,STERILE,16 Jan 2027,28-09-2024,5 PCS,Box,1250,1500,Fracture Fixation,Stainless Steel,JointMax,Nagpur WH,45684,Partially Delivered,Delhivery,In Stock,25,3,Yes,Dispatch against PO; follow-up due on next cycle,Mixed date style,2b474757b308632881d2ce3fc8071dc9
INV/1121,VCH1121,Sales,2025-01-26,2025-02-10,2024-25,Adjusted,Bank Transfer,60,10593.45,10593.45,0.0,24BBBCD2345G1Z2,IGST,Gujarat,1615.95,0.05,INR,CITY MEDISURG PVT. LTD.,Multi-Specialty Hospital,dr. p. nair,Spine Surgeon,SURG-004,27ABCDE1234F1Z1,Surat,Central 1,Rahul Mehta,ORTHO DISTRIBUTORS,West-1,Cancellous Screw,Orthopedic Implant,Screw,B7308-A,L48018,UDI-831386-B,SN781377,Sterile,2026/01/26,45653,5,pcs,"1,890.00","₹2,079.00",Fracture Fixation,Stainless Steel,TraumaFix,Mumbai WH,28 Jan 2025,Partially Delivered,Professional Couriers,Reorder,25,15,No,Part payment received; balance pending,Trailing space preserved,294f974fbe5609f8e67a8907f97635f9
inv/1121,VCH1121,Receipt,2025-01-26,2025-02-10,2024-25,Adjusted,cash,30,18144.0,18144.0,0.0,27AAACT1234F1Z5,GST,Karnataka,1944.0,10%,₹,City Medisurg Pvt. Ltd.,Multi-Specialty Hospital,dr. nisha patel,Orthopedic Surgeon,SURG-005,29LMNOP9012Q1Z3,Surat,Central 1,Sneha Joshi,ORTHO DISTRIBUTORS,WEST 1,Knee Prosthesis,Joint Replacement,Prosthesis,B6159-C,L52290,UDI-519225-A,SN877929,STERILE,46223,28-09-2024,4 PCS,PCS,4500,"₹5,175.00",Arthroplasty,Cobalt Chrome,BoneLock,Pune Main,29-01-2025,Hold,Professional Couriers,Reserved,5,15,Pending,Part payment received; balance pending,Unicode NBSP present,c4e11db927ba781ffb9d93f67f4266b5
INV/1122,VCH1122,Purchase,2024-09-05,2024-11-04,2024-25,Paid,cash,30,10314.67,10314.67,7736.01,27AAACT1234F1Z5,CGST/SGST,Maharashtra,1573.42,7.5 %,Rs.,Trauma One,Trauma Center,DR MEERA IYER,Joint Replacement Surgeon,SURG-002,27ABCDE1234F1Z1,Nagpur,Central,Sneha Joshi,Trauma Supplies LLP,Central-1,Cancellous Screw,Orthopedic Implant,Screw,B1315-A,L46998,UDI-442711-B,SN820463,Non-Sterile,27 Feb 2026,45450,5,Pieces,"1,890.00","2,173.50",Fracture Fixation,Stainless Steel,JointMax,Mumbai WH-2,07 Sep 2024,Delivered,Professional Couriers,In Stock,5,5,No,Dispatch against PO; follow-up due on next cycle,Text numeric field,1a86f425a8f2809bd05d677ec60d61b4
INV/1122,VCH1122,Sales,2024-09-05,2024-10-20,2024-25,Partially Paid,Bank Transfer,30,16800.0,16800.0,8400.0,29CCCDD3456H1Z3,CGST/SGST,Maharashtra,1800.0,0.00,INR,City Medisurg Pvt. Ltd.,Multi-Specialty Hospital,DR. NISHA PATEL,Orthopedic Surgeon,SURG-005,24FGHIJ5678K1Z2,Surat,South,Rahul Mehta,Ortho Distributors,West-1,External Fixator,Trauma Fixation,Fixator,B1509-C,L92457,UDI-567944-A,SN313476,Sterile,26 Aug 2026,06-08-2024,12,Box,"1,250.00",1500,Trauma Stabilization,Aluminium,OSM,Mumbai WH-2,06 Sep 2024,In Transit,Blue Dart,Reorder,10,30,No,Freight included; round-off applied,Alias master matched,9c9a5542ea7a4647081a722592345a3b
INV/1122,VCH1122,Purchase,2024-09-05,2024-10-05,2024-25,Pending,RTGS,30,2362.5,2362.5,1181.25,29CCCDD3456H1Z3,IGST,Gujarat,112.5,10,INR,SPINE & JOINT INSTITUTE,Orthopedic Clinic,DR. P. NAIR,Spine Surgeon,SURG-004,29LMNOP9012Q1Z3,Ahmedabad,West-1,S. Joshi,Trauma Supplies,Central-1,Knee Prosthesis,Joint Replacement,Prosthesis,B4012-C,L43171,UDI-942078-C,SN500016,Sterile,05-09-2025,45480,2,Pieces,1250.00,1500,Arthroplasty,Cobalt Chrome,JointMax,Nagpur WH,45540,Partially Delivered,DTDC,Low Stock,10,30,Yes,Freight included; round-off applied	tabbed-remark,Trailing space preserved,13735ecd48242e20c45eac5b98d908f4
INV/1122,VCH1122,Receipt,2024-09-05,2024-10-20,2024-25,Pending,RTGS,60,9576.0,9576.0,7182.0,29CCCDD3456H1Z3,CGST+SGST,Karnataka,456.0,0.05,₹,ortho care center,Orthopedic Clinic,Dr Meera Iyer,Joint Replacement Surgeon,SURG-002,29LMNOP9012Q1Z3,Pune,WEST 1,S. Joshi,Trauma Supplies,CENTRAL 1,Knee Prosthesis,Joint Replacement,Prosthesis,B9356-C,L29250,UDI-967244-C,SN385188,Non-Sterile,2026/08/26,08-05-2024,4,PCS,"₹2,400.00","₹2,640.00",Arthroplasty,Cobalt Chrome,TraumaFix,Nagpur WH,06 Sep 2024,Delivered,Delhivery,Low Stock,25,15,Pending,"Part payment received; balance pending, ref=""INV/1122""
Export note retained as multiline remark",Trailing space preserved,c747ed713b145a10cc431666d3bac9d6
inv/1123,VCH1123,Purchase,2025-12-26,2026-02-24,2025-26,Partially Paid,Cheque,30,10314.67,10314.67,7736.01,29CCCDD3456H1Z3,IGST,Maharashtra,1573.42,7.5,Rs.,APEX HOSPITAL,Multi-Specialty Hospital,Dr. P. Nair,Spine Surgeon,SURG-004,27ABCDE1234F1Z1,Mumbai,WEST 1,R. Mehta,Ortho Distributors,CENTRAL 1,Knee Prosthesis,Joint Replacement,Prosthesis,B9117-B,L90073,UDI-639773-B,SN844610,Non-Sterile,46737,2025/10/27,5,pcs,1890.00,"2,079.00",Arthroplasty,Cobalt Chrome,TraumaFix,Mumbai WH-2,46018,In Transit,Delhivery,In Stock,5,30,nan,Approved by store; udi matched,Unicode NBSP present,bf5ee760ad768e28f2d7682f65d3e45a
INV/1123,VCH1123,Sales,2025-12-26,2026-02-24,2025-26,Pending,Cheque,15,14175.0,14175.0,10631.25,27AAACT1234F1Z5,CGST+SGST,Karnataka,675.0,0,Rs.,ortho care center,Orthopedic Clinic,DR NISHA PATEL,Orthopedic Surgeon,SURG-005,27ABCDE1234F1Z1,Pune,WEST 1,S. Joshi,Trauma Supplies,CENTRAL 1,Locking Plate,Orthopedic Implant,Plate,B3479-A,L77972,UDI-411271-A,SN445512,Sterile,13 Jun 2028,45957,2,pcs,"₹6,750.00","7,762.50",Open Reduction,Titanium,OrthoFlex,Pune Main,28-12-2025,Partially Delivered,TCS,Low Stock,20,3,No,"Freight included; round-off applied, ref=""INV/1123""",Text numeric field,b1360d43fe35fa378ad0e967da25d6ea
INV/1123,VCH1123,Sales,2025-12-26,2026-01-25,2025-26,Pending,Cash,45,2394.0,2394.0,2394.0,29CCCDD3456H1Z3,CGST+SGST,Gujarat,114.0,5 %,Rs.,Ortho Care Center,Orthopedic Clinic,Dr P Nair,Spine Surgeon,SURG-004,27ABCDE1234F1Z1,Pune,South,Sneha Joshi,Trauma Supplies,WEST 1,Spinal Rod,Spinal Implant,Rod,B2411-C,L96932,UDI-165126-A,SN539399,Sterile,13-06-2028,45927,1,pcs,"₹2,400.00","2,880.00",Spine Stabilization,Titanium Alloy,OSM,Pune Main,2025/12/29,Delivered,Blue Dart,In Stock,5,20,Yes,"Invoice for orthopedic implants, includes ""plate, screw"" bundle",Name variation retained,8dda91003bdfb0f5d646819cf2535eb7
INV/1124,VCH1124,Payment,2025-07-26,2025-09-09,2025-26,Partially Paid,NEFT,15,29500.0,29500.0,29500.0,29CCCDD3456H1Z3,GST,Maharashtra,4500.0,0.00,₹,Trauma One,Trauma Center,DR A. SHARMA,Orthopedic Surgeon,SURG-001,27ABCDE1234F1Z1,Nagpur,WEST 1,R. Mehta,Ortho Distributors Pvt Ltd,W1,External Fixator,Trauma Fixation,Fixator,B6800-C,L10190,UDI-953481-A,SN685466,Non-Sterile,17 Jan 2027,2025/03/28,1,Pieces,25000.00,"₹30,000.00",Trauma Stabilization,Aluminium,TraumaFix,Ahmedabad WH,45864,Partially Delivered,Blue Dart,In Stock,5,30,nan,Dispatch against PO; follow-up due on next cycle,Name variation retained,912db9afd64e1288e282f2c9f98a0602
INV/1124,VCH1124,Payment,2025-07-26,2025-08-10,2025-26,Paid,RTGS,60,35936.25,35936.25,26952.19,24BBBCD2345G1Z2,CGST/SGST,Karnataka,1711.25,7.5,Rs.,spine and joint institute,Orthopedic Clinic,dr. anil sharma,Orthopedic Surgeon,SURG-001,27ABCDE1234F1Z1,Ahmedabad,South,Rahul Mehta,Ortho Distributors,S-1,Bone Drill Set,Surgical Instrument,Instrument,B6536-A,L60087,UDI-265096-C,SN831711,Non-Sterile,12-01-2028,27-04-2025,2,Pieces,"₹18,500.00",21275,Surgical Prep,Steel,BoneLock,Mumbai WH-2,27-07-2025,Delivered,Delhivery,In Stock,5,0,Yes,Dispatch against PO; follow-up due on next cycle,Unicode NBSP present,1347012d146700ff30adbd303f08c9a4
INV/1124,VCH1124,Sales,2025-07-26,2025-09-09,2025-26,Adjusted,cash,45,10584.0,10584.0,10584.0,29CCCDD3456H1Z3,IGST,Karnataka,1134.0,0,INR,ortho care centre,Orthopedic Clinic,Dr. Meera Iyer,Joint Replacement Surgeon,SURG-002,29LMNOP9012Q1Z3,Pune,West,Sneha Joshi,Trauma Supplies,West-1,Knee Prosthesis,Joint Replacement,Prosthesis,B3603-A,L12371,UDI-576915-C,SN804890,Sterile,16 Jul 2027,26 Jun 2025,5 PCS,Pieces,1890.00,"₹2,079.00",Arthroplasty,Cobalt Chrome,OrthoFlex,Mumbai WH-2,45866,In Transit,Delhivery,In Stock,20,3,Yes,Freight included; round-off applied,Name variation retained,d9f96b0367b355b7c5c19a9f6b843a54
INV/1124,VCH1124,Sales,2025-07-26,2025-08-25,2025-26,Partially Paid,Bank Transfer,30,9525.6,9525.6,9525.6,27AAACT1234F1Z5,CGST+SGST,Maharashtra,1020.6,10,₹,Apex Hospital,Multi-Specialty Hospital,Dr. Meera Iyer,Joint Replacement Surgeon,SURG-002,27ABCDE1234F1Z1,Mumbai,WEST 1,A. Verma,Ortho Distributors Pvt Ltd,CENTRAL 1,Bone Drill Set,Surgical Instrument,Instrument,B1137-B,L15769,UDI-515036-A,SN555053,STERILE,46764,2025/03/28,5,pcs,1890,"2,268.00",Surgical Prep,Steel,BoneLock,Mumbai WH,28 Jul 2025,Delivered,TCS,In Stock,5,0,Pending,Approved by store; udi matched,Trailing space preserved,3f157e0d8498dc4386be2afe855db2d1
INV/1125,VCH1125,Sales Return,2025-12-30,2026-02-13,2025-26,Paid,RTGS,15,112100.0,112100.0,84075.0,27AAACT1234F1Z5,GST,Karnataka,17100.0,0.05,₹,Apex Hospital,Multi-Specialty Hospital,dr. meera iyer,Joint Replacement Surgeon,SURG-002,24FGHIJ5678K1Z2,Mumbai,WEST 1,A. Verma,Trauma Supplies,W1,Knee Prosthesis,Joint Replacement,Prosthesis,B2978-C,L81830,UDI-117081-C,SN688313,STERILE,2026/12/30,31-10-2025,4,Box,25000.00,"₹27,500.00",Arthroplasty,Cobalt Chrome,SpinePro,Pune WH,2026/01/01,Delivered,Professional Couriers,In Stock,25,0,nan,Part payment received; balance pending,Mixed date style,d8d608b05cefbe93e8b952c99feb94cc
inv/1125,VCH1125,Payment,2025-12-30,2026-01-14,2025-26,Pending,Cash,45,25424.28,25424.28,12712.14,24BBBCD2345G1Z2,CGST+SGST,Maharashtra,3878.28,5 %,INR,APEX HOSPITAL,Multi-Specialty Hospital,Dr Meera Iyer,Joint Replacement Surgeon,SURG-002,24FGHIJ5678K1Z2,Thane,Central,Rahul Mehta,Ortho Distributors Pvt Ltd,Central-1,Spinal Rod,Spinal Implant,Rod,B6682-C,L67676,UDI-431385-B,SN156590,STERILE,2027/06/23,01-10-2025,12,Box,1890,"₹2,079.00",Spine Stabilization,Titanium Alloy,OSM,Pune Main,30-12-2025,In Transit,Delhivery,In Stock,20,30,No,"Approved by store; udi matched, ref=""INV/1125""	tabbed-remark",Unicode NBSP present,0506634572b12b72f9cda001a13fa5cb
INV/1125,VCH1125,Sales Return,2025-12-30,2026-01-29,2025-26,Adjusted,Bank Transfer,30,58275.0,58275.0,43706.25,24BBBCD2345G1Z2,CGST/SGST,Maharashtra,2775.0,7.5%,₹,TRAUMA ONE PVT LTD,Trauma Center,dr nisha patel,Orthopedic Surgeon,SURG-005,27ABCDE1234F1Z1,Nagpur,Central,A. Verma,Trauma Supplies LLP,South-1,Cancellous Screw,Orthopedic Implant,Screw,B9881-B,L42028,UDI-940212-C,SN193010,Sterile,46921,01-10-2025,5,PCS,12000.00,"₹14,400.00",Fracture Fixation,Stainless Steel,BoneLock,Mumbai WH,31-12-2025,Delivered,Blue Dart,In Stock,10,8,Pending,Part payment received; balance pending,Text numeric field,f476d29c5d82245d2305d31316a2a90f
INV/1125,VCH1125,Sales,2025-12-30,2026-02-13,2025-26,Partially Paid,Cash,45,27612.0,27612.0,13806.0,27AAACT1234F1Z5,CGST/SGST,Maharashtra,4212.0,0.03,INR,spine & joint institute,Orthopedic Clinic,Dr Meera Iyer,Joint Replacement Surgeon,SURG-002,27ABCDE1234F1Z1,Ahmedabad,Central,Rahul Mehta,Ortho Distributors,West-1,External Fixator,Trauma Fixation,Fixator,B5569-B,L28127,UDI-898118-A,SN641343,Non-Sterile,46561,30-11-2025,10 PCS,pcs,2400.00,2760,Trauma Stabilization,Aluminium,TraumaFix,Mumbai WH,46022,Hold,TCS,Low Stock,10,8,No,Freight included; round-off applied,Name variation retained,06dd2693b59e2c168a6c737b00882ad8
INV/1126,VCH1126,Sales,2025-07-05,2025-09-03,2025-26,Adjusted,Cash,30,19647.0,19647.0,0.0,24BBBCD2345G1Z2,IGST,Gujarat,2997.0,0.10,INR,Spine & Joint Institute,Orthopedic Clinic,Dr Meera Iyer,Joint Replacement Surgeon,SURG-002,24FGHIJ5678K1Z2,Ahmedabad,WEST 1,Rahul Mehta,Ortho Distributors,West-1,Cancellous Screw,Orthopedic Implant,Screw,B9248-B,L27730,UDI-428405-A,SN754211,Sterile,46743,2025/04/06,1 PCS,Pieces,"₹18,500.00","₹21,275.00",Fracture Fixation,Stainless Steel,OSM,Pune WH,08 Jul 2025,Delivered,TCS,Reorder,25,20,nan,Credit note adjustment for return batch,Mixed date style,d232405e235e92d86453e74670e4f196
INV/1126,VCH1126,Payment,2025-07-05,2025-08-04,2025-26,Paid,NEFT,45,37833.75,37833.75,37833.75,27AAACT1234F1Z5,CGST/SGST,Maharashtra,5771.25,5,₹,Apex Hospital Ltd.,Multi-Specialty Hospital,Dr. R. Kulkarni,Trauma Surgeon,SURG-003,27ABCDE1234F1Z1,Mumbai,South-1,Amit Verma,Ortho Distributors,Central-1,External Fixator,Trauma Fixation,Fixator,B5621-C,L96748,UDI-430295-B,SN114896,Sterile,22-12-2027,2025/05/06,5,pcs,"6,750.00",7425,Trauma Stabilization,Aluminium,OrthoFlex,Mumbai WH-2,05 Jul 2025,Delivered,TCS,Reserved,25,5,nan,Part payment received; balance pending,Name variation retained,4ae92f48f1367370018b76cb02d6004e
INV/1126,VCH1126,Purchase,2025-07-05,2025-07-20,2025-26,Adjusted,Cash,30,132750.0,132750.0,0.0,27AAACT1234F1Z5,GST,Karnataka,20250.0,10%,INR,APEX HOSPITAL,Multi-Specialty Hospital,dr. meera iyer,Joint Replacement Surgeon,SURG-002,24FGHIJ5678K1Z2,Thane,South-1,Rahul Mehta,Trauma Supplies LLP,CENTRAL 1,Spinal Rod,Spinal Implant,Rod,B4275-C,L43478,UDI-503093-C,SN180777,STERILE,27 Dec 2026,2025/05/06,5,Box,25000.00,"₹30,000.00",Spine Stabilization,Titanium Alloy,BoneLock,Nagpur WH,06 Jul 2025,In Transit,Delhivery,Reserved,20,5,No,"Invoice for orthopedic implants, includes ""plate, screw"" bundle",Text numeric field,7a5d5a36149947a6e0bca1ff40b6e079
INV/1126,VCH1126,Purchase,2025-07-05,2025-09-03,2025-26,Paid,Cash,60,157472.0,157472.0,118104.0,24BBBCD2345G1Z2,IGST,Maharashtra,16872.0,5,INR,Trauma One,Trauma Center,DR P NAIR,Spine Surgeon,SURG-004,24FGHIJ5678K1Z2,Nagpur,South,Sneha Joshi,Ortho Distributors,South-1,Bone Drill Set,Surgical Instrument,Instrument,B9536-B,L79593,UDI-649217-B,SN453976,Non-Sterile,25 Jun 2027,45753,8 PCS,pcs,18500.00,21275.00,Surgical Prep,Steel,TraumaFix,Nagpur WH,2025/07/07,Delivered,Delhivery,In Stock,25,3,Pending,Credit note adjustment for return batch,Unicode NBSP present,ba65fd5e1db0d20554e9c37b7fd00c0c
INV/1127,VCH1127,Receipt,2024-05-17,2024-07-01,2024-25,Paid,RTGS,60,155400.0,155400.0,77700.0,24BBBCD2345G1Z2,CGST/SGST,Maharashtra,7400.0,0 %,INR,ortho care center,Orthopedic Clinic,Dr. Meera Iyer,Joint Replacement Surgeon,SURG-002,24FGHIJ5678K1Z2,Pune,WEST 1,S. Joshi,Ortho Distributors Pvt Ltd,Central-1,Cancellous Screw,Orthopedic Implant,Screw,B8942-C,L73829,UDI-963683-C,SN598734,Sterile,45794,2024/03/18,8,pcs,18500.00,"21,275.00",Fracture Fixation,Stainless Steel,TraumaFix,Mumbai WH-2,17-05-2024,Hold,Delhivery,In Stock,10,20,No,"Invoice for orthopedic implants, includes ""plate, screw"" bundle",Trailing space preserved,8c7ef8f07b0950e0a08eee94f7eb8fae
INV/1127,VCH1127,Purchase,2024-05-17,2024-06-16,2024-25,Partially Paid,NEFT,30,2559.38,2559.38,1279.69,24BBBCD2345G1Z2,GST,Maharashtra,121.88,2.5%,INR,CITY MEDISURG,Multi-Specialty Hospital,dr. r. kulkarni,Trauma Surgeon,SURG-003,24FGHIJ5678K1Z2,Surat,West,Sneha Joshi,Trauma Supplies LLP,WEST 1,Spinal Rod,Spinal Implant,Rod,B8541-B,L89909,UDI-399581-C,SN558003,Non-Sterile,2025/05/17,17 Feb 2024,2,Pieces,"1,250.00","₹1,375.00",Spine Stabilization,Titanium Alloy,OSM,Mumbai WH,45431,In Transit,Professional Couriers,In Stock,5,8,Pending,"Revised invoice after doctor change,
please verify branch mapping",Trailing space preserved,fa066cf16a33c4818d007073bc7386b0
INV/1127,VCH1127,Sales,2024-05-17,2024-06-01,2024-25,Adjusted,NEFT,45,3770.55,3770.55,0.0,24BBBCD2345G1Z2,GST,Karnataka,179.55,5 %,INR,trauma one pvt ltd,Trauma Center,Dr. Meera Iyer,Joint Replacement Surgeon,SURG-002,24FGHIJ5678K1Z2,Nagpur,WEST 1,R. Mehta,Ortho Distributors Pvt Ltd,S-1,External Fixator,Trauma Fixation,Fixator,B3502-A,L27500,UDI-976583-A,SN540830,Sterile,46149,18 Mar 2024,2,BOX,1890,"₹2,268.00",Trauma Stabilization,Aluminium,BoneLock,Nagpur WH,20-05-2024,Hold,TCS,Reserved,25,20,nan,Dispatch against PO; follow-up due on next cycle,Mixed date style,6c2484b57d6ecc7a63389d9fb48e7416
INV/1128,VCH1128,Sales,2024-11-02,2024-11-17,2024-25,Adjusted,NEFT,60,16087.68,16087.68,12065.76,27AAACT1234F1Z5,IGST,Gujarat,1723.68,5,₹,Spine and Joint Institute,Orthopedic Clinic,dr a. sharma,Orthopedic Surgeon,SURG-001,29LMNOP9012Q1Z3,Ahmedabad,WEST 1,A. Verma,Ortho Distributors,S-1,Spinal Rod,Spinal Implant,Rod,B8847-B,L20390,UDI-123964-A,SN117714,STERILE,46498,04-08-2024,8 PCS,pcs,1890,"2,268.00",Spine Stabilization,Titanium Alloy,OrthoFlex,Mumbai WH-2,45600,In Transit,TCS,Low Stock,10,3,nan,"Invoice for orthopedic implants, includes ""plate, screw"" bundle",Name variation retained,0b8922a43e1bdd23f05c5179c2595983
inv/1128,VCH1128,Purchase,2024-11-02,2024-11-17,2024-25,Adjusted,UPI,30,248862.0,248862.0,0.0,29CCCDD3456H1Z3,CGST+SGST,Gujarat,37962.0,0.05,INR,Ortho Care Center,Orthopedic Clinic,Dr. Nisha Patel,Orthopedic Surgeon,SURG-005,24FGHIJ5678K1Z2,Pune,South-1,S. Joshi,Trauma Supplies LLP,South-1,Bone Drill Set,Surgical Instrument,Instrument,B1217-B,L67967,UDI-471524-C,SN567760,Non-Sterile,45963,04-08-2024,12 PCS,pcs,18500.00,20350,Surgical Prep,Steel,BoneLock,Mumbai WH-2,03-11-2024,Delivered,Delhivery,Low Stock,10,20,Yes,"Credit note adjustment for return batch, ref=""INV/1128""
Export note retained as multiline remark	tabbed-remark",Text numeric field,77841673db6912c21f8cc7572aee1936
INV/1128,VCH1128,Purchase,2024-11-02,2025-01-01,2024-25,Adjusted,Cheque,45,140000.0,140000.0,70000.0,27AAACT1234F1Z5,CGST/SGST,Karnataka,15000.0,0,INR,trauma one,Trauma Center,DR. ANIL SHARMA,Orthopedic Surgeon,SURG-001,27ABCDE1234F1Z1,Nagpur,West-1,Rahul Mehta,Ortho Distributors,WEST 1,Cancellous Screw,Orthopedic Implant,Screw,B7750-B,L85301,UDI-637267-B,SN376199,Sterile,2027/04/21,03 Oct 2024,5,Pieces,25000,"28,750.00",Fracture Fixation,Stainless Steel,OSM,Pune Main,02 Nov 2024,Partially Delivered,DTDC,Reorder,20,20,Pending,Freight included; round-off applied,Alias master matched,65e95a349796062469aaa7998df6d152
INV/1128,VCH1128,Receipt,2024-11-02,2024-11-17,2024-25,Paid,RTGS,30,9213.75,9213.75,9213.75,27AAACT1234F1Z5,GST,Gujarat,438.75,2.5%,INR,City Medisurg Pvt. Ltd.,Multi-Specialty Hospital,Dr. R. Kulkarni,Trauma Surgeon,SURG-003,29LMNOP9012Q1Z3,Surat,West-1,Amit Verma,Ortho Distributors Pvt Ltd,S-1,Bone Drill Set,Surgical Instrument,Instrument,B7296-B,L43371,UDI-414458-B,SN933312,Sterile,2025/11/02,2024/08/04,2 PCS,BOX,"₹4,500.00",5175,Surgical Prep,Steel,OrthoFlex,Ahmedabad WH,2024/11/05,Delivered,TCS,In Stock,10,20,No,Dispatch against PO; follow-up due on next cycle,Unicode NBSP present,a64c2c06c55ca25594f36f91e8052cc0
INV/1129,VCH1129,Purchase,2025-08-12,2025-09-11,2025-26,Paid,RTGS,30,4838.4,4838.4,3628.8,27AAACT1234F1Z5,CGST/SGST,Gujarat,518.4,10%,INR,ORTHO CARE CENTER,Orthopedic Clinic,Dr. Anil Sharma,Orthopedic Surgeon,SURG-001,27ABCDE1234F1Z1,Pune,Central,Sneha Joshi,Trauma Supplies LLP,Central-1,Bone Drill Set,Surgical Instrument,Instrument,B8412-B,L26136,UDI-297769-B,SN495430,Sterile,03 Feb 2027,13 Jul 2025,2,Box,2400,"2,640.00",Surgical Prep,Steel,BoneLock,Mumbai WH-2,13 Aug 2025,Delivered,TCS,In Stock,20,3,nan,Credit note adjustment for return batch,Alias master matched,5d82bc3c630b8c1a09c66d457d74eff4
INV/1129,VCH1129,Sales Return,2025-08-12,2025-08-27,2025-26,Pending,Bank Transfer,30,248640.0,248640.0,0.0,29CCCDD3456H1Z3,GST,Karnataka,26640.0,0,₹,City Medisurg Pvt. Ltd.,Multi-Specialty Hospital,DR. R. KULKARNI,Trauma Surgeon,SURG-003,24FGHIJ5678K1Z2,Surat,South,Rahul Mehta,ORTHO DISTRIBUTORS,W1,Spinal Rod,Spinal Implant,Rod,B5035-B,L26808,UDI-215389-C,SN502370,Non-Sterile,2027/02/03,13 Jun 2025,12,BOX,"18,500.00",21275,Spine Stabilization,Titanium Alloy,OrthoFlex,Ahmedabad WH,2025/08/13,Delivered,DTDC,In Stock,10,15,No,"Revised invoice after doctor change,
please verify branch mapping",Trailing space preserved,d6a59348896126515ef126591147d6f5
INV/1129,VCH1129,Sales Return,2025-08-12,2025-09-26,2025-26,Adjusted,UPI,15,55282.5,55282.5,0.0,29CCCDD3456H1Z3,IGST,Maharashtra,2632.5,2.5,INR,Apex Hospital,Multi-Specialty Hospital,dr. r. kulkarni,Trauma Surgeon,SURG-003,27ABCDE1234F1Z1,Mumbai,WEST 1,Rahul Mehta,Trauma Supplies LLP,West-1,Knee Prosthesis,Joint Replacement,Prosthesis,B6190-A,L18326,UDI-642175-B,SN718288,Non-Sterile,2026/08/12,45761,12,pcs,"4,500.00",4950.00,Arthroplasty,Cobalt Chrome,BoneLock,Mumbai WH,2025/08/14,Hold,DTDC,In Stock,5,30,nan,Dispatch against PO; follow-up due on next cycle,Text numeric field,60822b7db65126aab9b17c960efa25e4
INV/1129,VCH1129,Sales,2025-08-12,2025-10-11,2025-26,Paid,NEFT,45,26250.0,26250.0,19687.5,27AAACT1234F1Z5,CGST+SGST,Karnataka,1250.0,0,₹,APEX HOSPITAL,Multi-Specialty Hospital,Dr P Nair,Spine Surgeon,SURG-004,27ABCDE1234F1Z1,Mumbai,West,Sneha Joshi,Trauma Supplies,South-1,External Fixator,Trauma Fixation,Fixator,B4242-A,L19450,UDI-961896-C,SN788438,Sterile,02 Aug 2027,45761,1,Pieces,25000,30000.00,Trauma Stabilization,Aluminium,TraumaFix,Pune Main,14-08-2025,Delivered,Professional Couriers,Low Stock,5,30,Pending,"Approved by store; udi matched, ref=""INV/1129""",Unicode NBSP present,f79e2dbbd496bee192df4705d445c0b8
INV/1130,VCH1130,Sales,2025-05-17,2025-07-01,2025-26,Partially Paid,cash,45,19656.0,19656.0,0.0,24BBBCD2345G1Z2,IGST,Maharashtra,936.0,2.5 %,INR,ortho care centre,Orthopedic Clinic,Dr Meera Iyer,Joint Replacement Surgeon,SURG-002,24FGHIJ5678K1Z2,Pune,WEST 1,S. Joshi,Trauma Supplies,South-1,Bone Drill Set,Surgical Instrument,Instrument,B2237-A,L37228,UDI-894305-A,SN991642,STERILE,46514,17-04-2025,8,Pieces,"2,400.00","2,640.00",Surgical Prep,Steel,JointMax,Pune WH,17-05-2025,Delivered,Delhivery,In Stock,10,5,nan,"Revised invoice after doctor change,
please verify branch mapping",Alias master matched,306147785dc269e144e034ae7bb0bea5
inv/1130,VCH1130,Sales,2025-05-17,2025-07-16,2025-26,Adjusted,NEFT,45,157248.0,157248.0,78624.0,27AAACT1234F1Z5,IGST,Maharashtra,16848.0,2.5%,₹,apex hospital,Multi-Specialty Hospital,Dr. Anil Sharma,Orthopedic Surgeon,SURG-001,24FGHIJ5678K1Z2,Thane,South,Amit Verma,Ortho Distributors Pvt Ltd,CENTRAL 1,Bone Drill Set,Surgical Instrument,Instrument,B2086-B,L73953,UDI-488944-B,SN690055,Sterile,07 May 2027,45704,12,BOX,12000.00,13800.00,Surgical Prep,Steel,OrthoFlex,Mumbai WH,18-05-2025,Delivered,DTDC,In Stock,10,3,Pending,Credit note adjustment for return batch,Unicode NBSP present,da4e34ec7a86cfdf248b705e63f60adb
INV/1130,VCH1130,Sales,2025-05-17,2025-07-01,2025-26,Partially Paid,RTGS,15,242313.0,242313.0,181734.75,27AAACT1234F1Z5,CGST+SGST,Karnataka,36963.0,7.5%,INR,Ortho Care Center,Orthopedic Clinic,DR MEERA IYER,Joint Replacement Surgeon,SURG-002,27ABCDE1234F1Z1,Pune,Central,Rahul Mehta,Ortho Distributors,Central-1,Bone Drill Set,Surgical Instrument,Instrument,B5695-B,L81896,UDI-384639-A,SN791377,Sterile,03 Nov 2027,45704,12,Pieces,"₹18,500.00",20350.00,Surgical Prep,Steel,JointMax,Ahmedabad WH,17-05-2025,Hold,Blue Dart,Low Stock,20,15,Yes,Approved by store; udi matched,Text numeric field,14fe3897914b6295f953ffc239163aae
inv/1130,VCH1130,Sales,2025-05-17,2025-07-01,2025-26,Paid,Bank Transfer,45,9450.0,9450.0,4725.0,27AAACT1234F1Z5,IGST,Gujarat,450.0,0.10,INR,city medisurg,Multi-Specialty Hospital,dr. p. nair,Spine Surgeon,SURG-004,27ABCDE1234F1Z1,Surat,Central 1,Amit Verma,Trauma Supplies LLP,W1,Knee Prosthesis,Joint Replacement,Prosthesis,B3694-B,L48867,UDI-979051-A,SN885032,Non-Sterile,08 Nov 2026,45764,8,Pieces,1250.00,"₹1,375.00",Arthroplasty,Cobalt Chrome,SpinePro,Ahmedabad WH,18-05-2025,Delivered,TCS,Reorder,20,30,Yes,Credit note adjustment for return batch,Alias master matched,aa18f68bb303abbd292c0d960d61f3c5
inv/1131,VCH1131,Sales Return,2025-11-06,2025-12-06,2025-26,Partially Paid,Bank Transfer,15,12757.5,12757.5,12757.5,24BBBCD2345G1Z2,CGST+SGST,Karnataka,607.5,10,INR,Apex Hospital Ltd.,Multi-Specialty Hospital,DR. P. NAIR,Spine Surgeon,SURG-004,27ABCDE1234F1Z1,Mumbai,South,S. Joshi,Trauma Supplies LLP,Central-1,Bone Drill Set,Surgical Instrument,Instrument,B9937-C,L44773,UDI-395118-A,SN965625,Sterile,27 Oct 2027,07 Sep 2025,2,PCS,"6,750.00",7425.00,Surgical Prep,Steel,BoneLock,Pune WH,45968,Partially Delivered,Delhivery,Reserved,10,5,No,Freight included; round-off applied,Trailing space preserved,1c0debe27da6c357d039e5ae3745b6c6
INV/1131,VCH1131,Sales,2025-11-06,2025-12-06,2025-26,Pending,Bank Transfer,15,53808.0,53808.0,26904.0,29CCCDD3456H1Z3,CGST/SGST,Karnataka,8208.0,5 %,Rs.,APEX HOSPITAL,Multi-Specialty Hospital,dr a. sharma,Orthopedic Surgeon,SURG-001,24FGHIJ5678K1Z2,Thane,South,Rahul Mehta,Trauma Supplies,S-1,Cancellous Screw,Orthopedic Implant,Screw,B1962-A,L52457,UDI-315386-C,SN500721,STERILE,27-10-2027,45907,4 PCS,BOX,12000,13200,Fracture Fixation,Stainless Steel,OSM,Pune Main,06 Nov 2025,In Transit,Delhivery,Reserved,25,5,No,Dispatch against PO; follow-up due on next cycle,Text numeric field,3d2b2f5f965e74ac53353444c0c4ccb7
INV/1132,VCH1132,Receipt,2025-06-13,2025-07-28,2025-26,Paid,cash,15,17841.6,17841.6,8920.8,27AAACT1234F1Z5,IGST,Karnataka,2721.6,0,₹,CITY MEDISURG,Multi-Specialty Hospital,Dr A. Sharma,Orthopedic Surgeon,SURG-001,27ABCDE1234F1Z1,Surat,West-1,S. Joshi,Trauma Supplies LLP,West-1,Cancellous Screw,Orthopedic Implant,Screw,B6431-A,L63865,UDI-186403-B,SN328374,Sterile,46186,13 Feb 2025,8 PCS,Box,1890.00,2268.00,Fracture Fixation,Stainless Steel,BoneLock,Nagpur WH,13-06-2025,Delivered,DTDC,In Stock,5,5,No,"Revised invoice after doctor change,
please verify branch mapping",Text numeric field,c67d0f580b34edc30634aa2e769ef59a
INV/1132,VCH1132,Receipt,2025-06-13,2025-08-12,2025-26,Paid,cash,60,124320.0,124320.0,124320.0,27AAACT1234F1Z5,IGST,Gujarat,13320.0,7.5,₹,Apex Hospital Ltd.,Multi-Specialty Hospital,Dr Nisha Patel,Orthopedic Surgeon,SURG-005,24FGHIJ5678K1Z2,Mumbai,Central,S. Joshi,Trauma Supplies LLP,Central-1,Bone Drill Set,Surgical Instrument,Instrument,B7637-B,L13393,UDI-239742-C,SN479191,Sterile,46541,45731,10 PCS,Pieces,12000.00,13200.00,Surgical Prep,Steel,SpinePro,Mumbai WH,14 Jun 2025,Delivered,TCS,In Stock,25,8,Pending,"Invoice for orthopedic implants, includes ""plate, screw"" bundle",Alias master matched,a66294a02937d6fec3e771addd42210e
inv/1132,VCH1132,Receipt,2025-06-13,2025-07-13,2025-26,Partially Paid,cash,45,21168.0,21168.0,10584.0,24BBBCD2345G1Z2,IGST,Gujarat,2268.0,0,Rs.,APEX HOSPITAL,Multi-Specialty Hospital,dr meera iyer,Joint Replacement Surgeon,SURG-002,27ABCDE1234F1Z1,Thane,West-1,S. Joshi,ORTHO DISTRIBUTORS,W1,External Fixator,Trauma Fixation,Fixator,B6864-C,L87470,UDI-263100-C,SN301960,STERILE,46361,2025/04/14,10,Box,1890.00,2079.00,Trauma Stabilization,Aluminium,TraumaFix,Mumbai WH,45822,Partially Delivered,Professional Couriers,In Stock,5,15,Yes,"Invoice for orthopedic implants, includes ""plate, screw"" bundle",Unicode NBSP present,bfdb631cadedd7204b934c04a0ff2b1e
inv/1133,VCH1133,Sales,2025-07-20,2025-09-03,2025-26,Paid,NEFT,15,2116.8,2116.8,2116.8,27AAACT1234F1Z5,IGST,Karnataka,226.8,0%,Rs.,APEX HOSPITAL,Multi-Specialty Hospital,dr. meera iyer,Joint Replacement Surgeon,SURG-002,27ABCDE1234F1Z1,Mumbai,Central 1,S. Joshi,Trauma Supplies LLP,S-1,External Fixator,Trauma Fixation,Fixator,B8440-B,L92419,UDI-682662-B,SN938721,Sterile,10-07-2027,45798,1,pcs,"₹1,890.00",2268,Trauma Stabilization,Aluminium,JointMax,Mumbai WH,22-07-2025,Partially Delivered,Delhivery,Reorder,5,15,Pending,"Invoice for orthopedic implants, includes ""plate, screw"" bundle",Mixed date style,27611f1fa1140e5594b983a90d00e1ea
INV/1133,VCH1133,Receipt,2025-07-20,2025-08-04,2025-26,Adjusted,Cash,45,13643.75,13643.75,6821.88,24BBBCD2345G1Z2,CGST+SGST,Maharashtra,2081.25,7.5,INR,ORTHO CARE CENTER,Orthopedic Clinic,dr. meera iyer,Joint Replacement Surgeon,SURG-002,27ABCDE1234F1Z1,Pune,Central,A. Verma,Trauma Supplies,West-1,External Fixator,Trauma Fixation,Fixator,B5478-B,L68202,UDI-344872-B,SN892876,Sterile,11 Jan 2027,21-04-2025,10,PCS,1250,"1,437.50",Trauma Stabilization,Aluminium,OSM,Ahmedabad WH,2025/07/22,In Transit,DTDC,In Stock,10,3,No,"Revised invoice after doctor change,
please verify branch mapping",Name variation retained,037e890ae19241d3f66fd764416738bd
INV/1133,VCH1133,Sales Return,2025-07-20,2025-09-03,2025-26,Pending,RTGS,45,12757.5,12757.5,9568.12,24BBBCD2345G1Z2,GST,Maharashtra,607.5,10 %,INR,Apex Hospital,Multi-Specialty Hospital,DR. R. KULKARNI,Trauma Surgeon,SURG-003,24FGHIJ5678K1Z2,Thane,West-1,A. Verma,ORTHO DISTRIBUTORS,CENTRAL 1,Cancellous Screw,Orthopedic Implant,Screw,B5616-C,L13774,UDI-454457-B,SN580809,Non-Sterile,11-01-2027,45738,2 PCS,BOX,"6,750.00","8,100.00",Fracture Fixation,Stainless Steel,OrthoFlex,Ahmedabad WH,20 Jul 2025,Delivered,Professional Couriers,Reorder,5,8,nan,Freight included; round-off applied,Name variation retained,3fdad45be14345712435c9449e329558
INV/1134,VCH1134,Sales,2024-09-09,2024-09-24,2024-25,Paid,RTGS,30,19656.0,19656.0,19656.0,24BBBCD2345G1Z2,IGST,Gujarat,936.0,2.5%,INR,Spine & Joint Institute,Orthopedic Clinic,dr. r. kulkarni,Trauma Surgeon,SURG-003,27ABCDE1234F1Z1,Ahmedabad,West-1,Rahul Mehta,Ortho Distributors,South-1,Cancellous Screw,Orthopedic Implant,Screw,B6815-A,L38239,UDI-515461-A,SN232332,Non-Sterile,2026/03/03,2024/05/12,8,PCS,"2,400.00","2,880.00",Fracture Fixation,Stainless Steel,OrthoFlex,Ahmedabad WH,45547,Delivered,Professional Couriers,In Stock,10,30,No,"Invoice for orthopedic implants, includes ""plate, screw"" bundle",Mixed date style,5ec0bf03bf8e88b3977bbb729dbaba4f
INV/1134,VCH1134,Payment,2024-09-09,2024-10-24,2024-25,Adjusted,Cheque,60,65559.38,65559.38,32779.69,27AAACT1234F1Z5,IGST,Maharashtra,3121.88,7.5,₹,trauma one,Trauma Center,dr. p. nair,Spine Surgeon,SURG-004,24FGHIJ5678K1Z2,Nagpur,West,R. Mehta,ORTHO DISTRIBUTORS,W1,Bone Drill Set,Surgical Instrument,Instrument,B8679-B,L80054,UDI-186868-B,SN782507,Sterile,09 Sep 2025,2024/06/11,10,PCS,"6,750.00",8100,Surgical Prep,Steel,TraumaFix,Nagpur WH,11 Sep 2024,Delivered,Delhivery,Low Stock,20,8,No,Approved by store; udi matched	tabbed-remark,Alias master matched,c05f590d366725c366fa221e6fb20222
INV/1135,VCH1135,Payment,2025-10-13,2025-10-28,2025-26,Adjusted,Cash,30,10237.5,10237.5,0.0,24BBBCD2345G1Z2,CGST+SGST,Karnataka,487.5,2.5 %,Rs.,Trauma One Pvt Ltd,Trauma Center,DR A. SHARMA,Orthopedic Surgeon,SURG-001,24FGHIJ5678K1Z2,Nagpur,Central 1,S. Joshi,Trauma Supplies LLP,South-1,Bone Drill Set,Surgical Instrument,Instrument,B8967-A,L80667,UDI-242064-A,SN308061,STERILE,31 Mar 2028,15-06-2025,8 PCS,Pieces,1250.00,"1,437.50",Surgical Prep,Steel,JointMax,Pune Main,45943,Delivered,TCS,Reorder,25,15,No,Part payment received; balance pending	tabbed-remark,Name variation retained,c77a426f33910638b3500fec29bfccb7
INV/1135,VCH1135,Receipt,2025-10-13,2025-11-12,2025-26,Pending,UPI,45,90720.0,90720.0,45360.0,24BBBCD2345G1Z2,IGST,Gujarat,9720.0,0.00,INR,ortho care centre,Orthopedic Clinic,dr. meera iyer,Joint Replacement Surgeon,SURG-002,24FGHIJ5678K1Z2,Pune,West-1,R. Mehta,Trauma Supplies LLP,West-1,Knee Prosthesis,Joint Replacement,Prosthesis,B8011-B,L48382,UDI-942875-B,SN271617,Sterile,46663,2025/06/15,12,pcs,"₹6,750.00",7762.50,Arthroplasty,Cobalt Chrome,SpinePro,Mumbai WH,16-10-2025,Partially Delivered,Delhivery,In Stock,20,8,Pending,Freight included; round-off applied,Mixed date style,92bf82ca8292a8cddef41fd6665e87e3
INV/1136,VCH1136,Payment,2026-01-01,2026-03-02,2025-26,Pending,NEFT,60,19353.6,19353.6,19353.6,27AAACT1234F1Z5,CGST+SGST,Karnataka,2073.6,0.10,₹,Trauma One,Trauma Center,Dr. Anil Sharma,Orthopedic Surgeon,SURG-001,29LMNOP9012Q1Z3,Nagpur,West-1,A. Verma,ORTHO DISTRIBUTORS,CENTRAL 1,Knee Prosthesis,Joint Replacement,Prosthesis,B1356-C,L67783,UDI-342656-C,SN435100,Non-Sterile,46563,02-12-2025,8 PCS,Box,2400,2640.00,Arthroplasty,Cobalt Chrome,OrthoFlex,Ahmedabad WH,2026/01/03,In Transit,TCS,Low Stock,10,0,nan,"Exported from Tally	with master alias, ref=""INV/1136""",Alias master matched,f628d79605d8a8bb795189962ad604c7
INV/1136,VCH1136,Sales,2026-01-01,2026-01-31,2025-26,Adjusted,Bank Transfer,60,24570.0,24570.0,12285.0,24BBBCD2345G1Z2,CGST+SGST,Karnataka,1170.0,0.03,Rs.,Ortho Care Center,Orthopedic Clinic,DR P NAIR,Spine Surgeon,SURG-004,29LMNOP9012Q1Z3,Pune,Central,Sneha Joshi,Trauma Supplies,South-1,External Fixator,Trauma Fixation,Fixator,B9523-B,L36274,UDI-803492-A,SN989928,STERILE,46743,03-10-2025,10 PCS,PCS,2400.00,"₹2,640.00",Trauma Stabilization,Aluminium,OSM,Mumbai WH,01-01-2026,Delivered,TCS,In Stock,10,0,No,Dispatch against PO; follow-up due on next cycle,Unicode NBSP present,06461f1a98d6368a39de9b3974004d51
INV/1136,VCH1136,Sales Return,2026-01-01,2026-02-15,2025-26,Pending,NEFT,30,5250.0,5250.0,5250.0,27AAACT1234F1Z5,CGST/SGST,Maharashtra,250.0,0,INR,Spine And Joint Institute,Orthopedic Clinic,Dr Rajesh Kulkarni,Trauma Surgeon,SURG-003,27ABCDE1234F1Z1,Ahmedabad,West,R. Mehta,Trauma Supplies,W1,Knee Prosthesis,Joint Replacement,Prosthesis,B1983-C,L16394,UDI-925316-C,SN850146,Sterile,46563,2025/12/02,4,pcs,1250.00,1437.50,Arthroplasty,Cobalt Chrome,JointMax,Nagpur WH,2026/01/03,Delivered,TCS,In Stock,25,5,Yes,"Exported from Tally	with master alias
Export note retained as multiline remark	tabbed-remark",Unicode NBSP present,4127c704a52b2abde4700f85130b24e9
INV/1137,VCH1137,Receipt,2025-07-03,2025-08-02,2025-26,Partially Paid,Bank Transfer,15,5900.0,5900.0,2950.0,29CCCDD3456H1Z3,CGST/SGST,Gujarat,900.0,0 %,₹,Spine & Joint Institute,Orthopedic Clinic,dr p nair,Spine Surgeon,SURG-004,29LMNOP9012Q1Z3,Ahmedabad,West,Rahul Mehta,Ortho Distributors Pvt Ltd,West-1,External Fixator,Trauma Fixation,Fixator,B8700-B,L67480,UDI-542913-A,SN189325,STERILE,20 Dec 2027,03-06-2025,4,Pieces,"₹1,250.00",1375.00,Trauma Stabilization,Aluminium,JointMax,Nagpur WH,06-07-2025,In Transit,Professional Couriers,In Stock,25,20,nan,Credit note adjustment for return batch,Trailing space preserved,30ced923a08673506094ad7059f86422
inv/1137,VCH1137,Purchase,2025-07-03,2025-07-18,2025-26,Adjusted,Cheque,60,336300.0,336300.0,168150.0,27AAACT1234F1Z5,IGST,Maharashtra,51300.0,5,INR,APEX HOSPITAL,Multi-Specialty Hospital,Dr A. Sharma,Orthopedic Surgeon,SURG-001,29LMNOP9012Q1Z3,Thane,Central 1,Rahul Mehta,Ortho Distributors,CENTRAL 1,Knee Prosthesis,Joint Replacement,Prosthesis,B8569-A,L72782,UDI-314442-A,SN965842,STERILE,46741,2025/04/04,12,BOX,25000,"27,500.00",Arthroplasty,Cobalt Chrome,SpinePro,Pune WH,2025/07/05,Delivered,Delhivery,Reserved,25,20,Yes,Approved by store; udi matched,Name variation retained,af732e108f421606c64fb110893733c3
inv/1138,VCH1138,Sales,2024-07-28,2024-09-26,2024-25,Adjusted,Cash,60,10478.4,10478.4,0.0,24BBBCD2345G1Z2,IGST,Maharashtra,1598.4,0.07,INR,spine and joint institute,Orthopedic Clinic,dr. r. kulkarni,Trauma Surgeon,SURG-003,27ABCDE1234F1Z1,Ahmedabad,West,R. Mehta,Ortho Distributors Pvt Ltd,CENTRAL 1,Cancellous Screw,Orthopedic Implant,Screw,B9009-A,L98841,UDI-409543-C,SN404367,Sterile,45866,28 Jun 2024,4,PCS,"₹2,400.00","₹2,760.00",Fracture Fixation,Stainless Steel,TraumaFix,Pune WH,29 Jul 2024,Partially Delivered,Delhivery,Low Stock,10,30,No,"Invoice for orthopedic implants, includes ""plate, screw"" bundle, ref=""INV/1138""",Mixed date style,0bee0dd07e58667133fc8dcc09ffc4c5
INV/1138,VCH1138,Purchase,2024-07-28,2024-08-12,2024-25,Pending,UPI,60,24570.0,24570.0,18427.5,24BBBCD2345G1Z2,GST,Gujarat,1170.0,2.5 %,INR,Spine & Joint Institute,Orthopedic Clinic,DR NISHA PATEL,Orthopedic Surgeon,SURG-005,24FGHIJ5678K1Z2,Ahmedabad,Central,S. Joshi,ORTHO DISTRIBUTORS,WEST 1,Cancellous Screw,Orthopedic Implant,Screw,B2872-A,L53090,UDI-926897-C,SN715245,Sterile,28 Jul 2025,45441,10,PCS,"₹2,400.00","2,880.00",Fracture Fixation,Stainless Steel,BoneLock,Ahmedabad WH,45503,Delivered,Delhivery,Reorder,20,8,Pending,"Exported from Tally	with master alias
Export note retained as multiline remark",Mixed date style,f4f17711eaf30ca225c67e4eec0d3929
INV/1139,VCH1139,Purchase,2024-12-05,2024-12-20,2024-25,Paid,cash,60,46068.75,46068.75,23034.38,27AAACT1234F1Z5,IGST,Maharashtra,2193.75,2.5,INR,CITY MEDISURG PVT. LTD.,Multi-Specialty Hospital,DR. P. NAIR,Spine Surgeon,SURG-004,24FGHIJ5678K1Z2,Surat,South,A. Verma,ORTHO DISTRIBUTORS,S-1,Spinal Rod,Spinal Implant,Rod,B1042-A,L14506,UDI-802347-A,SN404190,Sterile,2027/05/24,45571,10 PCS,pcs,4500,"₹4,950.00",Spine Stabilization,Titanium Alloy,OSM,Nagpur WH,45634,Hold,DTDC,Low Stock,5,15,Pending,Freight included; round-off applied,Alias master matched,22f2f55c1120b6e49f07588d685d67f9
INV/1139,VCH1139,Sales,2024-12-05,2024-12-20,2024-25,Partially Paid,UPI,45,42480.0,42480.0,31860.0,27AAACT1234F1Z5,GST,Maharashtra,6480.0,0.00,₹,apex hospital,Multi-Specialty Hospital,Dr. Nisha Patel,Orthopedic Surgeon,SURG-005,27ABCDE1234F1Z1,Mumbai,WEST 1,A. Verma,Ortho Distributors,S-1,External Fixator,Trauma Fixation,Fixator,B5300-C,L38917,UDI-875521-A,SN151767,Sterile,05 Dec 2025,06-09-2024,8,BOX,"4,500.00",5175.00,Trauma Stabilization,Aluminium,SpinePro,Mumbai WH-2,45631,Hold,Blue Dart,In Stock,25,8,nan,"Invoice for orthopedic implants, includes ""plate, screw"" bundle",Unicode NBSP present,29bafe483d2453fcc19bc51b4e17ba02
INV/1139,VCH1139,Receipt,2024-12-05,2024-12-20,2024-25,Partially Paid,Bank Transfer,60,55282.5,55282.5,41461.88,27AAACT1234F1Z5,CGST+SGST,Karnataka,2632.5,2.5%,INR,ortho care centre,Orthopedic Clinic,Dr Nisha Patel,Orthopedic Surgeon,SURG-005,27ABCDE1234F1Z1,Pune,Central 1,Amit Verma,Trauma Supplies,W1,Knee Prosthesis,Joint Replacement,Prosthesis,B2610-C,L74912,UDI-547889-B,SN823600,STERILE,24-05-2027,06 Oct 2024,8,BOX,6750.00,"7,425.00",Arthroplasty,Cobalt Chrome,SpinePro,Pune Main,07-12-2024,Delivered,Delhivery,In Stock,20,15,Pending,Dispatch against PO; follow-up due on next cycle,Name variation retained,4b38b0520d2ac0120d61cff7bd46060a
inv/1139,VCH1139,Purchase,2024-12-05,2025-02-03,2024-25,Paid,Cheque,15,16511.04,16511.04,0.0,27AAACT1234F1Z5,CGST+SGST,Gujarat,1769.04,2.5,INR,City Medisurg,Multi-Specialty Hospital,Dr Meera Iyer,Joint Replacement Surgeon,SURG-002,24FGHIJ5678K1Z2,Surat,WEST 1,Rahul Mehta,Trauma Supplies LLP,West-1,Spinal Rod,Spinal Implant,Rod,B2186-C,L48129,UDI-125833-B,SN130750,Sterile,29 May 2026,2024/08/07,8,PCS,"1,890.00","₹2,268.00",Spine Stabilization,Titanium Alloy,SpinePro,Mumbai WH-2,08 Dec 2024,Hold,Blue Dart,Reorder,25,0,nan,Part payment received; balance pending,Trailing space preserved,f68d54c36e308493471ac8ba2c7d2a94
INV/1140,VCH1140,Payment,2026-01-02,2026-02-01,2025-26,Adjusted,NEFT,45,37800.0,37800.0,28350.0,27AAACT1234F1Z5,CGST/SGST,Gujarat,1800.0,0%,Rs.,city medisurg pvt. ltd.,Multi-Specialty Hospital,dr. anil sharma,Orthopedic Surgeon,SURG-001,24FGHIJ5678K1Z2,Surat,WEST 1,Amit Verma,Ortho Distributors Pvt Ltd,WEST 1,Cancellous Screw,Orthopedic Implant,Screw,B4720-A,L63487,UDI-256484-A,SN269922,STERILE,02-01-2027,03 Dec 2025,8,Box,4500,"₹5,175.00",Fracture Fixation,Stainless Steel,OrthoFlex,Mumbai WH-2,46026,In Transit,Delhivery,Reserved,25,5,Yes,Approved by store; udi matched,Mixed date style,550225fe566db2e76a081ac59c5c03ad
INV/1140,VCH1140,Sales Return,2026-01-02,2026-02-16,2025-26,Pending,UPI,60,25222.5,25222.5,12611.25,29CCCDD3456H1Z3,CGST+SGST,Karnataka,3847.5,0.05,₹,Apex Hospital,Multi-Specialty Hospital,Dr. P. Nair,Spine Surgeon,SURG-004,29LMNOP9012Q1Z3,Mumbai,South,Rahul Mehta,ORTHO DISTRIBUTORS,S-1,External Fixator,Trauma Fixation,Fixator,B5385-C,L35991,UDI-308275-C,SN883850,STERILE,23-12-2027,03 Nov 2025,5,Pieces,"₹4,500.00",4950,Trauma Stabilization,Aluminium,JointMax,Mumbai WH-2,2026/01/04,In Transit,Delhivery,Reorder,20,30,nan,Freight included; round-off applied,Unicode NBSP present,b5f1e57694c86b5fcff6ecff637da7c2
INV/1140,VCH1140,Purchase,2026-01-02,2026-01-17,2025-26,Partially Paid,RTGS,15,6733.12,6733.12,3366.56,27AAACT1234F1Z5,CGST/SGST,Maharashtra,320.62,5%,₹,Spine And Joint Institute,Orthopedic Clinic,Dr. Anil Sharma,Orthopedic Surgeon,SURG-001,29LMNOP9012Q1Z3,Ahmedabad,South,R. Mehta,ORTHO DISTRIBUTORS,WEST 1,Spinal Rod,Spinal Implant,Rod,B8320-A,L74228,UDI-147897-C,SN590146,Non-Sterile,46924,2025/10/04,1,pcs,6750,7762.5,Spine Stabilization,Titanium Alloy,JointMax,Nagpur WH,2026/01/03,Hold,Blue Dart,Low Stock,25,15,nan,"Exported from Tally	with master alias
Export note retained as multiline remark",Trailing space preserved,a25ecff2d3d2f5948c26cd4a806cddf9
INV/1141,VCH1141,Sales,2025-03-05,2025-04-19,2024-25,Adjusted,NEFT,45,10089.0,10089.0,7566.75,27AAACT1234F1Z5,GST,Maharashtra,1539.0,5 %,INR,Apex Hospital Ltd.,Multi-Specialty Hospital,DR A. SHARMA,Orthopedic Surgeon,SURG-001,27ABCDE1234F1Z1,Mumbai,South-1,Rahul Mehta,Trauma Supplies,South-1,Locking Plate,Orthopedic Implant,Plate,B6955-B,L39287,UDI-825510-A,SN649005,Sterile,2027/02/23,2024/11/05,2,Box,4500.00,"₹4,950.00",Open Reduction,Titanium,OrthoFlex,Pune Main,2025/03/06,Delivered,TCS,Reorder,10,30,No,Part payment received; balance pending,Name variation retained,a9b9f599045b70198c5273b816700245
INV/1141,VCH1141,Receipt,2025-03-05,2025-03-20,2024-25,Paid,Cheque,30,80808.0,80808.0,80808.0,24BBBCD2345G1Z2,CGST/SGST,Gujarat,8658.0,0.03,₹,Apex Hospital Ltd.,Multi-Specialty Hospital,DR RAJESH KULKARNI,Trauma Surgeon,SURG-003,27ABCDE1234F1Z1,Mumbai,Central 1,S. Joshi,Trauma Supplies LLP,Central-1,Knee Prosthesis,Joint Replacement,Prosthesis,B4834-A,L89102,UDI-751623-A,SN544487,Sterile,46086,2024/11/05,4,BOX,"₹18,500.00","₹20,350.00",Arthroplasty,Cobalt Chrome,OrthoFlex,Ahmedabad WH,06-03-2025,Delivered,TCS,In Stock,10,5,nan,"Invoice for orthopedic implants, includes ""plate, screw"" bundle",Unicode NBSP present,042824a6ab3ba67835957eb797de59b7
inv/1141,VCH1141,Sales Return,2025-03-05,2025-04-04,2024-25,Partially Paid,Bank Transfer,60,56640.0,56640.0,28320.0,24BBBCD2345G1Z2,GST,Karnataka,8640.0,0.00,Rs.,City Medisurg,Multi-Specialty Hospital,Dr Meera Iyer,Joint Replacement Surgeon,SURG-002,24FGHIJ5678K1Z2,Surat,WEST 1,Amit Verma,Trauma Supplies LLP,South-1,Knee Prosthesis,Joint Replacement,Prosthesis,B6426-B,L87394,UDI-167028-A,SN853229,Sterile,46261,03-02-2025,4 PCS,PCS,"12,000.00","13,200.00",Arthroplasty,Cobalt Chrome,BoneLock,Ahmedabad WH,2025/03/06,Delivered,TCS,Reserved,25,3,nan,Dispatch against PO; follow-up due on next cycle,Text numeric field,4c545838789109380425e04a2accde08
INV/1142,VCH1142,Sales,2024-09-13,2024-11-12,2024-25,Partially Paid,Bank Transfer,15,17841.6,17841.6,8920.8,24BBBCD2345G1Z2,CGST/SGST,Karnataka,2721.6,0%,₹,TRAUMA ONE PVT LTD,Trauma Center,dr. meera iyer,Joint Replacement Surgeon,SURG-002,29LMNOP9012Q1Z3,Nagpur,WEST 1,S. Joshi,Trauma Supplies,South-1,Bone Drill Set,Surgical Instrument,Instrument,B3243-C,L77350,UDI-219441-A,SN476422,Sterile,2026/03/07,2024/07/15,8 PCS,BOX,1890,2079,Surgical Prep,Steel,SpinePro,Pune WH,14 Sep 2024,In Transit,Delhivery,In Stock,25,8,Pending,"Invoice for orthopedic implants, includes ""plate, screw"" bundle",Mixed date style,567059e26d90fc5506e4ed69160fe706
INV/1142,VCH1142,Payment,2024-09-13,2024-10-13,2024-25,Paid,UPI,15,12468.75,12468.75,12468.75,24BBBCD2345G1Z2,CGST/SGST,Gujarat,593.75,5,INR,TRAUMA ONE PVT LTD,Trauma Center,DR. ANIL SHARMA,Orthopedic Surgeon,SURG-001,27ABCDE1234F1Z1,Nagpur,Central,Rahul Mehta,Trauma Supplies LLP,Central-1,Cancellous Screw,Orthopedic Implant,Screw,B4990-C,L97166,UDI-200934-A,SN179185,Non-Sterile,2027/03/02,45428,10,pcs,"1,250.00","1,375.00",Fracture Fixation,Stainless Steel,SpinePro,Pune WH,45550,In Transit,Blue Dart,Reserved,25,30,nan,"Credit note adjustment for return batch
Export note retained as multiline remark",Text numeric field,c794549a9cda76f4384f089325cdd655
INV/1143,VCH1143,Payment,2024-04-10,2024-06-09,2024-25,Adjusted,Bank Transfer,45,18356.62,18356.62,0.0,24BBBCD2345G1Z2,CGST+SGST,Maharashtra,874.12,7.5,INR,Spine And Joint Institute,Orthopedic Clinic,Dr Nisha Patel,Orthopedic Surgeon,SURG-005,24FGHIJ5678K1Z2,Ahmedabad,West,S. Joshi,Trauma Supplies,West-1,Bone Drill Set,Surgical Instrument,Instrument,B1825-B,L11158,UDI-832691-C,SN204567,Non-Sterile,2026/03/31,2023/12/12,10,BOX,1890.00,2079,Surgical Prep,Steel,OSM,Mumbai WH,10-04-2024,Delivered,DTDC,In Stock,25,8,Yes,Exported from Tally	with master alias,Text numeric field,6451ada589e178b18d85272fa58e404f
INV/1143,VCH1143,Payment,2024-04-10,2024-05-25,2024-25,Adjusted,NEFT,30,242424.0,242424.0,121212.0,27AAACT1234F1Z5,CGST+SGST,Karnataka,25974.0,0.03,INR,CITY MEDISURG PVT. LTD.,Multi-Specialty Hospital,Dr A. Sharma,Orthopedic Surgeon,SURG-001,24FGHIJ5678K1Z2,Surat,South,A. Verma,Ortho Distributors,S-1,Bone Drill Set,Surgical Instrument,Instrument,B4204-C,L78780,UDI-317551-B,SN203227,STERILE,02-10-2025,11-03-2024,12,BOX,18500.00,"₹20,350.00",Surgical Prep,Steel,BoneLock,Pune WH,45395,Partially Delivered,Delhivery,Reorder,25,3,Pending,"Revised invoice after doctor change,
please verify branch mapping",Mixed date style,6bd8da0a3f57d62b9c692aa74bb9be26
INV/1143,VCH1143,Purchase,2024-04-10,2024-06-09,2024-25,Partially Paid,Cash,15,6993.0,6993.0,6993.0,29CCCDD3456H1Z3,CGST/SGST,Maharashtra,749.25,7.5%,INR,Trauma One Pvt Ltd,Trauma Center,DR. R. KULKARNI,Trauma Surgeon,SURG-003,27ABCDE1234F1Z1,Nagpur,South-1,Sneha Joshi,Ortho Distributors,WEST 1,Knee Prosthesis,Joint Replacement,Prosthesis,B2290-B,L85583,UDI-864345-A,SN823617,Sterile,02 Oct 2025,11-03-2024,1 PCS,pcs,"₹6,750.00","₹7,425.00",Arthroplasty,Cobalt Chrome,BoneLock,Ahmedabad WH,45395,Hold,Delhivery,Low Stock,25,5,Pending,"Credit note adjustment for return batch, ref=""INV/1143""",Trailing space preserved,932fc8eaac96a2a1e946363475e45726
INV/1144,VCH1144,Sales,2026-02-23,2026-04-24,2025-26,Pending,Bank Transfer,30,81648.0,81648.0,81648.0,27AAACT1234F1Z5,CGST/SGST,Maharashtra,8748.0,0.10,INR,spine and joint institute,Orthopedic Clinic,Dr Nisha Patel,Orthopedic Surgeon,SURG-005,27ABCDE1234F1Z1,Ahmedabad,WEST 1,S. Joshi,Trauma Supplies LLP,S-1,Bone Drill Set,Surgical Instrument,Instrument,B9757-C,L23370,UDI-873607-A,SN679749,STERILE,2027/08/17,25-11-2025,12,PCS,"6,750.00",7762.50,Surgical Prep,Steel,SpinePro,Ahmedabad WH,23 Feb 2026,In Transit,DTDC,Reorder,10,20,nan,"Dispatch against PO; follow-up due on next cycle, ref=""INV/1144""",Unicode NBSP present,8f33a73fc26b71ad27631897feb30c7b
INV/1144,VCH1144,Sales,2026-02-23,2026-04-24,2025-26,Adjusted,cash,30,12140.62,12140.62,0.0,27AAACT1234F1Z5,IGST,Gujarat,578.12,7.5 %,INR,APEX HOSPITAL,Multi-Specialty Hospital,Dr A. Sharma,Orthopedic Surgeon,SURG-001,24FGHIJ5678K1Z2,Mumbai,West,Sneha Joshi,Ortho Distributors Pvt Ltd,CENTRAL 1,Cancellous Screw,Orthopedic Implant,Screw,B1600-A,L50694,UDI-445424-B,SN706491,Sterile,2027/08/17,25-12-2025,10 PCS,Box,1250.00,"₹1,375.00",Fracture Fixation,Stainless Steel,OSM,Pune WH,25 Feb 2026,In Transit,Delhivery,Reserved,25,30,nan,Dispatch against PO; follow-up due on next cycle,Trailing space preserved,420e41db8ff00bd86ecb09ba8d4e7c0e
INV/1144,VCH1144,Sales Return,2026-02-23,2026-03-10,2025-26,Paid,Cash,45,31449.6,31449.6,31449.6,24BBBCD2345G1Z2,IGST,Karnataka,3369.6,2.5%,₹,Trauma One Pvt Ltd,Trauma Center,Dr. Meera Iyer,Joint Replacement Surgeon,SURG-002,27ABCDE1234F1Z1,Nagpur,Central 1,S. Joshi,Trauma Supplies,S-1,Locking Plate,Orthopedic Implant,Plate,B1863-C,L41766,UDI-508537-A,SN913674,Sterile,13 Feb 2028,46016,12,PCS,2400.00,"₹2,760.00",Open Reduction,Titanium,SpinePro,Nagpur WH,2026/02/26,Delivered,DTDC,In Stock,5,20,Yes,Credit note adjustment for return batch,Name variation retained,c0cd6cc441e7b436f48c3c29a831b2f9
INV/1144,VCH1144,Payment,2026-02-23,2026-03-10,2025-26,Partially Paid,cash,45,27612.0,27612.0,13806.0,29CCCDD3456H1Z3,IGST,Gujarat,4212.0,2.5,INR,apex hospital,Multi-Specialty Hospital,Dr. R. Kulkarni,Trauma Surgeon,SURG-003,29LMNOP9012Q1Z3,Thane,WEST 1,Rahul Mehta,Ortho Distributors Pvt Ltd,W1,Cancellous Screw,Orthopedic Implant,Screw,B5858-C,L45487,UDI-404285-B,SN276366,Sterile,11-08-2028,2026/01/24,10 PCS,pcs,2400,"₹2,880.00",Fracture Fixation,Stainless Steel,BoneLock,Mumbai WH,24-02-2026,Hold,Delhivery,In Stock,20,5,Yes,Approved by store; udi matched,Alias master matched,777de292e4a68cf7af8a12b409a496f3
INV/1145,VCH1145,Sales Return,2026-01-12,2026-01-27,2025-26,Adjusted,UPI,30,11812.5,11812.5,11812.5,27AAACT1234F1Z5,GST,Maharashtra,562.5,10 %,₹,Ortho Care Center,Orthopedic Clinic,DR RAJESH KULKARNI,Trauma Surgeon,SURG-003,24FGHIJ5678K1Z2,Pune,Central,Amit Verma,ORTHO DISTRIBUTORS,S-1,Locking Plate,Orthopedic Implant,Plate,B7252-B,L86426,UDI-603615-B,SN845668,Non-Sterile,06-07-2027,2025/12/13,10,BOX,"₹1,250.00","1,500.00",Open Reduction,Titanium,JointMax,Mumbai WH-2,12-01-2026,Delivered,Blue Dart,Low Stock,20,3,No,Credit note adjustment for return batch,Unicode NBSP present,01b633c05dff243baffaa19b677960dc
inv/1145,VCH1145,Sales,2026-01-12,2026-01-27,2025-26,Paid,cash,15,201927.5,201927.5,151445.62,24BBBCD2345G1Z2,IGST,Gujarat,30802.5,7.5 %,INR,Spine & Joint Institute,Orthopedic Clinic,DR RAJESH KULKARNI,Trauma Surgeon,SURG-003,29LMNOP9012Q1Z3,Ahmedabad,South-1,R. Mehta,Ortho Distributors Pvt Ltd,WEST 1,Locking Plate,Orthopedic Implant,Plate,B1355-C,L55533,UDI-382054-A,SN456542,STERILE,46754,14 Oct 2025,10,pcs,"₹18,500.00","₹21,275.00",Open Reduction,Titanium,JointMax,Mumbai WH-2,2026/01/15,Partially Delivered,DTDC,In Stock,25,8,Pending,Part payment received; balance pending,Mixed date style,822881351e2bbea832b149541baaf5a9
INV/1145,VCH1145,Receipt,2026-01-12,2026-01-27,2025-26,Pending,Cash,45,52447.5,52447.5,0.0,24BBBCD2345G1Z2,GST,Gujarat,2497.5,7.5%,INR,SPINE & JOINT INSTITUTE,Orthopedic Clinic,Dr Nisha Patel,Orthopedic Surgeon,SURG-005,24FGHIJ5678K1Z2,Ahmedabad,South,S. Joshi,Ortho Distributors Pvt Ltd,West-1,External Fixator,Trauma Fixation,Fixator,B2681-B,L61404,UDI-934789-C,SN569794,STERILE,46934,2025/12/13,8,BOX,6750,"7,762.50",Trauma Stabilization,Aluminium,TraumaFix,Mumbai WH,15 Jan 2026,Delivered,Delhivery,Reserved,10,8,Yes,"Invoice for orthopedic implants, includes ""plate, screw"" bundle",Alias master matched,da96c542554027c75b89fcb603cfdc1e
INV/1146,VCH1146,Purchase,2025-03-18,2025-04-02,2024-25,Pending,UPI,15,77658.75,77658.75,38829.38,24BBBCD2345G1Z2,CGST/SGST,Karnataka,11846.25,2.5,INR,APEX HOSPITAL,Multi-Specialty Hospital,dr. meera iyer,Joint Replacement Surgeon,SURG-002,27ABCDE1234F1Z1,Mumbai,West-1,Amit Verma,ORTHO DISTRIBUTORS,W1,Bone Drill Set,Surgical Instrument,Instrument,B3825-B,L49433,UDI-840006-B,SN548614,STERILE,08-03-2027,2025/01/17,10,Box,6750,8100,Surgical Prep,Steel,OSM,Mumbai WH,21-03-2025,Delivered,Delhivery,Reserved,20,15,Yes,"Invoice for orthopedic implants, includes ""plate, screw"" bundle",Mixed date style,038d85e38dbff3256d38886df0dd9377
inv/1146,VCH1146,Sales Return,2025-03-18,2025-04-02,2024-25,Paid,RTGS,45,39368.0,39368.0,0.0,24BBBCD2345G1Z2,GST,Maharashtra,4218.0,5 %,INR,trauma one pvt ltd,Trauma Center,dr p nair,Spine Surgeon,SURG-004,24FGHIJ5678K1Z2,Nagpur,Central,Sneha Joshi,ORTHO DISTRIBUTORS,S-1,Locking Plate,Orthopedic Implant,Plate,B5007-A,L23756,UDI-883504-C,SN853643,STERILE,2026/09/09,18-11-2024,2,Box,"₹18,500.00",21275.00,Open Reduction,Titanium,OSM,Nagpur WH,19-03-2025,Hold,TCS,Reserved,20,30,Pending,Freight included; round-off applied	tabbed-remark,Trailing space preserved,89ecb333895af261554aae91921564fd
INV/1146,VCH1146,Purchase,2025-03-18,2025-05-02,2024-25,Adjusted,NEFT,15,29484.0,29484.0,29484.0,27AAACT1234F1Z5,GST,Karnataka,3159.0,2.5%,Rs.,Spine & Joint Institute,Orthopedic Clinic,Dr Rajesh Kulkarni,Trauma Surgeon,SURG-003,24FGHIJ5678K1Z2,Ahmedabad,Central 1,A. Verma,Trauma Supplies,West-1,External Fixator,Trauma Fixation,Fixator,B1409-B,L29699,UDI-684657-B,SN395061,Sterile,46274,2024/12/18,4 PCS,PCS,"₹6,750.00","7,762.50",Trauma Stabilization,Aluminium,SpinePro,Pune WH,19 Mar 2025,In Transit,TCS,In Stock,10,15,Pending,Exported from Tally	with master alias,Unicode NBSP present,490c54bd49ae2e87443001f9f3d9bab8
INV/1147,VCH1147,Purchase,2025-03-08,2025-03-23,2024-25,Pending,NEFT,60,9828.0,9828.0,0.0,29CCCDD3456H1Z3,CGST/SGST,Maharashtra,1053.0,0.03,₹,trauma one,Trauma Center,dr meera iyer,Joint Replacement Surgeon,SURG-002,27ABCDE1234F1Z1,Nagpur,West,Amit Verma,Trauma Supplies,Central-1,Spinal Rod,Spinal Implant,Rod,B9222-C,L87538,UDI-181575-A,SN729152,Sterile,2027/02/26,45694,2,BOX,"4,500.00",5400.00,Spine Stabilization,Titanium Alloy,TraumaFix,Pune WH,45724,Hold,DTDC,Reorder,20,20,Pending,Freight included; round-off applied,Text numeric field,0645418aeb241dd9c9539f3009df1303
INV/1147,VCH1147,Payment,2025-03-08,2025-03-23,2024-25,Partially Paid,Cash,30,56640.0,56640.0,0.0,29CCCDD3456H1Z3,IGST,Gujarat,8640.0,0.00,Rs.,APEX HOSPITAL,Multi-Specialty Hospital,Dr Rajesh Kulkarni,Trauma Surgeon,SURG-003,29LMNOP9012Q1Z3,Thane,Central,Rahul Mehta,Ortho Distributors Pvt Ltd,WEST 1,Knee Prosthesis,Joint Replacement,Prosthesis,B4964-C,L80127,UDI-391755-B,SN813460,Sterile,46264,2025/01/07,4,BOX,12000,13800.00,Arthroplasty,Cobalt Chrome,OrthoFlex,Ahmedabad WH,45726,Partially Delivered,TCS,In Stock,5,0,Yes,Approved by store; udi matched,Name variation retained,d52417ddd0b7820b1df3ef84b2606907
INV/1147,VCH1147,Purchase,2025-03-08,2025-05-07,2024-25,Paid,Cash,45,54600.0,54600.0,54600.0,24BBBCD2345G1Z2,IGST,Maharashtra,5850.0,2.5 %,INR,City Medisurg Pvt. Ltd.,Multi-Specialty Hospital,Dr. Meera Iyer,Joint Replacement Surgeon,SURG-002,27ABCDE1234F1Z1,Surat,West-1,S. Joshi,ORTHO DISTRIBUTORS,W1,Bone Drill Set,Surgical Instrument,Instrument,B4204-B,L64841,UDI-472602-C,SN492050,Sterile,2027/08/25,08-12-2024,2,Pieces,25000,"₹27,500.00",Surgical Prep,Steel,JointMax,Mumbai WH,2025/03/11,Delivered,Professional Couriers,In Stock,10,15,No,Dispatch against PO; follow-up due on next cycle,Trailing space preserved,f789f73c5ade7d898be7f96fed42a8ca
INV/1147,VCH1147,Payment,2025-03-08,2025-04-07,2024-25,Paid,Cheque,30,15531.75,15531.75,11648.81,24BBBCD2345G1Z2,CGST+SGST,Karnataka,2369.25,2.5,Rs.,Apex Hospital Ltd.,Multi-Specialty Hospital,Dr. R. Kulkarni,Trauma Surgeon,SURG-003,24FGHIJ5678K1Z2,Mumbai,Central 1,Rahul Mehta,Ortho Distributors,WEST 1,Knee Prosthesis,Joint Replacement,Prosthesis,B8736-A,L48691,UDI-640027-B,SN262254,Sterile,08-03-2026,45664,2 PCS,PCS,6750,"7,762.50",Arthroplasty,Cobalt Chrome,OSM,Mumbai WH,10 Mar 2025,Delivered,Professional Couriers,Low Stock,25,8,No,"Invoice for orthopedic implants, includes ""plate, screw"" bundle",Trailing space preserved,0fd50733d81177200cd9f20c3471bc6f
INV/1148,VCH1148,Sales,2025-06-17,2025-07-17,2025-26,Pending,Bank Transfer,60,2548.8,2548.8,1911.6,27AAACT1234F1Z5,GST,Karnataka,388.8,10 %,INR,ORTHO CARE CENTER,Orthopedic Clinic,dr rajesh kulkarni,Trauma Surgeon,SURG-003,29LMNOP9012Q1Z3,Pune,West,Rahul Mehta,Ortho Distributors,S-1,Spinal Rod,Spinal Implant,Rod,B7234-C,L90721,UDI-828523-C,SN501022,Sterile,2027/06/07,19-03-2025,1,PCS,2400,"₹2,880.00",Spine Stabilization,Titanium Alloy,OSM,Pune Main,20-06-2025,Delivered,Delhivery,In Stock,20,15,No,Credit note adjustment for return batch,Unicode NBSP present,b283de49e3db979988472fb10820161d
INV/1148,VCH1148,Sales,2025-06-17,2025-08-16,2025-26,Pending,Cash,30,139860.0,139860.0,139860.0,29CCCDD3456H1Z3,CGST+SGST,Karnataka,6660.0,7.5%,Rs.,Ortho Care Centre,Orthopedic Clinic,Dr. Meera Iyer,Joint Replacement Surgeon,SURG-002,24FGHIJ5678K1Z2,Pune,WEST 1,Sneha Joshi,Trauma Supplies,S-1,Bone Drill Set,Surgical Instrument,Instrument,B8587-A,L28972,UDI-944168-A,SN683533,STERILE,09-12-2026,2025/04/18,12,Box,12000.00,13800,Surgical Prep,Steel,TraumaFix,Nagpur WH,2025/06/17,In Transit,Professional Couriers,Low Stock,25,20,Yes,"Exported from Tally	with master alias, ref=""INV/1148""",Alias master matched,ed8da1e477ce35eb031da23b9798981c
INV/1148,VCH1148,Receipt,2025-06-17,2025-08-16,2025-26,Adjusted,RTGS,15,20738.5,20738.5,10369.25,24BBBCD2345G1Z2,CGST+SGST,Maharashtra,3163.5,5%,INR,ORTHO CARE CENTER,Orthopedic Clinic,Dr Meera Iyer,Joint Replacement Surgeon,SURG-002,29LMNOP9012Q1Z3,Pune,South,A. Verma,Ortho Distributors Pvt Ltd,Central-1,Locking Plate,Orthopedic Implant,Plate,B7827-C,L26774,UDI-508266-C,SN155015,Sterile,04-12-2027,45765,1,pcs,"₹18,500.00",22200,Open Reduction,Titanium,JointMax,Mumbai WH-2,45826,Delivered,Professional Couriers,In Stock,25,30,No,Credit note adjustment for return batch,Mixed date style,9e59594006cea723deb1bf7b11c7384b
INV/1149,VCH1149,Sales,2025-10-29,2025-12-13,2025-26,Pending,NEFT,30,11340.0,11340.0,8505.0,29CCCDD3456H1Z3,GST,Karnataka,540.0,10%,INR,Trauma One,Trauma Center,dr meera iyer,Joint Replacement Surgeon,SURG-002,29LMNOP9012Q1Z3,Nagpur,West-1,Sneha Joshi,Trauma Supplies LLP,WEST 1,Spinal Rod,Spinal Implant,Rod,B9364-C,L62954,UDI-947069-C,SN368275,STERILE,16-04-2028,01 Jul 2025,5 PCS,Box,"2,400.00","2,880.00",Spine Stabilization,Titanium Alloy,BoneLock,Pune Main,2025/10/29,In Transit,Delhivery,In Stock,20,5,No,"Revised invoice after doctor change,
please verify branch mapping",Text numeric field,8af166f640899d043d60dd95192aa4b3
INV/1149,VCH1149,Sales,2025-10-29,2025-12-28,2025-26,Paid,RTGS,45,27216.0,27216.0,27216.0,27AAACT1234F1Z5,IGST,Maharashtra,2916.0,10%,INR,spine and joint institute,Orthopedic Clinic,Dr Meera Iyer,Joint Replacement Surgeon,SURG-002,24FGHIJ5678K1Z2,Ahmedabad,South,R. Mehta,Ortho Distributors,W1,Knee Prosthesis,Joint Replacement,Prosthesis,B9004-B,L80444,UDI-627377-C,SN752898,Non-Sterile,29 Oct 2026,2025/08/30,4,BOX,"₹6,750.00",7762.50,Arthroplasty,Cobalt Chrome,TraumaFix,Nagpur WH,45961,Partially Delivered,Delhivery,Reserved,20,20,No,Freight included; round-off applied,Unicode NBSP present,377a70c134a71e39c32e70e4a624602c
INV/1150,VCH1150,Sales Return,2025-08-30,2025-10-14,2025-26,Partially Paid,cash,45,56700.0,56700.0,56700.0,29CCCDD3456H1Z3,GST,Karnataka,2700.0,0%,INR,apex hospital,Multi-Specialty Hospital,dr a. sharma,Orthopedic Surgeon,SURG-001,24FGHIJ5678K1Z2,Mumbai,South-1,R. Mehta,Ortho Distributors Pvt Ltd,CENTRAL 1,Knee Prosthesis,Joint Replacement,Prosthesis,B1799-C,L92369,UDI-602894-B,SN530136,STERILE,46439,45839,12,Box,4500,"₹4,950.00",Arthroplasty,Cobalt Chrome,TraumaFix,Pune Main,45902,Partially Delivered,Blue Dart,Reserved,20,20,No,Freight included; round-off applied,Text numeric field,bfa3342666c59583b00799a5e4ca8408
INV/1150,VCH1150,Receipt,2025-08-30,2025-10-29,2025-26,Partially Paid,RTGS,60,2802.5,2802.5,0.0,27AAACT1234F1Z5,GST,Gujarat,427.5,5 %,INR,trauma one pvt ltd,Trauma Center,Dr. Meera Iyer,Joint Replacement Surgeon,SURG-002,24FGHIJ5678K1Z2,Nagpur,South,Sneha Joshi,Trauma Supplies LLP,Central-1,Knee Prosthesis,Joint Replacement,Prosthesis,B2400-B,L52071,UDI-873705-A,SN279005,Sterile,30 Aug 2026,31 Jul 2025,2,pcs,1250.00,"1,437.50",Arthroplasty,Cobalt Chrome,JointMax,Pune Main,45901,Delivered,Delhivery,Reserved,25,8,Yes,"Invoice for orthopedic implants, includes ""plate, screw"" bundle",Trailing space preserved,36821f98f2195a5a6da6e5c539262650
INV/1150,VCH1150,Purchase,2025-08-30,2025-09-29,2025-26,Paid,Cheque,45,13466.25,13466.25,10099.69,24BBBCD2345G1Z2,IGST,Gujarat,641.25,5,Rs.,trauma one,Trauma Center,DR RAJESH KULKARNI,Trauma Surgeon,SURG-003,27ABCDE1234F1Z1,Nagpur,Central 1,R. Mehta,Trauma Supplies LLP,Central-1,Locking Plate,Orthopedic Implant,Plate,B8116-B,L59707,UDI-385331-B,SN566554,Non-Sterile,2026/08/30,45839,2 PCS,Pieces,6750.00,"₹8,100.00",Open Reduction,Titanium,JointMax,Pune WH,01 Sep 2025,Partially Delivered,Professional Couriers,Reserved,20,15,Pending,"Invoice for orthopedic implants, includes ""plate, screw"" bundle",Mixed date style,3f6751dfe78101205e2d9859aa680528
INV/1151,VCH1151,Sales Return,2025-07-19,2025-09-02,2025-26,Paid,cash,45,2116.8,2116.8,0.0,29CCCDD3456H1Z3,CGST/SGST,Karnataka,226.8,0%,INR,Apex Hospital Ltd.,Multi-Specialty Hospital,Dr. Anil Sharma,Orthopedic Surgeon,SURG-001,29LMNOP9012Q1Z3,Mumbai,Central,Sneha Joshi,Trauma Supplies LLP,W1,Bone Drill Set,Surgical Instrument,Instrument,B9199-B,L62597,UDI-469515-B,SN591046,Non-Sterile,10 Jan 2027,2025/03/21,1,Pieces,1890,"2,079.00",Surgical Prep,Steel,OSM,Pune Main,2025/07/22,In Transit,Professional Couriers,Low Stock,20,20,No,"Revised invoice after doctor change,
please verify branch mapping",Unicode NBSP present,701045577370635eba205055069a03d7
INV/1151,VCH1151,Sales,2025-07-19,2025-09-02,2025-26,Adjusted,Cash,15,12285.0,12285.0,12285.0,27AAACT1234F1Z5,GST,Gujarat,585.0,2.5,INR,City Medisurg Pvt. Ltd.,Multi-Specialty Hospital,Dr A. Sharma,Orthopedic Surgeon,SURG-001,27ABCDE1234F1Z1,Surat,Central 1,Sneha Joshi,Ortho Distributors,S-1,Cancellous Screw,Orthopedic Implant,Screw,B5023-B,L26316,UDI-801959-C,SN612900,Non-Sterile,09-07-2027,45827,5 PCS,Box,2400.00,"₹2,640.00",Fracture Fixation,Stainless Steel,TraumaFix,Ahmedabad WH,2025/07/22,Delivered,Delhivery,Reorder,20,5,Pending,Freight included; round-off applied,Alias master matched,ba960c4e0d574fd14dd138df58a55e29
INV/1151,VCH1151,Payment,2025-07-19,2025-08-18,2025-26,Partially Paid,UPI,30,28320.0,28320.0,28320.0,29CCCDD3456H1Z3,IGST,Karnataka,4320.0,0 %,INR,city medisurg pvt. ltd.,Multi-Specialty Hospital,DR A. SHARMA,Orthopedic Surgeon,SURG-001,27ABCDE1234F1Z1,Surat,South,Sneha Joshi,Trauma Supplies LLP,South-1,Knee Prosthesis,Joint Replacement,Prosthesis,B1946-B,L26788,UDI-527314-A,SN612805,Non-Sterile,05-01-2028,45737,10,pcs,2400.00,"₹2,640.00",Arthroplasty,Cobalt Chrome,JointMax,Pune WH,2025/07/22,Partially Delivered,DTDC,Reserved,5,20,nan,Freight included; round-off applied	tabbed-remark,Unicode NBSP present,69756a43a332be6b53b3cae96a34146d
INV/1151,VCH1151,Receipt,2025-07-19,2025-09-02,2025-26,Partially Paid,NEFT,30,50445.0,50445.0,25222.5,27AAACT1234F1Z5,GST,Maharashtra,7695.0,0.05,Rs.,Apex Hospital,Multi-Specialty Hospital,Dr P Nair,Spine Surgeon,SURG-004,24FGHIJ5678K1Z2,Mumbai,Central,R. Mehta,Ortho Distributors Pvt Ltd,South-1,Bone Drill Set,Surgical Instrument,Instrument,B9299-C,L61162,UDI-841911-A,SN248363,Sterile,19-07-2026,21-03-2025,10,BOX,"4,500.00",4950,Surgical Prep,Steel,JointMax,Pune WH,45858,In Transit,Delhivery,Reserved,5,0,Yes,Freight included; round-off applied,Unicode NBSP present,bd166a123f3ba15c862c5166e4fba1e6
INV/1152,VCH1152,Sales,2025-09-16,2025-10-01,2025-26,Pending,RTGS,60,35936.25,35936.25,35936.25,29CCCDD3456H1Z3,IGST,Gujarat,1711.25,7.5%,INR,Spine and Joint Institute,Orthopedic Clinic,dr rajesh kulkarni,Trauma Surgeon,SURG-003,24FGHIJ5678K1Z2,Ahmedabad,Central 1,Sneha Joshi,Trauma Supplies,Central-1,Locking Plate,Orthopedic Implant,Plate,B2315-B,L60069,UDI-916415-B,SN620780,Non-Sterile,16-09-2026,2025/07/18,2 PCS,pcs,"18,500.00","21,275.00",Open Reduction,Titanium,OrthoFlex,Ahmedabad WH,45918,Partially Delivered,Professional Couriers,In Stock,25,8,nan,"Invoice for orthopedic implants, includes ""plate, screw"" bundle
Export note retained as multiline remark",Unicode NBSP present,5eaf755db110d20ab5597f203e3efa71
INV/1152,VCH1152,Purchase,2025-09-16,2025-10-01,2025-26,Partially Paid,Cash,60,27287.5,27287.5,27287.5,27AAACT1234F1Z5,GST,Gujarat,4162.5,7.5,INR,Apex Hospital,Multi-Specialty Hospital,Dr Nisha Patel,Orthopedic Surgeon,SURG-005,24FGHIJ5678K1Z2,Thane,South-1,Rahul Mehta,Ortho Distributors Pvt Ltd,CENTRAL 1,Spinal Rod,Spinal Implant,Rod,B4643-A,L39646,UDI-207980-C,SN508872,Sterile,2026/09/16,18 Jul 2025,1,pcs,"₹25,000.00","28,750.00",Spine Stabilization,Titanium Alloy,SpinePro,Mumbai WH-2,2025/09/19,Hold,TCS,In Stock,5,20,Yes,Part payment received; balance pending,Trailing space preserved,838a52380612624cb740951ec4a5b34a
INV/1153,VCH1153,Sales,2025-04-18,2025-06-02,2025-26,Pending,Cheque,60,35936.25,35936.25,17968.12,29CCCDD3456H1Z3,IGST,Karnataka,1711.25,7.5 %,₹,ORTHO CARE CENTRE,Orthopedic Clinic,Dr. P. Nair,Spine Surgeon,SURG-004,24FGHIJ5678K1Z2,Pune,South,R. Mehta,Ortho Distributors Pvt Ltd,Central-1,External Fixator,Trauma Fixation,Fixator,B7937-C,L13287,UDI-247425-A,SN218574,Sterile,46485,2025/03/19,2,Box,"18,500.00","₹20,350.00",Trauma Stabilization,Aluminium,BoneLock,Pune WH,2025/04/19,Delivered,DTDC,In Stock,20,0,No,Freight included; round-off applied,Alias master matched,6fed23acdaffe6d8dd3452fff5b3bea1
inv/1153,VCH1153,Sales Return,2025-04-18,2025-06-02,2025-26,Adjusted,Cash,15,10620.0,10620.0,5310.0,27AAACT1234F1Z5,CGST+SGST,Gujarat,1620.0,0 %,INR,apex hospital ltd.,Multi-Specialty Hospital,dr. meera iyer,Joint Replacement Surgeon,SURG-002,24FGHIJ5678K1Z2,Mumbai,West,Rahul Mehta,Trauma Supplies,CENTRAL 1,External Fixator,Trauma Fixation,Fixator,B8403-A,L85121,UDI-462177-B,SN624620,Non-Sterile,46305,19 Mar 2025,2,Pieces,4500,"₹5,175.00",Trauma Stabilization,Aluminium,OSM,Ahmedabad WH,2025/04/21,Delivered,Delhivery,Low Stock,5,20,No,"Revised invoice after doctor change,
please verify branch mapping",Unicode NBSP present,7d7d2c3b8671c00089f5480465f7b5f7
INV/1154,VCH1154,Sales Return,2025-07-28,2025-09-26,2025-26,Pending,NEFT,60,13608.0,13608.0,0.0,27AAACT1234F1Z5,CGST/SGST,Maharashtra,1458.0,10,₹,apex hospital,Multi-Specialty Hospital,dr meera iyer,Joint Replacement Surgeon,SURG-002,24FGHIJ5678K1Z2,Mumbai,South-1,R. Mehta,Trauma Supplies,W1,Cancellous Screw,Orthopedic Implant,Screw,B2918-C,L22154,UDI-860596-A,SN984680,Sterile,18-07-2027,2025/03/30,2,Pieces,6750,7425,Fracture Fixation,Stainless Steel,SpinePro,Mumbai WH-2,2025/07/30,Hold,Delhivery,Reorder,20,5,Pending,Part payment received; balance pending,Text numeric field,10a7a416b41a07c2fc5c736f690381b1
inv/1154,VCH1154,Purchase,2025-07-28,2025-09-26,2025-26,Adjusted,RTGS,15,10620.0,10620.0,0.0,24BBBCD2345G1Z2,IGST,Karnataka,1620.0,10,₹,City Medisurg Pvt. Ltd.,Multi-Specialty Hospital,DR. ANIL SHARMA,Orthopedic Surgeon,SURG-001,27ABCDE1234F1Z1,Surat,Central,S. Joshi,Trauma Supplies LLP,Central-1,Cancellous Screw,Orthopedic Implant,Screw,B1553-C,L68046,UDI-529671-C,SN599497,Sterile,46231,30 Mar 2025,8,BOX,"₹1,250.00","₹1,500.00",Fracture Fixation,Stainless Steel,SpinePro,Ahmedabad WH,2025/07/30,Delivered,Delhivery,Reserved,10,3,No,Freight included; round-off applied	tabbed-remark,Trailing space preserved,c25096937f7a2f1d8b20cfe014de2dae
INV/1154,VCH1154,Sales,2025-07-28,2025-08-27,2025-26,Adjusted,NEFT,45,56700.0,56700.0,56700.0,24BBBCD2345G1Z2,CGST/SGST,Karnataka,2700.0,0 %,INR,ortho care centre,Orthopedic Clinic,Dr Meera Iyer,Joint Replacement Surgeon,SURG-002,27ABCDE1234F1Z1,Pune,Central 1,Amit Verma,Trauma Supplies LLP,South-1,Bone Drill Set,Surgical Instrument,Instrument,B3138-A,L54698,UDI-741699-B,SN786152,Sterile,2028/01/14,29-04-2025,12 PCS,BOX,"4,500.00",5175.00,Surgical Prep,Steel,JointMax,Mumbai WH-2,2025/07/30,Delivered,DTDC,In Stock,10,8,Pending,"Invoice for orthopedic implants, includes ""plate, screw"" bundle",Name variation retained,5ea150b13238c069aa74452694a7ee24
INV/1155,VCH1155,Sales,2025-05-26,2025-07-25,2025-26,Partially Paid,RTGS,60,16372.5,16372.5,12279.38,24BBBCD2345G1Z2,IGST,Maharashtra,2497.5,7.5,INR,apex hospital,Multi-Specialty Hospital,Dr Rajesh Kulkarni,Trauma Surgeon,SURG-003,27ABCDE1234F1Z1,Thane,West,A. Verma,ORTHO DISTRIBUTORS,WEST 1,Spinal Rod,Spinal Implant,Rod,B7574-B,L37374,UDI-851914-B,SN687394,Sterile,17-11-2026,26 Apr 2025,12,Box,"₹1,250.00","1,437.50",Spine Stabilization,Titanium Alloy,JointMax,Mumbai WH,29 May 2025,Delivered,TCS,In Stock,20,20,nan,"Invoice for orthopedic implants, includes ""plate, screw"" bundle
Export note retained as multiline remark	tabbed-remark",Alias master matched,93609c83eaf0589833c1206c0eb3829e
INV/1155,VCH1155,Sales Return,2025-05-26,2025-07-25,2025-26,Pending,Bank Transfer,30,5040.0,5040.0,0.0,24BBBCD2345G1Z2,GST,Gujarat,240.0,0 %,Rs.,APEX HOSPITAL LTD.,Multi-Specialty Hospital,Dr. Meera Iyer,Joint Replacement Surgeon,SURG-002,24FGHIJ5678K1Z2,Mumbai,South,Rahul Mehta,Trauma Supplies LLP,S-1,Locking Plate,Orthopedic Implant,Plate,B8642-B,L95227,UDI-525502-B,SN238001,Sterile,16 May 2027,25 Feb 2025,2,PCS,2400.00,2880.00,Open Reduction,Titanium,OSM,Pune WH,28-05-2025,Delivered,Delhivery,In Stock,25,15,Yes,Credit note adjustment for return batch	tabbed-remark,Alias master matched,4017bdb53a3ef08e93cac8f3107ecc93
INV/1155,VCH1155,Sales,2025-05-26,2025-07-10,2025-26,Paid,Cash,45,140000.0,140000.0,0.0,24BBBCD2345G1Z2,CGST/SGST,Gujarat,15000.0,0 %,INR,Apex Hospital,Multi-Specialty Hospital,Dr Meera Iyer,Joint Replacement Surgeon,SURG-002,27ABCDE1234F1Z1,Thane,South,Amit Verma,Trauma Supplies,South-1,Cancellous Screw,Orthopedic Implant,Screw,B3141-A,L25618,UDI-235399-B,SN177189,Sterile,26-05-2026,26-01-2025,5,Box,"₹25,000.00",30000,Fracture Fixation,Stainless Steel,OrthoFlex,Mumbai WH-2,26-05-2025,Delivered,TCS,In Stock,5,30,nan,Dispatch against PO; follow-up due on next cycle	tabbed-remark,Text numeric field,4279006a1caac5955cfa5d11404b15f6
INV/1156,VCH1156,Receipt,2025-02-12,2025-04-13,2024-25,Partially Paid,RTGS,30,54432.0,54432.0,27216.0,29CCCDD3456H1Z3,CGST/SGST,Maharashtra,5832.0,10 %,INR,Ortho Care Center,Orthopedic Clinic,Dr. Nisha Patel,Orthopedic Surgeon,SURG-005,27ABCDE1234F1Z1,Pune,WEST 1,S. Joshi,Ortho Distributors,Central-1,Knee Prosthesis,Joint Replacement,Prosthesis,B3815-B,L48937,UDI-842685-B,SN603333,Sterile,2026/02/12,2024/11/14,12,pcs,"₹4,500.00","₹5,175.00",Arthroplasty,Cobalt Chrome,BoneLock,Mumbai WH-2,13-02-2025,In Transit,TCS,Low Stock,5,15,Pending,"Revised invoice after doctor change,
please verify branch mapping, ref=""INV/1156""",Alias master matched,0d87d7eca7b26da69c9eb8723c1a516b
INV/1156,VCH1156,Purchase,2025-02-12,2025-03-14,2024-25,Partially Paid,cash,60,109200.0,109200.0,0.0,24BBBCD2345G1Z2,GST,Maharashtra,11700.0,2.5 %,Rs.,Apex Hospital Ltd.,Multi-Specialty Hospital,Dr. P. Nair,Spine Surgeon,SURG-004,27ABCDE1234F1Z1,Mumbai,South-1,A. Verma,ORTHO DISTRIBUTORS,WEST 1,Bone Drill Set,Surgical Instrument,Instrument,B2384-C,L45183,UDI-155628-C,SN897415,Non-Sterile,01-08-2027,14 Dec 2024,4,PCS,25000,"₹28,750.00",Surgical Prep,Steel,OSM,Mumbai WH,14-02-2025,In Transit,Blue Dart,Reserved,10,15,No,Credit note adjustment for return batch,Mixed date style,6f8cd8aeb5bfab4c3cc8254ce8de9cec
INV/1156,VCH1156,Sales Return,2025-02-12,2025-04-13,2024-25,Partially Paid,NEFT,45,145152.0,145152.0,72576.0,24BBBCD2345G1Z2,CGST/SGST,Karnataka,15552.0,10%,INR,Spine And Joint Institute,Orthopedic Clinic,Dr Meera Iyer,Joint Replacement Surgeon,SURG-002,24FGHIJ5678K1Z2,Ahmedabad,West-1,Amit Verma,ORTHO DISTRIBUTORS,WEST 1,Bone Drill Set,Surgical Instrument,Instrument,B1699-C,L36580,UDI-522244-B,SN111112,STERILE,12 Feb 2026,45580,12,pcs,"₹12,000.00","₹14,400.00",Surgical Prep,Steel,JointMax,Ahmedabad WH,45703,Partially Delivered,Blue Dart,In Stock,20,30,No,Dispatch against PO; follow-up due on next cycle,Unicode NBSP present,4e24f821a5e1a4afec7bfd4e5f2b4bec
INV/1157,VCH1157,Sales,2024-12-31,2025-02-14,2024-25,Adjusted,Cheque,15,34965.0,34965.0,17482.5,27AAACT1234F1Z5,IGST,Maharashtra,1665.0,10%,Rs.,CITY MEDISURG,Multi-Specialty Hospital,Dr Meera Iyer,Joint Replacement Surgeon,SURG-002,27ABCDE1234F1Z1,Surat,South,Rahul Mehta,ORTHO DISTRIBUTORS,WEST 1,Spinal Rod,Spinal Implant,Rod,B5542-B,L42578,UDI-120650-B,SN343734,Sterile,2026/12/21,01 Nov 2024,2,pcs,"18,500.00","₹20,350.00",Spine Stabilization,Titanium Alloy,OSM,Pune WH,01-01-2025,Delivered,Professional Couriers,Low Stock,20,15,No,Credit note adjustment for return batch,Text numeric field,db44f1cd5241febf1f3d0c6fb8a7576d
INV/1157,VCH1157,Sales,2024-12-31,2025-02-14,2024-25,Pending,Cheque,60,4987.5,4987.5,2493.75,29CCCDD3456H1Z3,IGST,Maharashtra,237.5,5,INR,spine & joint institute,Orthopedic Clinic,DR. ANIL SHARMA,Orthopedic Surgeon,SURG-001,27ABCDE1234F1Z1,Ahmedabad,Central 1,Sneha Joshi,ORTHO DISTRIBUTORS,W1,External Fixator,Trauma Fixation,Fixator,B9468-A,L86858,UDI-939683-A,SN609937,Sterile,21-12-2026,2024/09/02,4,PCS,1250.00,"₹1,437.50",Trauma Stabilization,Aluminium,OrthoFlex,Mumbai WH,45659,Partially Delivered,Blue Dart,Low Stock,25,3,nan,"Invoice for orthopedic implants, includes ""plate, screw"" bundle",Name variation retained,e83bbc920702f944f7a222b70fe65d25
INV/1157,VCH1157,Sales,2024-12-31,2025-02-14,2024-25,Paid,Cheque,15,15540.0,15540.0,11655.0,24BBBCD2345G1Z2,CGST+SGST,Gujarat,1665.0,7.5%,Rs.,Trauma One,Trauma Center,dr. meera iyer,Joint Replacement Surgeon,SURG-002,24FGHIJ5678K1Z2,Nagpur,Central 1,S. Joshi,Trauma Supplies LLP,W1,Locking Plate,Orthopedic Implant,Plate,B4110-C,L38281,UDI-582952-A,SN420939,STERILE,46197,45567,12,BOX,1250.00,1500,Open Reduction,Titanium,OSM,Pune Main,45657,In Transit,Delhivery,Reserved,5,5,Pending,Dispatch against PO; follow-up due on next cycle,Unicode NBSP present,f5ad596be087e55a6f4d4ce95f7445f9
INV/1158,VCH1158,Sales,2026-01-03,2026-03-04,2025-26,Adjusted,cash,60,78588.0,78588.0,39294.0,24BBBCD2345G1Z2,CGST+SGST,Maharashtra,11988.0,10%,Rs.,city medisurg pvt. ltd.,Multi-Specialty Hospital,Dr Nisha Patel,Orthopedic Surgeon,SURG-005,24FGHIJ5678K1Z2,Surat,Central 1,Rahul Mehta,Trauma Supplies,West-1,Knee Prosthesis,Joint Replacement,Prosthesis,B4164-B,L37627,UDI-569162-A,SN762986,STERILE,03-01-2027,04 Nov 2025,4,Pieces,"18,500.00",21275.00,Arthroplasty,Cobalt Chrome,SpinePro,Pune Main,46028,Hold,Delhivery,In Stock,5,0,Yes,Freight included; round-off applied,Alias master matched,7a2fdbe2db10675a8a4cad59460f2de4
INV/1158,VCH1158,Sales,2026-01-03,2026-02-17,2025-26,Pending,Cheque,45,7006.25,7006.25,0.0,29CCCDD3456H1Z3,CGST/SGST,Karnataka,1068.75,5 %,INR,trauma one pvt ltd,Trauma Center,Dr. R. Kulkarni,Trauma Surgeon,SURG-003,27ABCDE1234F1Z1,Nagpur,Central,Amit Verma,Ortho Distributors,South-1,Spinal Rod,Spinal Implant,Rod,B6670-B,L53421,UDI-241246-B,SN654965,Sterile,24-12-2027,04 Nov 2025,5,pcs,"1,250.00",1437.5,Spine Stabilization,Titanium Alloy,OrthoFlex,Pune WH,06 Jan 2026,Delivered,Professional Couriers,In Stock,20,15,No,Part payment received; balance pending,Mixed date style,ea5ef93f8cf2d9ae86ff53795bc19be6
INV/1159,VCH1159,Sales Return,2024-05-03,2024-07-02,2024-25,Adjusted,Cash,45,36288.0,36288.0,18144.0,24BBBCD2345G1Z2,CGST+SGST,Maharashtra,3888.0,10%,Rs.,City Medisurg Pvt. Ltd.,Multi-Specialty Hospital,dr nisha patel,Orthopedic Surgeon,SURG-005,24FGHIJ5678K1Z2,Surat,West,Sneha Joshi,Ortho Distributors Pvt Ltd,WEST 1,External Fixator,Trauma Fixation,Fixator,B2302-B,L39281,UDI-128832-A,SN708449,Sterile,25 Oct 2025,45295,8,Pieces,4500,"₹4,950.00",Trauma Stabilization,Aluminium,OrthoFlex,Nagpur WH,04-05-2024,Hold,Blue Dart,Low Stock,20,8,No,"Freight included; round-off applied, ref=""INV/1159""",Name variation retained,ed5b33f6fa5959cac151b6a662047619
INV/1159,VCH1159,Receipt,2024-05-03,2024-05-18,2024-25,Pending,UPI,15,28320.0,28320.0,0.0,29CCCDD3456H1Z3,CGST/SGST,Gujarat,4320.0,0%,Rs.,SPINE & JOINT INSTITUTE,Orthopedic Clinic,Dr P Nair,Spine Surgeon,SURG-004,27ABCDE1234F1Z1,Ahmedabad,South,S. Joshi,Trauma Supplies LLP,South-1,Locking Plate,Orthopedic Implant,Plate,B8992-C,L82525,UDI-328075-C,SN233263,Sterile,25-10-2025,03 Apr 2024,2 PCS,Pieces,12000,13800.00,Open Reduction,Titanium,TraumaFix,Mumbai WH,45417,Hold,Delhivery,In Stock,5,3,No,"Freight included; round-off applied
Export note retained as multiline remark",Name variation retained,f403401426e26351489e587c079ed78d
INV/1160,VCH1160,Payment,2024-06-15,2024-06-30,2024-25,Adjusted,Cash,15,40385.5,40385.5,30289.12,27AAACT1234F1Z5,CGST+SGST,Maharashtra,6160.5,7.5%,Rs.,Spine and Joint Institute,Orthopedic Clinic,Dr. Anil Sharma,Orthopedic Surgeon,SURG-001,24FGHIJ5678K1Z2,Ahmedabad,West,Amit Verma,ORTHO DISTRIBUTORS,W1,Bone Drill Set,Surgical Instrument,Instrument,B3051-C,L51330,UDI-971177-A,SN954151,STERILE,07 Dec 2025,16 May 2024,2 PCS,BOX,"18,500.00",21275,Surgical Prep,Steel,BoneLock,Ahmedabad WH,2024/06/17,Hold,Delhivery,Reserved,5,15,No,Part payment received; balance pending,Unicode NBSP present,4809ad1cf296a4121e38d8d21838a975
INV/1160,VCH1160,Sales,2024-06-15,2024-06-30,2024-25,Pending,cash,60,60480.0,60480.0,0.0,27AAACT1234F1Z5,CGST/SGST,Maharashtra,6480.0,0%,INR,Trauma One,Trauma Center,dr. p. nair,Spine Surgeon,SURG-004,27ABCDE1234F1Z1,Nagpur,Central 1,A. Verma,Trauma Supplies,CENTRAL 1,Locking Plate,Orthopedic Implant,Plate,B6375-C,L71917,UDI-231222-A,SN579959,Sterile,45998,2024/02/16,8,Box,"6,750.00",7425,Open Reduction,Titanium,TraumaFix,Nagpur WH,17 Jun 2024,Partially Delivered,TCS,Reorder,20,8,Pending,"Invoice for orthopedic implants, includes ""plate, screw"" bundle",Mixed date style,0e413a5460a31b3ef138047ef0664fab
INV/1161,VCH1161,Purchase,2025-05-12,2025-05-27,2025-26,Pending,Bank Transfer,60,19684.0,19684.0,19684.0,24BBBCD2345G1Z2,GST,Maharashtra,2109.0,0.05,INR,APEX HOSPITAL LTD.,Multi-Specialty Hospital,Dr. Anil Sharma,Orthopedic Surgeon,SURG-001,24FGHIJ5678K1Z2,Mumbai,West,Rahul Mehta,ORTHO DISTRIBUTORS,W1,Locking Plate,Orthopedic Implant,Plate,B7202-C,L93381,UDI-728565-B,SN688702,Sterile,03 Nov 2026,45699,1,Box,"18,500.00",20350,Open Reduction,Titanium,JointMax,Ahmedabad WH,2025/05/13,Hold,DTDC,In Stock,5,5,Pending,"Invoice for orthopedic implants, includes ""plate, screw"" bundle",Alias master matched,665d138578d8df1acbe94dd0e863d81c
INV/1161,VCH1161,Sales Return,2025-05-12,2025-06-26,2025-26,Partially Paid,cash,60,7182.0,7182.0,3591.0,29CCCDD3456H1Z3,IGST,Karnataka,769.5,0.05,Rs.,CITY MEDISURG,Multi-Specialty Hospital,dr. anil sharma,Orthopedic Surgeon,SURG-001,29LMNOP9012Q1Z3,Surat,Central,A. Verma,Trauma Supplies,S-1,Cancellous Screw,Orthopedic Implant,Screw,B2784-B,L99090,UDI-492194-A,SN339926,STERILE,46689,12-01-2025,1,PCS,6750.00,8100,Fracture Fixation,Stainless Steel,OrthoFlex,Nagpur WH,2025/05/14,Hold,Delhivery,In Stock,20,20,Yes,Part payment received; balance pending,Name variation retained,fda10fa4f99827327df528d7674cd31b
INV/1161,VCH1161,Sales Return,2025-05-12,2025-05-27,2025-26,Partially Paid,NEFT,60,327450.0,327450.0,163725.0,29CCCDD3456H1Z3,CGST/SGST,Karnataka,49950.0,7.5%,INR,Ortho Care Centre,Orthopedic Clinic,Dr Nisha Patel,Orthopedic Surgeon,SURG-005,24FGHIJ5678K1Z2,Pune,South,Sneha Joshi,Ortho Distributors,S-1,Cancellous Screw,Orthopedic Implant,Screw,B2659-B,L40014,UDI-483035-B,SN686379,STERILE,03 Nov 2026,45759,12,Pieces,25000.00,"₹28,750.00",Fracture Fixation,Stainless Steel,SpinePro,Ahmedabad WH,45791,Delivered,TCS,In Stock,25,20,No,Credit note adjustment for return batch,Text numeric field,fe372f3f6efcd1e6c7e0be5236136a46
INV/1162,VCH1162,Sales,2025-11-19,2025-12-19,2025-26,Pending,NEFT,30,9975.0,9975.0,0.0,27AAACT1234F1Z5,CGST/SGST,Karnataka,475.0,5%,₹,Trauma One,Trauma Center,Dr Rajesh Kulkarni,Trauma Surgeon,SURG-003,24FGHIJ5678K1Z2,Nagpur,Central 1,Amit Verma,ORTHO DISTRIBUTORS,Central-1,Cancellous Screw,Orthopedic Implant,Screw,B8531-A,L83642,UDI-535450-A,SN987187,Non-Sterile,19-11-2026,45950,8,Pieces,1250,"1,437.50",Fracture Fixation,Stainless Steel,TraumaFix,Mumbai WH,22-11-2025,Partially Delivered,Delhivery,In Stock,5,30,No,Freight included; round-off applied,Unicode NBSP present,50f3e7f49aadbc1ef796bb6b8fa1f560
inv/1162,VCH1162,Purchase,2025-11-19,2026-01-18,2025-26,Pending,RTGS,60,2428.12,2428.12,2428.12,24BBBCD2345G1Z2,IGST,Karnataka,115.62,7.5%,Rs.,spine and joint institute,Orthopedic Clinic,DR. NISHA PATEL,Orthopedic Surgeon,SURG-005,29LMNOP9012Q1Z3,Ahmedabad,West,Sneha Joshi,Trauma Supplies LLP,WEST 1,Cancellous Screw,Orthopedic Implant,Screw,B9302-A,L51532,UDI-737063-A,SN544135,Non-Sterile,07 May 2028,20 Oct 2025,2,Box,1250,"1,437.50",Fracture Fixation,Stainless Steel,JointMax,Pune WH,21 Nov 2025,Partially Delivered,TCS,In Stock,25,30,Pending,"Revised invoice after doctor change,
please verify branch mapping",Name variation retained,87e1ebd07186f992b2fa92195c479372
INV/1162,VCH1162,Sales,2025-11-19,2026-01-18,2025-26,Paid,NEFT,30,77658.75,77658.75,77658.75,27AAACT1234F1Z5,IGST,Maharashtra,11846.25,0.03,₹,ortho care center,Orthopedic Clinic,dr. r. kulkarni,Trauma Surgeon,SURG-003,24FGHIJ5678K1Z2,Pune,West,Amit Verma,Ortho Distributors,South-1,Spinal Rod,Spinal Implant,Rod,B8846-A,L53770,UDI-436041-C,SN623954,Sterile,19-11-2026,20 Oct 2025,10,Pieces,"₹6,750.00",8100.00,Spine Stabilization,Titanium Alloy,BoneLock,Nagpur WH,45983,Hold,Delhivery,Reserved,20,20,No,"Credit note adjustment for return batch, ref=""INV/1162""",Trailing space preserved,d0e0e93d60a722e87c6b49f5fd6f44b8
INV/1163,VCH1163,Sales Return,2025-12-26,2026-02-09,2025-26,Adjusted,UPI,60,22680.0,22680.0,17010.0,29CCCDD3456H1Z3,CGST/SGST,Maharashtra,2430.0,10 %,INR,SPINE & JOINT INSTITUTE,Orthopedic Clinic,DR MEERA IYER,Joint Replacement Surgeon,SURG-002,27ABCDE1234F1Z1,Ahmedabad,West,Amit Verma,Trauma Supplies LLP,South-1,Bone Drill Set,Surgical Instrument,Instrument,B7974-A,L56549,UDI-329027-C,SN653339,STERILE,46557,45987,5 PCS,BOX,4500.00,5400,Surgical Prep,Steel,BoneLock,Pune Main,28 Dec 2025,In Transit,Blue Dart,In Stock,10,0,No,Part payment received; balance pending,Name variation retained,a282bb3614f11d05faef04cc61913760
INV/1163,VCH1163,Purchase,2025-12-26,2026-02-09,2025-26,Partially Paid,Cash,15,196840.0,196840.0,196840.0,27AAACT1234F1Z5,CGST/SGST,Gujarat,21090.0,5,Rs.,Apex Hospital,Multi-Specialty Hospital,Dr P Nair,Spine Surgeon,SURG-004,27ABCDE1234F1Z1,Thane,South,Rahul Mehta,ORTHO DISTRIBUTORS,CENTRAL 1,Cancellous Screw,Orthopedic Implant,Screw,B2136-B,L99375,UDI-592789-B,SN969903,Sterile,2026/12/26,27 Oct 2025,10 PCS,pcs,"18,500.00",21275,Fracture Fixation,Stainless Steel,SpinePro,Mumbai WH,27-12-2025,Partially Delivered,Professional Couriers,Low Stock,10,20,nan,"Invoice for orthopedic implants, includes ""plate, screw"" bundle, ref=""INV/1163""",Name variation retained,c07c5a7d4fee4439e5ab5eebb2c577f2
INV/1163,VCH1163,Sales,2025-12-26,2026-02-09,2025-26,Pending,Bank Transfer,45,5044.5,5044.5,5044.5,24BBBCD2345G1Z2,IGST,Karnataka,769.5,0.05,INR,city medisurg pvt. ltd.,Multi-Specialty Hospital,Dr. Nisha Patel,Orthopedic Surgeon,SURG-005,24FGHIJ5678K1Z2,Surat,South-1,Rahul Mehta,Ortho Distributors,West-1,Cancellous Screw,Orthopedic Implant,Screw,B7984-C,L60529,UDI-229989-B,SN981049,Non-Sterile,16-12-2027,28-08-2025,1 PCS,Box,4500.00,"₹4,950.00",Fracture Fixation,Stainless Steel,SpinePro,Mumbai WH-2,46018,In Transit,Delhivery,In Stock,5,15,No,"Exported from Tally	with master alias
Export note retained as multiline remark",Name variation retained,9e36f3727290b19aac35972f8e763590
INV/1163,VCH1163,Sales,2025-12-26,2026-02-24,2025-26,Paid,NEFT,15,13440.0,13440.0,10080.0,29CCCDD3456H1Z3,IGST,Karnataka,1440.0,0,₹,APEX HOSPITAL,Multi-Specialty Hospital,Dr. R. Kulkarni,Trauma Surgeon,SURG-003,24FGHIJ5678K1Z2,Thane,WEST 1,S. Joshi,Trauma Supplies,W1,Locking Plate,Orthopedic Implant,Plate,B6314-C,L81859,UDI-792751-C,SN150325,Sterile,2027/06/19,26-11-2025,1 PCS,pcs,12000,14400.00,Open Reduction,Titanium,SpinePro,Pune WH,2025/12/29,Delivered,Delhivery,Low Stock,25,5,No,Part payment received; balance pending,Name variation retained,732b1e631d030f0ae38ce10d2db3ca5a
INV/1164,VCH1164,Sales,2025-09-27,2025-11-26,2025-26,Partially Paid,UPI,45,5040.0,5040.0,2520.0,29CCCDD3456H1Z3,GST,Karnataka,540.0,10 %,₹,Ortho Care Centre,Orthopedic Clinic,dr. anil sharma,Orthopedic Surgeon,SURG-001,29LMNOP9012Q1Z3,Pune,Central 1,S. Joshi,Trauma Supplies LLP,W1,Spinal Rod,Spinal Implant,Rod,B6777-C,L63315,UDI-147390-B,SN872226,Non-Sterile,46467,45837,4,BOX,"₹1,250.00","₹1,375.00",Spine Stabilization,Titanium Alloy,TraumaFix,Pune Main,27 Sep 2025,Partially Delivered,Delhivery,Reserved,5,30,No,"Approved by store; udi matched
Export note retained as multiline remark",Mixed date style,273c8fc2b9947d11550aa19952967b46
INV/1164,VCH1164,Payment,2025-09-27,2025-10-27,2025-26,Pending,cash,60,194250.0,194250.0,97125.0,27AAACT1234F1Z5,IGST,Maharashtra,9250.0,0%,Rs.,ortho care centre,Orthopedic Clinic,Dr Meera Iyer,Joint Replacement Surgeon,SURG-002,29LMNOP9012Q1Z3,Pune,Central,Amit Verma,Ortho Distributors,South-1,Knee Prosthesis,Joint Replacement,Prosthesis,B8850-C,L87908,UDI-866008-C,SN733652,Sterile,46827,30 May 2025,10,pcs,"18,500.00",22200.00,Arthroplasty,Cobalt Chrome,SpinePro,Nagpur WH,2025/09/29,Delivered,TCS,In Stock,20,8,No,Approved by store; udi matched,Trailing space preserved,98f97282351877cb5b1428ed04eb9640
INV/1165,VCH1165,Payment,2026-03-02,2026-04-01,2025-26,Paid,UPI,30,15540.0,15540.0,7770.0,27AAACT1234F1Z5,IGST,Maharashtra,1665.0,7.5 %,₹,Ortho Care Center,Orthopedic Clinic,dr. r. kulkarni,Trauma Surgeon,SURG-003,27ABCDE1234F1Z1,Pune,Central 1,Sneha Joshi,Ortho Distributors,South-1,Locking Plate,Orthopedic Implant,Plate,B5087-B,L85987,UDI-939209-C,SN371702,Sterile,18 Aug 2028,01 Jan 2026,12,Box,1250.00,"₹1,437.50",Open Reduction,Titanium,OrthoFlex,Nagpur WH,46086,Delivered,Professional Couriers,In Stock,5,20,No,Approved by store; udi matched,Unicode NBSP present,2ddf928659de6ab15a706703c31e42c2
INV/1165,VCH1165,Sales Return,2026-03-02,2026-04-01,2025-26,Pending,cash,30,39294.0,39294.0,19647.0,27AAACT1234F1Z5,IGST,Gujarat,5994.0,7.5%,INR,CITY MEDISURG PVT. LTD.,Multi-Specialty Hospital,dr. anil sharma,Orthopedic Surgeon,SURG-001,24FGHIJ5678K1Z2,Surat,South-1,A. Verma,Trauma Supplies LLP,S-1,Knee Prosthesis,Joint Replacement,Prosthesis,B4068-A,L21403,UDI-815252-A,SN863410,Sterile,20-02-2028,01-01-2026,8 PCS,pcs,"4,500.00",5175,Arthroplasty,Cobalt Chrome,BoneLock,Mumbai WH-2,2026/03/03,Delivered,DTDC,Reserved,10,0,Yes,Exported from Tally	with master alias,Mixed date style,39500904b95c8550d0a8b3408d1a4884
INV/1165,VCH1165,Purchase,2026-03-02,2026-04-16,2025-26,Adjusted,Cash,15,35437.5,35437.5,17718.75,24BBBCD2345G1Z2,IGST,Maharashtra,1687.5,0%,INR,Apex Hospital,Multi-Specialty Hospital,Dr. P. Nair,Spine Surgeon,SURG-004,24FGHIJ5678K1Z2,Mumbai,South-1,R. Mehta,Ortho Distributors,S-1,Locking Plate,Orthopedic Implant,Plate,B1233-B,L52588,UDI-600809-C,SN867997,Sterile,20-02-2028,02-12-2025,5,PCS,"6,750.00",8100.00,Open Reduction,Titanium,SpinePro,Pune WH,46085,Hold,Delhivery,In Stock,10,3,No,Part payment received; balance pending,Alias master matched,cc61d42fb91ae3ffd37d57993b4f5d04
INV/1166,VCH1166,Purchase,2026-01-22,2026-02-06,2025-26,Adjusted,RTGS,45,11210.0,11210.0,11210.0,27AAACT1234F1Z5,IGST,Gujarat,1710.0,5 %,INR,Spine & Joint Institute,Orthopedic Clinic,dr. p. nair,Spine Surgeon,SURG-004,27ABCDE1234F1Z1,Ahmedabad,South-1,Rahul Mehta,Ortho Distributors,West-1,Cancellous Screw,Orthopedic Implant,Screw,B6524-C,L13062,UDI-691641-B,SN492717,Non-Sterile,16 Jul 2027,23 Nov 2025,8 PCS,BOX,1250,"1,500.00",Fracture Fixation,Stainless Steel,OSM,Pune WH,46044,Delivered,Delhivery,Low Stock,25,30,No,Credit note adjustment for return batch,Trailing space preserved,b8d5bef7c8f96ab43930afb521659582
INV/1166,VCH1166,Purchase,2026-01-22,2026-03-23,2025-26,Pending,NEFT,15,1246.88,1246.88,935.16,29CCCDD3456H1Z3,CGST/SGST,Gujarat,59.38,0.05,INR,City Medisurg Pvt. Ltd.,Multi-Specialty Hospital,dr nisha patel,Orthopedic Surgeon,SURG-005,29LMNOP9012Q1Z3,Surat,West-1,Rahul Mehta,Ortho Distributors Pvt Ltd,WEST 1,Cancellous Screw,Orthopedic Implant,Screw,B1887-B,L47496,UDI-290663-B,SN917264,Sterile,16-07-2027,23 Nov 2025,1,Box,"1,250.00","1,375.00",Fracture Fixation,Stainless Steel,JointMax,Mumbai WH-2,22 Jan 2026,In Transit,Blue Dart,In Stock,25,3,Yes,Approved by store; udi matched,Unicode NBSP present,696f4e2f30240187727ab48b695b2536
INV/1166,VCH1166,Receipt,2026-01-22,2026-03-23,2025-26,Paid,Cash,15,23310.0,23310.0,23310.0,27AAACT1234F1Z5,CGST+SGST,Maharashtra,1110.0,7.5,INR,City Medisurg Pvt. Ltd.,Multi-Specialty Hospital,dr. r. kulkarni,Trauma Surgeon,SURG-003,29LMNOP9012Q1Z3,Surat,Central 1,Rahul Mehta,Ortho Distributors Pvt Ltd,Central-1,Spinal Rod,Spinal Implant,Rod,B1866-B,L21326,UDI-601797-B,SN580403,STERILE,10-07-2028,2025/09/24,2,pcs,12000,"₹13,200.00",Spine Stabilization,Titanium Alloy,JointMax,Pune Main,24-01-2026,Partially Delivered,Professional Couriers,In Stock,20,8,Yes,Freight included; round-off applied,Name variation retained,ccc97630b29dae22d3edb3a480d73599
INV/1167,VCH1167,Payment,2025-11-13,2025-12-13,2025-26,Paid,Cash,45,23625.0,23625.0,0.0,24BBBCD2345G1Z2,CGST+SGST,Karnataka,1125.0,0.00,INR,City Medisurg Pvt. Ltd.,Multi-Specialty Hospital,DR A. SHARMA,Orthopedic Surgeon,SURG-001,29LMNOP9012Q1Z3,Surat,West,R. Mehta,Trauma Supplies,West-1,Cancellous Screw,Orthopedic Implant,Screw,B1323-C,L67670,UDI-813989-B,SN683180,Sterile,03 Nov 2027,45914,5 PCS,PCS,4500,5400,Fracture Fixation,Stainless Steel,BoneLock,Mumbai WH-2,15 Nov 2025,Delivered,Professional Couriers,Reserved,5,0,nan,Freight included; round-off applied,Text numeric field,32d9781364eecc5b08e1ba8e217c41b8
inv/1167,VCH1167,Sales Return,2025-11-13,2025-12-28,2025-26,Pending,cash,30,26250.0,26250.0,13125.0,24BBBCD2345G1Z2,GST,Karnataka,1250.0,0 %,₹,Apex Hospital,Multi-Specialty Hospital,dr nisha patel,Orthopedic Surgeon,SURG-005,24FGHIJ5678K1Z2,Mumbai,WEST 1,Sneha Joshi,Ortho Distributors Pvt Ltd,S-1,Locking Plate,Orthopedic Implant,Plate,B3820-C,L71691,UDI-134364-A,SN112535,Non-Sterile,2026/11/13,14 Sep 2025,1 PCS,Pieces,"₹25,000.00","₹27,500.00",Open Reduction,Titanium,JointMax,Ahmedabad WH,2025/11/13,Delivered,Blue Dart,Reserved,25,30,No,"Invoice for orthopedic implants, includes ""plate, screw"" bundle",Alias master matched,e78b97df3ecd84298677911877f54b17
inv/1167,VCH1167,Sales,2025-11-13,2026-01-12,2025-26,Paid,UPI,60,242313.0,242313.0,121156.5,24BBBCD2345G1Z2,CGST+SGST,Karnataka,36963.0,7.5,Rs.,CITY MEDISURG,Multi-Specialty Hospital,Dr Meera Iyer,Joint Replacement Surgeon,SURG-002,24FGHIJ5678K1Z2,Surat,West,Sneha Joshi,Trauma Supplies LLP,CENTRAL 1,Knee Prosthesis,Joint Replacement,Prosthesis,B7405-C,L76733,UDI-646271-B,SN745269,Sterile,01-05-2028,45944,12,PCS,"₹18,500.00",21275.00,Arthroplasty,Cobalt Chrome,TraumaFix,Ahmedabad WH,45977,Hold,DTDC,In Stock,20,8,Yes,"Dispatch against PO; follow-up due on next cycle, ref=""INV/1167""",Alias master matched,11ec1498325a42a4cb7e6cf0abebd1b5
INV/1168,VCH1168,Sales,2026-02-23,2026-03-10,2025-26,Partially Paid,Cash,60,113400.0,113400.0,85050.0,27AAACT1234F1Z5,CGST+SGST,Karnataka,5400.0,10 %,INR,Spine And Joint Institute,Orthopedic Clinic,Dr Nisha Patel,Orthopedic Surgeon,SURG-005,27ABCDE1234F1Z1,Ahmedabad,Central,Rahul Mehta,Trauma Supplies,WEST 1,External Fixator,Trauma Fixation,Fixator,B7858-B,L30298,UDI-263784-A,SN788538,STERILE,2028/08/11,45986,10,Pieces,12000.00,13800.00,Trauma Stabilization,Aluminium,JointMax,Pune Main,24-02-2026,Hold,DTDC,In Stock,10,8,No,"Revised invoice after doctor change,
please verify branch mapping",Alias master matched,baf0b9db7e81732be671c509d896ac2c
INV/1168,VCH1168,Receipt,2026-02-23,2026-03-25,2025-26,Adjusted,Cheque,15,80797.5,80797.5,80797.5,24BBBCD2345G1Z2,CGST+SGST,Gujarat,3847.5,5,INR,TRAUMA ONE,Trauma Center,Dr. Nisha Patel,Orthopedic Surgeon,SURG-005,24FGHIJ5678K1Z2,Nagpur,WEST 1,Rahul Mehta,Trauma Supplies,W1,Locking Plate,Orthopedic Implant,Plate,B4860-B,L10559,UDI-895336-B,SN172636,Non-Sterile,46976,26 Oct 2025,12,PCS,"₹6,750.00","7,762.50",Open Reduction,Titanium,JointMax,Nagpur WH,26-02-2026,Hold,DTDC,Reorder,10,20,Pending,Exported from Tally	with master alias	tabbed-remark,Mixed date style,73886a26d16e413784ff9f9e3bf899ce
INV/1168,VCH1168,Purchase,2026-02-23,2026-03-10,2025-26,Pending,cash,30,20738.5,20738.5,15553.88,27AAACT1234F1Z5,IGST,Gujarat,3163.5,0.05,INR,ortho care centre,Orthopedic Clinic,Dr. Anil Sharma,Orthopedic Surgeon,SURG-001,24FGHIJ5678K1Z2,Pune,Central,R. Mehta,Ortho Distributors Pvt Ltd,W1,Knee Prosthesis,Joint Replacement,Prosthesis,B9061-A,L80371,UDI-807985-A,SN947696,Sterile,23 Feb 2027,2025/12/25,1,BOX,"₹18,500.00",22200,Arthroplasty,Cobalt Chrome,BoneLock,Pune WH,2026/02/25,Delivered,Blue Dart,Low Stock,20,0,Pending,Exported from Tally	with master alias,Text numeric field,a20ccef75c0570d0c538593ebf2badd5
INV/1168,VCH1168,Sales Return,2026-02-23,2026-03-25,2025-26,Paid,Bank Transfer,60,23940.0,23940.0,0.0,24BBBCD2345G1Z2,GST,Maharashtra,1140.0,0.05,₹,SPINE AND JOINT INSTITUTE,Orthopedic Clinic,Dr. Anil Sharma,Orthopedic Surgeon,SURG-001,27ABCDE1234F1Z1,Ahmedabad,South-1,Sneha Joshi,Trauma Supplies,S-1,Cancellous Screw,Orthopedic Implant,Screw,B1728-A,L20386,UDI-137752-B,SN261601,Sterile,23-02-2027,45956,10,pcs,"2,400.00","₹2,640.00",Fracture Fixation,Stainless Steel,BoneLock,Pune WH,26 Feb 2026,Hold,Delhivery,Reorder,25,0,Pending,"Invoice for orthopedic implants, includes ""plate, screw"" bundle",Text numeric field,bb7c76ecda1c9b2f9c3125c466f6836e
inv/1169,VCH1169,Sales Return,2024-04-08,2024-05-23,2024-25,Adjusted,cash,45,60534.0,60534.0,30267.0,24BBBCD2345G1Z2,IGST,Karnataka,9234.0,5 %,INR,Apex Hospital,Multi-Specialty Hospital,dr. nisha patel,Orthopedic Surgeon,SURG-005,27ABCDE1234F1Z1,Thane,West-1,A. Verma,Trauma Supplies,CENTRAL 1,Cancellous Screw,Orthopedic Implant,Screw,B9695-B,L86547,UDI-446650-A,SN456156,Sterile,30-09-2025,10 Dec 2023,12 PCS,BOX,"4,500.00","4,950.00",Fracture Fixation,Stainless Steel,OrthoFlex,Ahmedabad WH,10-04-2024,Delivered,TCS,In Stock,25,20,Yes,Approved by store; udi matched,Text numeric field,b28003a1d25f4a923a8a0b581656e104
INV/1169,VCH1169,Receipt,2024-04-08,2024-06-07,2024-25,Paid,RTGS,60,22680.0,22680.0,11340.0,24BBBCD2345G1Z2,CGST+SGST,Gujarat,2430.0,0.10,INR,Ortho Care Center,Orthopedic Clinic,Dr. P. Nair,Spine Surgeon,SURG-004,27ABCDE1234F1Z1,Pune,Central,Amit Verma,Ortho Distributors,WEST 1,Bone Drill Set,Surgical Instrument,Instrument,B9918-C,L53292,UDI-823290-A,SN397191,Sterile,46110,45300,5,Pieces,"4,500.00",5175,Surgical Prep,Steel,JointMax,Pune WH,08 Apr 2024,Delivered,Blue Dart,Reserved,25,3,No,Credit note adjustment for return batch,Unicode NBSP present,8be43709c3550f4655931126d30a7c3f
INV/1169,VCH1169,Sales,2024-04-08,2024-05-23,2024-25,Paid,NEFT,45,78588.0,78588.0,39294.0,27AAACT1234F1Z5,IGST,Maharashtra,11988.0,10 %,₹,Spine and Joint Institute,Orthopedic Clinic,Dr Meera Iyer,Joint Replacement Surgeon,SURG-002,27ABCDE1234F1Z1,Ahmedabad,South,Rahul Mehta,Trauma Supplies LLP,W1,Cancellous Screw,Orthopedic Implant,Screw,B8370-B,L31718,UDI-235581-C,SN787799,Sterile,2025/04/08,09 Mar 2024,4 PCS,Box,"₹18,500.00",22200.00,Fracture Fixation,Stainless Steel,SpinePro,Pune WH,2024/04/08,In Transit,DTDC,In Stock,10,20,No,Dispatch against PO; follow-up due on next cycle,Mixed date style,56003db6e923dd6021283125afaf0598
inv/1169,VCH1169,Sales,2024-04-08,2024-05-08,2024-25,Pending,Cheque,45,147420.0,147420.0,73710.0,24BBBCD2345G1Z2,IGST,Maharashtra,7020.0,2.5%,Rs.,Trauma One,Trauma Center,DR. MEERA IYER,Joint Replacement Surgeon,SURG-002,24FGHIJ5678K1Z2,Nagpur,WEST 1,R. Mehta,Ortho Distributors,CENTRAL 1,Bone Drill Set,Surgical Instrument,Instrument,B4350-A,L97138,UDI-256172-A,SN942877,Non-Sterile,29-03-2026,10 Dec 2023,12 PCS,pcs,"12,000.00",14400,Surgical Prep,Steel,SpinePro,Nagpur WH,2024/04/08,Partially Delivered,TCS,Reorder,20,8,Yes,"Revised invoice after doctor change,
please verify branch mapping, ref=""INV/1169""",Trailing space preserved,ca0c1e9c94f9f1e0023e1c1dab7fd8d0
INV/1170,VCH1170,Sales,2025-11-07,2025-12-22,2025-26,Paid,UPI,30,13300.0,13300.0,0.0,24BBBCD2345G1Z2,CGST+SGST,Maharashtra,1425.0,5,INR,City Medisurg,Multi-Specialty Hospital,Dr Nisha Patel,Orthopedic Surgeon,SURG-005,27ABCDE1234F1Z1,Surat,West,Rahul Mehta,ORTHO DISTRIBUTORS,S-1,Locking Plate,Orthopedic Implant,Plate,B5292-C,L58088,UDI-877009-C,SN344552,Sterile,01-05-2027,08 Sep 2025,10,BOX,"₹1,250.00",1375,Open Reduction,Titanium,OSM,Mumbai WH-2,07-11-2025,Delivered,Delhivery,Low Stock,25,20,Yes,"Invoice for orthopedic implants, includes ""plate, screw"" bundle, ref=""INV/1170""",Alias master matched,1df6eaf8217b412a34cb14752eb2104e
INV/1170,VCH1170,Sales,2025-11-07,2025-11-22,2025-26,Paid,Bank Transfer,45,10620.0,10620.0,7965.0,27AAACT1234F1Z5,IGST,Maharashtra,1620.0,0 %,INR,Trauma One Pvt Ltd,Trauma Center,dr. r. kulkarni,Trauma Surgeon,SURG-003,29LMNOP9012Q1Z3,Nagpur,South,A. Verma,Trauma Supplies,WEST 1,Spinal Rod,Spinal Implant,Rod,B2133-B,L21151,UDI-414984-C,SN829570,Non-Sterile,01 May 2027,45938,2 PCS,PCS,4500,"4,950.00",Spine Stabilization,Titanium Alloy,BoneLock,Pune WH,45969,In Transit,TCS,In Stock,10,0,No,"Exported from Tally	with master alias, ref=""INV/1170""",Unicode NBSP present,5f722e16c7911c4d1f8ada233b38fe8a
INV/1170,VCH1170,Payment,2025-11-07,2025-11-22,2025-26,Adjusted,NEFT,15,7190.62,7190.62,0.0,24BBBCD2345G1Z2,CGST/SGST,Maharashtra,1096.88,2.5 %,INR,Trauma One Pvt Ltd,Trauma Center,Dr Meera Iyer,Joint Replacement Surgeon,SURG-002,27ABCDE1234F1Z1,Nagpur,Central 1,Sneha Joshi,ORTHO DISTRIBUTORS,CENTRAL 1,Locking Plate,Orthopedic Implant,Plate,B1372-A,L55268,UDI-545147-B,SN584082,Sterile,28 Oct 2027,08 Oct 2025,5,Box,"1,250.00",1437.5,Open Reduction,Titanium,JointMax,Mumbai WH-2,07 Nov 2025,In Transit,Professional Couriers,Low Stock,20,20,No,Credit note adjustment for return batch,Text numeric field,ac856f6b663800f9a1c3cef0195914d5
INV/1171,VCH1171,Receipt,2025-10-07,2025-12-06,2025-26,Partially Paid,RTGS,45,63720.0,63720.0,47790.0,27AAACT1234F1Z5,GST,Gujarat,9720.0,10,INR,CITY MEDISURG,Multi-Specialty Hospital,dr. meera iyer,Joint Replacement Surgeon,SURG-002,24FGHIJ5678K1Z2,Surat,WEST 1,Sneha Joshi,Ortho Distributors Pvt Ltd,Central-1,Cancellous Screw,Orthopedic Implant,Screw,B7894-A,L38150,UDI-750333-A,SN704093,Non-Sterile,27 Sep 2027,08 Aug 2025,5,Pieces,"12,000.00",14400,Fracture Fixation,Stainless Steel,JointMax,Nagpur WH,08-10-2025,Partially Delivered,DTDC,In Stock,5,8,No,Freight included; round-off applied,Text numeric field,da88e5114ceae6e62edbc06e79bf4ede
INV/1171,VCH1171,Sales Return,2025-10-07,2025-12-06,2025-26,Paid,Cheque,30,55224.0,55224.0,0.0,29CCCDD3456H1Z3,GST,Maharashtra,8424.0,2.5,₹,ortho care centre,Orthopedic Clinic,Dr A. Sharma,Orthopedic Surgeon,SURG-001,24FGHIJ5678K1Z2,Pune,South-1,Amit Verma,Ortho Distributors Pvt Ltd,West-1,Knee Prosthesis,Joint Replacement,Prosthesis,B9913-A,L50842,UDI-487838-B,SN286921,STERILE,07 Oct 2026,45907,4,pcs,"₹12,000.00",13800,Arthroplasty,Cobalt Chrome,BoneLock,Mumbai WH,45940,Partially Delivered,Delhivery,Reorder,20,30,No,Freight included; round-off applied,Text numeric field,10db3e3b3b15dcc5a01136c498fdd13d
INV/1171,VCH1171,Receipt,2025-10-07,2025-11-21,2025-26,Paid,RTGS,30,7087.5,7087.5,3543.75,27AAACT1234F1Z5,CGST+SGST,Karnataka,337.5,0,Rs.,Ortho Care Centre,Orthopedic Clinic,Dr P Nair,Spine Surgeon,SURG-004,24FGHIJ5678K1Z2,Pune,South,S. Joshi,Ortho Distributors,West-1,Knee Prosthesis,Joint Replacement,Prosthesis,B3255-A,L75082,UDI-730166-B,SN774788,Sterile,27-09-2027,2025/07/09,1,pcs,"₹6,750.00","₹8,100.00",Arthroplasty,Cobalt Chrome,OrthoFlex,Mumbai WH,09 Oct 2025,Delivered,Blue Dart,In Stock,10,30,No,Dispatch against PO; follow-up due on next cycle,Alias master matched,48511c8f944e790b0194bf045f34926f
INV/1172,VCH1172,Receipt,2025-07-30,2025-09-13,2025-26,Paid,UPI,30,13098.0,13098.0,9823.5,24BBBCD2345G1Z2,GST,Gujarat,1998.0,7.5 %,INR,APEX HOSPITAL,Multi-Specialty Hospital,Dr. Anil Sharma,Orthopedic Surgeon,SURG-001,27ABCDE1234F1Z1,Mumbai,Central,Rahul Mehta,ORTHO DISTRIBUTORS,South-1,Bone Drill Set,Surgical Instrument,Instrument,B8798-C,L56363,UDI-975882-A,SN877916,Sterile,46408,01-05-2025,5,BOX,2400,2760.00,Surgical Prep,Steel,OrthoFlex,Ahmedabad WH,2025/07/30,Partially Delivered,Professional Couriers,Reorder,5,8,No,Freight included; round-off applied,Unicode NBSP present,2b33c09c013f59f836e824c25365b170
INV/1172,VCH1172,Payment,2025-07-30,2025-09-13,2025-26,Partially Paid,Cash,60,2419.2,2419.2,2419.2,29CCCDD3456H1Z3,GST,Karnataka,259.2,10 %,INR,Apex Hospital,Multi-Specialty Hospital,dr p nair,Spine Surgeon,SURG-004,27ABCDE1234F1Z1,Mumbai,Central 1,S. Joshi,Trauma Supplies LLP,S-1,External Fixator,Trauma Fixation,Fixator,B5017-B,L55954,UDI-282169-C,SN839889,Sterile,30-07-2026,01 Apr 2025,1 PCS,pcs,"₹2,400.00","₹2,640.00",Trauma Stabilization,Aluminium,JointMax,Nagpur WH,02-08-2025,Partially Delivered,Professional Couriers,In Stock,20,0,Yes,Part payment received; balance pending	tabbed-remark,Trailing space preserved,ac350607084e7bcf9f8d48920511ca25
INV/1172,VCH1172,Sales Return,2025-07-30,2025-08-14,2025-26,Adjusted,RTGS,30,16934.4,16934.4,16934.4,27AAACT1234F1Z5,CGST/SGST,Maharashtra,1814.4,0 %,INR,APEX HOSPITAL,Multi-Specialty Hospital,Dr P Nair,Spine Surgeon,SURG-004,29LMNOP9012Q1Z3,Mumbai,South-1,S. Joshi,ORTHO DISTRIBUTORS,CENTRAL 1,Bone Drill Set,Surgical Instrument,Instrument,B5947-B,L37903,UDI-480885-B,SN280839,STERILE,20 Jul 2027,01-04-2025,8,Box,1890.00,"2,268.00",Surgical Prep,Steel,JointMax,Mumbai WH-2,01-08-2025,Delivered,Blue Dart,Reserved,5,3,Pending,Part payment received; balance pending,Trailing space preserved,4adab24c11a89d7b8ee1fcbce511128a
INV/1172,VCH1172,Sales Return,2025-07-30,2025-09-13,2025-26,Adjusted,NEFT,45,42525.0,42525.0,21262.5,27AAACT1234F1Z5,IGST,Maharashtra,2025.0,0.10,INR,spine and joint institute,Orthopedic Clinic,DR. P. NAIR,Spine Surgeon,SURG-004,24FGHIJ5678K1Z2,Ahmedabad,Central 1,A. Verma,Trauma Supplies,Central-1,Spinal Rod,Spinal Implant,Rod,B1346-B,L16113,UDI-972380-C,SN722568,STERILE,16-01-2028,30 Jun 2025,10,pcs,4500,"₹5,400.00",Spine Stabilization,Titanium Alloy,SpinePro,Mumbai WH,02 Aug 2025,Delivered,Delhivery,In Stock,25,5,No,"Revised invoice after doctor change,
please verify branch mapping",Mixed date style,73b90bfffa36c066f28ed5d4963afb27
INV/1173,VCH1173,Sales,2026-02-23,2026-04-24,2025-26,Partially Paid,UPI,45,4125.87,4125.87,0.0,29CCCDD3456H1Z3,GST,Karnataka,629.37,7.5%,INR,Apex Hospital Ltd.,Multi-Specialty Hospital,Dr Nisha Patel,Orthopedic Surgeon,SURG-005,27ABCDE1234F1Z1,Mumbai,West-1,Sneha Joshi,Trauma Supplies,CENTRAL 1,External Fixator,Trauma Fixation,Fixator,B1955-A,L26384,UDI-516496-C,SN336735,Sterile,2027/02/23,25-11-2025,2,BOX,"1,890.00","₹2,268.00",Trauma Stabilization,Aluminium,BoneLock,Pune WH,2026/02/26,Delivered,Delhivery,In Stock,20,30,No,Approved by store; udi matched,Name variation retained,a5d59ae6a35c97aded2b460876abfa5b
INV/1173,VCH1173,Sales,2026-02-23,2026-03-25,2025-26,Paid,cash,45,209790.0,209790.0,157342.5,24BBBCD2345G1Z2,IGST,Gujarat,9990.0,10,INR,ORTHO CARE CENTRE,Orthopedic Clinic,DR. P. NAIR,Spine Surgeon,SURG-004,29LMNOP9012Q1Z3,Pune,WEST 1,Rahul Mehta,Trauma Supplies LLP,Central-1,Bone Drill Set,Surgical Instrument,Instrument,B3895-A,L54173,UDI-246604-A,SN621448,Sterile,17-08-2027,26-10-2025,12,Box,18500,"₹20,350.00",Surgical Prep,Steel,OrthoFlex,Ahmedabad WH,46079,Hold,Blue Dart,Low Stock,20,8,Pending,"Revised invoice after doctor change,
please verify branch mapping",Name variation retained,74ff29d43094cae389cd4eaf804fdbd9
INV/1173,VCH1173,Sales Return,2026-02-23,2026-04-24,2025-26,Paid,UPI,30,107520.0,107520.0,80640.0,27AAACT1234F1Z5,GST,Karnataka,11520.0,0.00,INR,ORTHO CARE CENTRE,Orthopedic Clinic,Dr P Nair,Spine Surgeon,SURG-004,27ABCDE1234F1Z1,Pune,Central 1,S. Joshi,Trauma Supplies LLP,Central-1,Locking Plate,Orthopedic Implant,Plate,B3577-B,L47927,UDI-930000-A,SN586085,Sterile,13-02-2028,26 Oct 2025,8 PCS,PCS,"₹12,000.00","₹13,200.00",Open Reduction,Titanium,TraumaFix,Pune WH,23-02-2026,Partially Delivered,Delhivery,In Stock,10,5,nan,Exported from Tally	with master alias,Mixed date style,35f3e80111da9eecc90db368c6a01996
INV/1174,VCH1174,Purchase,2024-04-12,2024-06-11,2024-25,Adjusted,Cash,30,207200.0,207200.0,103600.0,29CCCDD3456H1Z3,GST,Karnataka,22200.0,0 %,Rs.,trauma one pvt ltd,Trauma Center,Dr. P. Nair,Spine Surgeon,SURG-004,29LMNOP9012Q1Z3,Nagpur,South-1,Rahul Mehta,ORTHO DISTRIBUTORS,S-1,Bone Drill Set,Surgical Instrument,Instrument,B2458-C,L10127,UDI-686692-C,SN475783,Non-Sterile,29-09-2026,2024/01/13,10,pcs,"₹18,500.00","₹20,350.00",Surgical Prep,Steel,JointMax,Pune Main,13-04-2024,In Transit,Professional Couriers,Low Stock,5,8,No,Exported from Tally	with master alias,Text numeric field,7e46ebca39044c5ead6519aede2cd80a
inv/1174,VCH1174,Sales,2024-04-12,2024-04-27,2024-25,Adjusted,RTGS,15,2625.0,2625.0,2625.0,27AAACT1234F1Z5,CGST+SGST,Maharashtra,125.0,0.00,INR,apex hospital,Multi-Specialty Hospital,DR. NISHA PATEL,Orthopedic Surgeon,SURG-005,24FGHIJ5678K1Z2,Mumbai,Central,A. Verma,Trauma Supplies LLP,Central-1,Knee Prosthesis,Joint Replacement,Prosthesis,B4045-A,L36804,UDI-854782-C,SN966993,STERILE,46294,12-02-2024,2,Pieces,"₹1,250.00","₹1,500.00",Arthroplasty,Cobalt Chrome,JointMax,Pune WH,2024/04/12,In Transit,DTDC,In Stock,25,30,No,Credit note adjustment for return batch,Unicode NBSP present,96f201c220cc661825b07659e005f32d
INV/1174,VCH1174,Sales Return,2024-04-12,2024-05-27,2024-25,Paid,NEFT,15,4370.62,4370.62,3277.97,29CCCDD3456H1Z3,CGST+SGST,Karnataka,208.12,0.07,Rs.,APEX HOSPITAL,Multi-Specialty Hospital,Dr Nisha Patel,Orthopedic Surgeon,SURG-005,24FGHIJ5678K1Z2,Mumbai,West-1,Rahul Mehta,Trauma Supplies LLP,Central-1,Bone Drill Set,Surgical Instrument,Instrument,B4496-C,L40645,UDI-367325-B,SN931284,Sterile,45759,13-03-2024,1,Box,"₹4,500.00","₹5,400.00",Surgical Prep,Steel,SpinePro,Nagpur WH,2024/04/14,In Transit,TCS,Reserved,10,3,Yes,Freight included; round-off applied,Text numeric field,e2e6de3fbaeeeb348941dddfeeb1952d
INV/1174,VCH1174,Sales,2024-04-12,2024-05-12,2024-25,Paid,UPI,60,196840.0,196840.0,98420.0,27AAACT1234F1Z5,CGST+SGST,Gujarat,21090.0,5 %,INR,Apex Hospital,Multi-Specialty Hospital,Dr. Nisha Patel,Orthopedic Surgeon,SURG-005,27ABCDE1234F1Z1,Mumbai,WEST 1,Rahul Mehta,ORTHO DISTRIBUTORS,WEST 1,External Fixator,Trauma Fixation,Fixator,B8403-A,L10669,UDI-133757-A,SN628905,Sterile,2026/04/02,2024/02/12,10,Box,18500.00,"₹21,275.00",Trauma Stabilization,Aluminium,JointMax,Mumbai WH,14-04-2024,Delivered,Blue Dart,Reorder,20,15,Pending,"Part payment received; balance pending, ref=""INV/1174""",Name variation retained,08baa96d309bab5b1f0d6f02f6c13353
INV/1175,VCH1175,Sales,2025-05-24,2025-06-23,2025-26,Adjusted,RTGS,15,1246.88,1246.88,623.44,29CCCDD3456H1Z3,CGST+SGST,Maharashtra,59.38,5 %,INR,CITY MEDISURG PVT. LTD.,Multi-Specialty Hospital,Dr Nisha Patel,Orthopedic Surgeon,SURG-005,24FGHIJ5678K1Z2,Surat,West,Rahul Mehta,Trauma Supplies LLP,CENTRAL 1,Bone Drill Set,Surgical Instrument,Instrument,B6549-B,L35299,UDI-903649-A,SN275479,Sterile,14-05-2027,45741,1,Box,1250.00,1500,Surgical Prep,Steel,OSM,Pune WH,45802,Partially Delivered,Professional Couriers,Reorder,25,30,No,Dispatch against PO; follow-up due on next cycle,Trailing space preserved,e1e9846ab969b9e60dcad05ef8571746
inv/1175,VCH1175,Receipt,2025-05-24,2025-07-08,2025-26,Paid,Cash,45,5906.25,5906.25,0.0,27AAACT1234F1Z5,CGST+SGST,Karnataka,281.25,0.10,Rs.,City Medisurg Pvt. Ltd.,Multi-Specialty Hospital,Dr P Nair,Spine Surgeon,SURG-004,27ABCDE1234F1Z1,Surat,West,A. Verma,ORTHO DISTRIBUTORS,S-1,Locking Plate,Orthopedic Implant,Plate,B4190-B,L85561,UDI-317616-A,SN177831,Sterile,46341,2025/03/25,5,Pieces,"1,250.00","1,437.50",Open Reduction,Titanium,OrthoFlex,Ahmedabad WH,45802,Delivered,Delhivery,Reserved,25,5,No,"Invoice for orthopedic implants, includes ""plate, screw"" bundle",Trailing space preserved,14685c7ed0eaf32c274c89574c5d640d
INV/1176,VCH1176,Payment,2025-08-16,2025-08-31,2025-26,Partially Paid,cash,15,174640.0,174640.0,87320.0,24BBBCD2345G1Z2,CGST/SGST,Maharashtra,26640.0,0,INR,APEX HOSPITAL,Multi-Specialty Hospital,DR A. SHARMA,Orthopedic Surgeon,SURG-001,27ABCDE1234F1Z1,Thane,WEST 1,Rahul Mehta,Trauma Supplies,W1,Locking Plate,Orthopedic Implant,Plate,B8031-A,L38988,UDI-855649-A,SN162461,Sterile,46425,45825,8,PCS,"₹18,500.00","21,275.00",Open Reduction,Titanium,TraumaFix,Mumbai WH-2,16 Aug 2025,Hold,Delhivery,In Stock,5,20,nan,"Revised invoice after doctor change,
please verify branch mapping",Alias master matched,dd1611f08fc07bc4a5ba8c4232b8f468
INV/1176,VCH1176,Receipt,2025-08-16,2025-10-15,2025-26,Paid,Cash,60,4725.0,4725.0,3543.75,29CCCDD3456H1Z3,CGST+SGST,Maharashtra,225.0,0.10,INR,city medisurg,Multi-Specialty Hospital,DR P NAIR,Spine Surgeon,SURG-004,29LMNOP9012Q1Z3,Surat,South-1,Sneha Joshi,Trauma Supplies,Central-1,Locking Plate,Orthopedic Implant,Plate,B8483-B,L54627,UDI-967901-A,SN825940,Sterile,06 Aug 2027,45795,4 PCS,BOX,"1,250.00",1500.00,Open Reduction,Titanium,SpinePro,Pune Main,2025/08/18,Hold,DTDC,In Stock,25,3,Pending,Freight included; round-off applied,Name variation retained,ab828cb9a3428da28b1a9229956ac335
INV/1177,VCH1177,Receipt,2025-09-20,2025-10-05,2025-26,Adjusted,Bank Transfer,60,186480.0,186480.0,0.0,24BBBCD2345G1Z2,CGST/SGST,Maharashtra,19980.0,10 %,Rs.,APEX HOSPITAL LTD.,Multi-Specialty Hospital,DR P NAIR,Spine Surgeon,SURG-004,24FGHIJ5678K1Z2,Mumbai,Central 1,Rahul Mehta,Ortho Distributors Pvt Ltd,South-1,Spinal Rod,Spinal Implant,Rod,B9553-A,L45398,UDI-108260-A,SN423424,STERILE,46460,45800,10,BOX,18500.00,20350,Spine Stabilization,Titanium Alloy,JointMax,Ahmedabad WH,21 Sep 2025,Hold,Blue Dart,In Stock,5,8,Pending,Part payment received; balance pending,Alias master matched,99b01d72990d76ed0ff55dee6e489bcb
inv/1177,VCH1177,Sales,2025-09-20,2025-11-04,2025-26,Partially Paid,RTGS,45,14962.5,14962.5,7481.25,24BBBCD2345G1Z2,CGST/SGST,Gujarat,712.5,5%,INR,APEX HOSPITAL,Multi-Specialty Hospital,dr a. sharma,Orthopedic Surgeon,SURG-001,24FGHIJ5678K1Z2,Thane,WEST 1,A. Verma,Trauma Supplies LLP,W1,Spinal Rod,Spinal Implant,Rod,B3447-A,L29585,UDI-341104-B,SN796130,Non-Sterile,14-03-2027,45830,12 PCS,pcs,1250.00,"₹1,375.00",Spine Stabilization,Titanium Alloy,BoneLock,Ahmedabad WH,45921,Partially Delivered,Delhivery,Reserved,10,0,nan,Part payment received; balance pending,Alias master matched,23cfc1be29b2c7d10e57d8192d47f42b
INV/1177,VCH1177,Sales Return,2025-09-20,2025-10-05,2025-26,Partially Paid,Bank Transfer,60,14288.4,14288.4,10716.3,29CCCDD3456H1Z3,GST,Gujarat,680.4,10,Rs.,ORTHO CARE CENTRE,Orthopedic Clinic,Dr P Nair,Spine Surgeon,SURG-004,27ABCDE1234F1Z1,Pune,South-1,R. Mehta,Ortho Distributors Pvt Ltd,CENTRAL 1,External Fixator,Trauma Fixation,Fixator,B5624-B,L26711,UDI-628413-B,SN573598,STERILE,14 Mar 2027,23-05-2025,8 PCS,BOX,1890.00,2173.5,Trauma Stabilization,Aluminium,OrthoFlex,Mumbai WH-2,20-09-2025,Delivered,TCS,Reorder,25,8,Yes,Credit note adjustment for return batch,Text numeric field,e76ce52c3f737ffdf4a1c65dc8b48813
INV/1177,VCH1177,Sales,2025-09-20,2025-11-19,2025-26,Partially Paid,Cash,45,11812.5,11812.5,11812.5,27AAACT1234F1Z5,CGST+SGST,Maharashtra,562.5,10 %,INR,TRAUMA ONE PVT LTD,Trauma Center,dr. p. nair,Spine Surgeon,SURG-004,24FGHIJ5678K1Z2,Nagpur,West-1,R. Mehta,Ortho Distributors Pvt Ltd,West-1,Knee Prosthesis,Joint Replacement,Prosthesis,B7085-C,L27860,UDI-733525-A,SN207712,Sterile,2028/03/08,22 Jun 2025,10 PCS,BOX,1250.00,1375.00,Arthroplasty,Cobalt Chrome,OrthoFlex,Pune Main,45922,In Transit,Blue Dart,Reserved,10,3,Yes,Credit note adjustment for return batch,Text numeric field,169387af02ad52b533f6a6aae2bc388a
INV/1178,VCH1178,Payment,2024-12-05,2024-12-20,2024-25,Paid,cash,60,149184.0,149184.0,74592.0,24BBBCD2345G1Z2,GST,Maharashtra,15984.0,10%,INR,City Medisurg,Multi-Specialty Hospital,Dr P Nair,Spine Surgeon,SURG-004,27ABCDE1234F1Z1,Surat,South-1,Rahul Mehta,ORTHO DISTRIBUTORS,S-1,Cancellous Screw,Orthopedic Implant,Screw,B2127-C,L79557,UDI-851767-B,SN757351,Sterile,46171,05 Nov 2024,8 PCS,Box,18500,"21,275.00",Fracture Fixation,Stainless Steel,JointMax,Ahmedabad WH,05 Dec 2024,Hold,DTDC,Reorder,20,8,nan,Part payment received; balance pending,Trailing space preserved,14d49b198e2e0e54abab9ecf32803183
INV/1178,VCH1178,Sales Return,2024-12-05,2025-01-19,2024-25,Pending,Bank Transfer,30,49117.5,49117.5,0.0,24BBBCD2345G1Z2,CGST/SGST,Maharashtra,7492.5,7.5%,₹,Ortho Care Centre,Orthopedic Clinic,Dr A. Sharma,Orthopedic Surgeon,SURG-001,24FGHIJ5678K1Z2,Pune,South,Rahul Mehta,Ortho Distributors,South-1,Spinal Rod,Spinal Implant,Rod,B3281-A,L82040,UDI-804863-B,SN495968,Sterile,24-05-2027,45511,10,pcs,"₹4,500.00","5,175.00",Spine Stabilization,Titanium Alloy,OSM,Ahmedabad WH,08-12-2024,In Transit,DTDC,In Stock,10,3,No,Freight included; round-off applied	tabbed-remark,Mixed date style,1352b2ee6ccb65fda4ddcd27ccc718cc
INV/1178,VCH1178,Sales,2024-12-05,2024-12-20,2024-25,Partially Paid,UPI,30,28674.0,28674.0,21505.5,24BBBCD2345G1Z2,IGST,Maharashtra,4374.0,10,INR,ortho care center,Orthopedic Clinic,dr. r. kulkarni,Trauma Surgeon,SURG-003,24FGHIJ5678K1Z2,Pune,West,Sneha Joshi,Trauma Supplies,CENTRAL 1,Cancellous Screw,Orthopedic Implant,Screw,B1310-B,L83283,UDI-815348-A,SN596856,Sterile,25 Nov 2026,45511,4 PCS,pcs,6750.00,"7,762.50",Fracture Fixation,Stainless Steel,SpinePro,Ahmedabad WH,45633,Delivered,Delhivery,In Stock,10,30,nan,Approved by store; udi matched,Trailing space preserved,ea486019c70b2b2ff35a42844c3411ca
inv/1179,VCH1179,Sales,2025-02-11,2025-03-28,2024-25,Partially Paid,cash,15,13806.0,13806.0,13806.0,27AAACT1234F1Z5,CGST/SGST,Karnataka,2106.0,0.03,INR,spine & joint institute,Orthopedic Clinic,Dr. R. Kulkarni,Trauma Surgeon,SURG-003,29LMNOP9012Q1Z3,Ahmedabad,Central 1,R. Mehta,Trauma Supplies LLP,South-1,External Fixator,Trauma Fixation,Fixator,B4669-C,L23928,UDI-198541-A,SN185980,STERILE,31-07-2027,2024/10/14,1 PCS,Pieces,"₹12,000.00",13200,Trauma Stabilization,Aluminium,TraumaFix,Ahmedabad WH,2025/02/12,Partially Delivered,Delhivery,In Stock,25,8,No,Dispatch against PO; follow-up due on next cycle,Unicode NBSP present,08e4f063a402f02c4fe3cf8ef8d4f78e
INV/1179,VCH1179,Sales,2025-02-11,2025-04-12,2024-25,Adjusted,cash,15,14160.0,14160.0,14160.0,27AAACT1234F1Z5,CGST+SGST,Maharashtra,2160.0,0 %,INR,city medisurg pvt. ltd.,Multi-Specialty Hospital,DR MEERA IYER,Joint Replacement Surgeon,SURG-002,27ABCDE1234F1Z1,Surat,West-1,Rahul Mehta,Trauma Supplies LLP,Central-1,Knee Prosthesis,Joint Replacement,Prosthesis,B3592-B,L57588,UDI-695186-C,SN560148,Sterile,05 Aug 2026,2025/01/12,5,Box,"2,400.00",2880.00,Arthroplasty,Cobalt Chrome,SpinePro,Pune WH,2025/02/11,Partially Delivered,Delhivery,Reserved,5,30,Pending,Freight included; round-off applied,Trailing space preserved,293964e7ac0b145461c92eb955d149a9
INV/1180,VCH1180,Sales Return,2025-09-19,2025-11-03,2025-26,Paid,Bank Transfer,45,24192.0,24192.0,12096.0,24BBBCD2345G1Z2,CGST/SGST,Maharashtra,2592.0,10%,Rs.,City Medisurg Pvt. Ltd.,Multi-Specialty Hospital,DR NISHA PATEL,Orthopedic Surgeon,SURG-005,27ABCDE1234F1Z1,Surat,South,Amit Verma,Ortho Distributors,WEST 1,Knee Prosthesis,Joint Replacement,Prosthesis,B7450-B,L53880,UDI-940876-B,SN723407,Sterile,2028/03/07,2025/07/21,2 PCS,Box,12000,13800,Arthroplasty,Cobalt Chrome,SpinePro,Pune WH,20 Sep 2025,In Transit,TCS,In Stock,5,3,Pending,"Revised invoice after doctor change,
please verify branch mapping",Mixed date style,f4463fd99f6c3f53b180b7d470718491
INV/1180,VCH1180,Payment,2025-09-19,2025-11-03,2025-26,Paid,Bank Transfer,15,10915.0,10915.0,8186.25,24BBBCD2345G1Z2,IGST,Maharashtra,1665.0,7.5,INR,SPINE & JOINT INSTITUTE,Orthopedic Clinic,DR RAJESH KULKARNI,Trauma Surgeon,SURG-003,24FGHIJ5678K1Z2,Ahmedabad,Central,Sneha Joshi,ORTHO DISTRIBUTORS,S-1,Spinal Rod,Spinal Implant,Rod,B1702-C,L46267,UDI-417659-C,SN650357,STERILE,46459,21-07-2025,8 PCS,PCS,1250,1375.00,Spine Stabilization,Titanium Alloy,SpinePro,Mumbai WH,20 Sep 2025,In Transit,Blue Dart,Reserved,5,3,Pending,Credit note adjustment for return batch,Unicode NBSP present,f0b143473689247273452e0b7ef3718c
INV/1180,VCH1180,Sales,2025-09-19,2025-10-19,2025-26,Pending,Cash,60,49875.0,49875.0,24937.5,24BBBCD2345G1Z2,IGST,Karnataka,2375.0,5 %,INR,ORTHO CARE CENTRE,Orthopedic Clinic,Dr. Meera Iyer,Joint Replacement Surgeon,SURG-002,24FGHIJ5678K1Z2,Pune,South,Sneha Joshi,Ortho Distributors,South-1,Knee Prosthesis,Joint Replacement,Prosthesis,B5899-C,L44389,UDI-443825-A,SN510769,STERILE,19-09-2026,21-06-2025,2,Box,25000,28750.00,Arthroplasty,Cobalt Chrome,SpinePro,Mumbai WH,19 Sep 2025,Hold,TCS,In Stock,5,8,nan,"Part payment received; balance pending
Export note retained as multiline remark",Trailing space preserved,f0bd21d0b2eee4e4eca27334815d341f
INV/1181,VCH1181,Purchase,2024-06-27,2024-07-12,2024-25,Paid,UPI,60,38850.0,38850.0,0.0,29CCCDD3456H1Z3,GST,Karnataka,1850.0,0 %,INR,Apex Hospital,Multi-Specialty Hospital,DR NISHA PATEL,Orthopedic Surgeon,SURG-005,27ABCDE1234F1Z1,Thane,West,S. Joshi,Ortho Distributors Pvt Ltd,Central-1,Cancellous Screw,Orthopedic Implant,Screw,B6479-C,L76194,UDI-624863-B,SN109417,Sterile,2026/12/14,28 Apr 2024,2,PCS,18500,"22,200.00",Fracture Fixation,Stainless Steel,SpinePro,Pune Main,45471,Delivered,Blue Dart,In Stock,20,15,Pending,Approved by store; udi matched,Mixed date style,430b4c17ea8c647eca2d45cda47dcf9e
inv/1181,VCH1181,Sales Return,2024-06-27,2024-07-12,2024-25,Partially Paid,RTGS,30,9450.0,9450.0,0.0,27AAACT1234F1Z5,CGST/SGST,Gujarat,450.0,10%,INR,APEX HOSPITAL,Multi-Specialty Hospital,dr p nair,Spine Surgeon,SURG-004,27ABCDE1234F1Z1,Thane,South,S. Joshi,ORTHO DISTRIBUTORS,Central-1,Cancellous Screw,Orthopedic Implant,Screw,B6168-C,L87021,UDI-373775-B,SN143669,STERILE,14 Dec 2026,45410,8,pcs,"₹1,250.00",1500.00,Fracture Fixation,Stainless Steel,OSM,Mumbai WH-2,30-06-2024,Hold,DTDC,Reserved,5,30,Yes,Credit note adjustment for return batch,Alias master matched,0b04a04b01fc5153ffa30733de466e6f
INV/1182,VCH1182,Receipt,2025-03-28,2025-04-27,2024-25,Paid,Cash,30,23034.38,23034.38,11517.19,24BBBCD2345G1Z2,CGST/SGST,Maharashtra,1096.88,2.5%,₹,Apex Hospital,Multi-Specialty Hospital,Dr. Meera Iyer,Joint Replacement Surgeon,SURG-002,24FGHIJ5678K1Z2,Mumbai,West-1,S. Joshi,Ortho Distributors,WEST 1,Bone Drill Set,Surgical Instrument,Instrument,B7299-C,L26556,UDI-894887-C,SN995823,STERILE,46109,27-01-2025,5 PCS,PCS,4500.00,"₹5,400.00",Surgical Prep,Steel,TraumaFix,Mumbai WH,45746,Hold,Delhivery,Low Stock,20,30,No,Exported from Tally	with master alias,Unicode NBSP present,4eb3ace1c0f932245410ae4075515685
INV/1182,VCH1182,Receipt,2025-03-28,2025-05-12,2024-25,Pending,UPI,30,22861.44,22861.44,17146.08,29CCCDD3456H1Z3,GST,Gujarat,2449.44,10,₹,Apex Hospital,Multi-Specialty Hospital,dr nisha patel,Orthopedic Surgeon,SURG-005,24FGHIJ5678K1Z2,Thane,West,A. Verma,Ortho Distributors Pvt Ltd,WEST 1,Spinal Rod,Spinal Implant,Rod,B6379-B,L44314,UDI-863290-C,SN993797,Non-Sterile,46644,2024/11/28,12,Box,1890.00,2173.50,Spine Stabilization,Titanium Alloy,SpinePro,Mumbai WH,45746,Delivered,Professional Couriers,Reserved,25,8,Pending,Credit note adjustment for return batch,Alias master matched,4ac36f7bef54d71b695a58f833f64229
INV/1182,VCH1182,Payment,2025-03-28,2025-05-12,2024-25,Pending,cash,60,310800.0,310800.0,310800.0,29CCCDD3456H1Z3,IGST,Gujarat,33300.0,7.5 %,INR,trauma one,Trauma Center,Dr. R. Kulkarni,Trauma Surgeon,SURG-003,27ABCDE1234F1Z1,Nagpur,South,Rahul Mehta,ORTHO DISTRIBUTORS,WEST 1,Knee Prosthesis,Joint Replacement,Prosthesis,B1631-A,L74678,UDI-725092-B,SN745602,Non-Sterile,2027/03/18,2024/12/28,12,PCS,25000.00,"27,500.00",Arthroplasty,Cobalt Chrome,BoneLock,Nagpur WH,2025/03/29,Hold,Delhivery,Low Stock,10,8,Pending,Approved by store; udi matched,Alias master matched,d8ac547566bda926e30c9dd23e979688
INV/1183,VCH1183,Payment,2024-08-30,2024-09-29,2024-25,Pending,Cash,45,24131.52,24131.52,12065.76,27AAACT1234F1Z5,GST,Maharashtra,2585.52,5,INR,TRAUMA ONE PVT LTD,Trauma Center,Dr Rajesh Kulkarni,Trauma Surgeon,SURG-003,24FGHIJ5678K1Z2,Nagpur,WEST 1,S. Joshi,Ortho Distributors Pvt Ltd,W1,Cancellous Screw,Orthopedic Implant,Screw,B6956-B,L34554,UDI-752724-B,SN971135,Sterile,16 Feb 2027,2024/07/31,12,PCS,"₹1,890.00","₹2,268.00",Fracture Fixation,Stainless Steel,SpinePro,Mumbai WH-2,01-09-2024,Partially Delivered,Blue Dart,Reorder,10,30,Yes,"Part payment received; balance pending, ref=""INV/1183""",Name variation retained,f75ea68f89bd7e45c03beae25a3850c1
INV/1183,VCH1183,Sales,2024-08-30,2024-10-14,2024-25,Pending,UPI,60,100800.0,100800.0,75600.0,27AAACT1234F1Z5,IGST,Maharashtra,4800.0,0.00,INR,apex hospital ltd.,Multi-Specialty Hospital,Dr. P. Nair,Spine Surgeon,SURG-004,27ABCDE1234F1Z1,Mumbai,West,S. Joshi,ORTHO DISTRIBUTORS,WEST 1,Locking Plate,Orthopedic Implant,Plate,B4888-C,L38460,UDI-842562-A,SN819294,Sterile,30-08-2025,45474,8,Box,"12,000.00",13800,Open Reduction,Titanium,SpinePro,Ahmedabad WH,01 Sep 2024,Delivered,DTDC,In Stock,25,5,nan,"Revised invoice after doctor change,
please verify branch mapping
Export note retained as multiline remark",Unicode NBSP present,e104d6465463b3697837b6bee72feb0b
INV/1183,VCH1183,Purchase,2024-08-30,2024-09-29,2024-25,Partially Paid,Bank Transfer,30,5320.0,5320.0,2660.0,27AAACT1234F1Z5,GST,Gujarat,570.0,5%,INR,Apex Hospital,Multi-Specialty Hospital,DR. P. NAIR,Spine Surgeon,SURG-004,29LMNOP9012Q1Z3,Thane,West,A. Verma,Trauma Supplies LLP,Central-1,Spinal Rod,Spinal Implant,Rod,B3765-B,L60878,UDI-385869-C,SN693995,Sterile,16 Feb 2027,2024/05/02,4 PCS,Box,"1,250.00",1437.50,Spine Stabilization,Titanium Alloy,SpinePro,Pune Main,2024/08/31,In Transit,Professional Couriers,In Stock,10,30,Yes,Freight included; round-off applied,Text numeric field,338999cec7037605ebedc877d7077950
INV/1183,VCH1183,Sales,2024-08-30,2024-10-29,2024-25,Adjusted,cash,45,5107.2,5107.2,2553.6,27AAACT1234F1Z5,IGST,Gujarat,547.2,5,INR,Apex Hospital,Multi-Specialty Hospital,DR NISHA PATEL,Orthopedic Surgeon,SURG-005,24FGHIJ5678K1Z2,Thane,Central,R. Mehta,Ortho Distributors Pvt Ltd,S-1,Cancellous Screw,Orthopedic Implant,Screw,B5928-C,L78265,UDI-639682-B,SN615836,Sterile,2025/08/30,2024/07/01,2 PCS,Pieces,"₹2,400.00",2880,Fracture Fixation,Stainless Steel,SpinePro,Nagpur WH,45535,In Transit,Delhivery,In Stock,20,8,No,"Revised invoice after doctor change,
please verify branch mapping",Text numeric field,a3f7a0a25b03a93167a7a69e1ceba82a
INV/1184,VCH1184,Payment,2025-03-30,2025-05-29,2024-25,Pending,NEFT,60,1246.88,1246.88,935.16,29CCCDD3456H1Z3,GST,Maharashtra,59.38,0.05,INR,ORTHO CARE CENTER,Orthopedic Clinic,dr. r. kulkarni,Trauma Surgeon,SURG-003,27ABCDE1234F1Z1,Pune,West,Rahul Mehta,ORTHO DISTRIBUTORS,WEST 1,Cancellous Screw,Orthopedic Implant,Screw,B1355-B,L63588,UDI-653313-B,SN803248,STERILE,2027/09/16,30-12-2024,1,Pieces,1250.00,"₹1,500.00",Fracture Fixation,Stainless Steel,BoneLock,Nagpur WH,02-04-2025,Hold,Delhivery,In Stock,5,0,nan,"Credit note adjustment for return batch
Export note retained as multiline remark	tabbed-remark",Unicode NBSP present,c00f111e0e0d42cdc96d1bf84d27077c
INV/1184,VCH1184,Receipt,2025-03-30,2025-05-29,2024-25,Pending,UPI,15,15240.96,15240.96,0.0,27AAACT1234F1Z5,IGST,Gujarat,1632.96,10%,₹,trauma one,Trauma Center,dr. meera iyer,Joint Replacement Surgeon,SURG-002,27ABCDE1234F1Z1,Nagpur,West,Rahul Mehta,Ortho Distributors Pvt Ltd,Central-1,Cancellous Screw,Orthopedic Implant,Screw,B5750-A,L51488,UDI-200330-A,SN940720,STERILE,20 Mar 2027,45626,8,Box,1890.00,"2,268.00",Fracture Fixation,Stainless Steel,OrthoFlex,Pune WH,2025/04/01,Hold,DTDC,Reserved,20,3,Pending,Approved by store; udi matched	tabbed-remark,Name variation retained,06cfdead43e4088b2d20aabdc5db281c
INV/1184,VCH1184,Sales,2025-03-30,2025-04-29,2024-25,Adjusted,UPI,60,98420.0,98420.0,0.0,27AAACT1234F1Z5,GST,Gujarat,10545.0,5 %,₹,Apex Hospital Ltd.,Multi-Specialty Hospital,DR. MEERA IYER,Joint Replacement Surgeon,SURG-002,29LMNOP9012Q1Z3,Mumbai,West,A. Verma,Trauma Supplies,South-1,Knee Prosthesis,Joint Replacement,Prosthesis,B8485-A,L17096,UDI-454808-A,SN541436,Non-Sterile,16 Sep 2027,29-01-2025,5,pcs,18500,21275,Arthroplasty,Cobalt Chrome,SpinePro,Pune WH,45747,In Transit,DTDC,Reorder,10,0,Yes,Approved by store; udi matched,Name variation retained,6e8a5a8810f1091fe2ae97e275857ff4
INV/1185,VCH1185,Sales,2026-01-05,2026-03-06,2025-26,Partially Paid,NEFT,45,134400.0,134400.0,134400.0,24BBBCD2345G1Z2,CGST/SGST,Karnataka,14400.0,0%,INR,ortho care center,Orthopedic Clinic,DR. NISHA PATEL,Orthopedic Surgeon,SURG-005,24FGHIJ5678K1Z2,Pune,South-1,A. Verma,ORTHO DISTRIBUTORS,WEST 1,Spinal Rod,Spinal Implant,Rod,B9656-B,L92323,UDI-816601-B,SN532291,Sterile,46747,07-09-2025,10,Pieces,12000,"13,200.00",Spine Stabilization,Titanium Alloy,BoneLock,Mumbai WH,46027,Partially Delivered,Blue Dart,Low Stock,20,0,Pending,"Invoice for orthopedic implants, includes ""plate, screw"" bundle",Mixed date style,02d72dd01e31f945e041c7731d810578
inv/1185,VCH1185,Payment,2026-01-05,2026-02-04,2025-26,Paid,Bank Transfer,15,147500.0,147500.0,147500.0,27AAACT1234F1Z5,CGST/SGST,Maharashtra,22500.0,0,INR,Trauma One Pvt Ltd,Trauma Center,Dr. R. Kulkarni,Trauma Surgeon,SURG-003,29LMNOP9012Q1Z3,Nagpur,Central 1,A. Verma,Trauma Supplies,WEST 1,Cancellous Screw,Orthopedic Implant,Screw,B8711-A,L68861,UDI-812991-A,SN322475,Sterile,05 Jan 2027,07 Sep 2025,5 PCS,Box,"₹25,000.00","30,000.00",Fracture Fixation,Stainless Steel,TraumaFix,Nagpur WH,46027,Hold,Delhivery,Low Stock,25,0,nan,Credit note adjustment for return batch,Name variation retained,e74b4dac402d7df2e5bc8259c7444a64
INV/1185,VCH1185,Payment,2026-01-05,2026-02-19,2025-26,Paid,Cheque,15,80797.5,80797.5,60598.12,24BBBCD2345G1Z2,IGST,Karnataka,3847.5,5,INR,Spine and Joint Institute,Orthopedic Clinic,DR NISHA PATEL,Orthopedic Surgeon,SURG-005,27ABCDE1234F1Z1,Ahmedabad,WEST 1,Amit Verma,Ortho Distributors,South-1,Bone Drill Set,Surgical Instrument,Instrument,B7421-A,L11618,UDI-107032-C,SN373636,Non-Sterile,29-06-2027,07-10-2025,12,BOX,6750,"₹7,425.00",Surgical Prep,Steel,JointMax,Mumbai WH,07 Jan 2026,In Transit,Delhivery,In Stock,10,8,Yes,"Revised invoice after doctor change,
please verify branch mapping
Export note retained as multiline remark",Unicode NBSP present,38cbd2a5dbd8a1d74b1331fb915f428b
INV/1186,VCH1186,Sales,2025-05-21,2025-06-05,2025-26,Adjusted,Cheque,30,310800.0,310800.0,155400.0,27AAACT1234F1Z5,IGST,Maharashtra,33300.0,7.5 %,INR,Spine And Joint Institute,Orthopedic Clinic,dr. anil sharma,Orthopedic Surgeon,SURG-001,24FGHIJ5678K1Z2,Ahmedabad,West,Amit Verma,Ortho Distributors Pvt Ltd,S-1,Spinal Rod,Spinal Implant,Rod,B8366-A,L93327,UDI-555096-A,SN614700,STERILE,07-11-2027,45708,12 PCS,Pieces,25000,"₹30,000.00",Spine Stabilization,Titanium Alloy,JointMax,Nagpur WH,21 May 2025,Hold,TCS,In Stock,25,5,Yes,Freight included; round-off applied,Trailing space preserved,5a5912be362ec43c38fc97628807fd53
INV/1186,VCH1186,Sales Return,2025-05-21,2025-07-05,2025-26,Adjusted,Cheque,60,118125.0,118125.0,59062.5,27AAACT1234F1Z5,CGST+SGST,Karnataka,5625.0,10%,Rs.,SPINE AND JOINT INSTITUTE,Orthopedic Clinic,dr p nair,Spine Surgeon,SURG-004,29LMNOP9012Q1Z3,Ahmedabad,West,R. Mehta,ORTHO DISTRIBUTORS,WEST 1,Spinal Rod,Spinal Implant,Rod,B7225-B,L65808,UDI-309869-A,SN830887,STERILE,46338,22 Mar 2025,5,Box,25000,27500,Spine Stabilization,Titanium Alloy,OSM,Nagpur WH,23 May 2025,Delivered,Blue Dart,In Stock,20,8,nan,Credit note adjustment for return batch,Name variation retained,14128f9d3d4ba2446cc6f8e7b04879c3
INV/1186,VCH1186,Purchase,2025-05-21,2025-06-20,2025-26,Partially Paid,Cheque,30,5239.2,5239.2,0.0,27AAACT1234F1Z5,IGST,Karnataka,799.2,7.5 %,Rs.,Spine And Joint Institute,Orthopedic Clinic,DR A. SHARMA,Orthopedic Surgeon,SURG-001,29LMNOP9012Q1Z3,Ahmedabad,West-1,Rahul Mehta,Ortho Distributors Pvt Ltd,WEST 1,Locking Plate,Orthopedic Implant,Plate,B1132-A,L84404,UDI-635490-B,SN451951,Sterile,2026/05/21,45708,2,Pieces,"₹2,400.00","2,640.00",Open Reduction,Titanium,BoneLock,Mumbai WH-2,2025/05/23,Delivered,Blue Dart,In Stock,10,8,Pending,Approved by store; udi matched,Text numeric field,f1d2ef62449a4ef980a7bf1b18c64ec8
INV/1187,VCH1187,Sales,2025-11-27,2025-12-12,2025-26,Paid,UPI,45,13820.62,13820.62,13820.62,24BBBCD2345G1Z2,CGST/SGST,Gujarat,658.12,2.5%,Rs.,spine & joint institute,Orthopedic Clinic,Dr Rajesh Kulkarni,Trauma Surgeon,SURG-003,24FGHIJ5678K1Z2,Ahmedabad,South-1,Amit Verma,Ortho Distributors,CENTRAL 1,Knee Prosthesis,Joint Replacement,Prosthesis,B2105-A,L49300,UDI-940816-A,SN163379,STERILE,2028/05/15,30-07-2025,2,pcs,"6,750.00","7,425.00",Arthroplasty,Cobalt Chrome,SpinePro,Nagpur WH,2025/11/30,Hold,Blue Dart,Reorder,5,20,Yes,"Dispatch against PO; follow-up due on next cycle, ref=""INV/1187""	tabbed-remark",Name variation retained,9c7cbf48ac85ee0e5b70b43f356a437c
inv/1187,VCH1187,Sales,2025-11-27,2026-01-11,2025-26,Pending,cash,15,27972.0,27972.0,0.0,29CCCDD3456H1Z3,CGST/SGST,Karnataka,1332.0,7.5%,₹,Apex Hospital Ltd.,Multi-Specialty Hospital,Dr. P. Nair,Spine Surgeon,SURG-004,27ABCDE1234F1Z1,Mumbai,West-1,Rahul Mehta,Ortho Distributors,W1,Spinal Rod,Spinal Implant,Rod,B5661-A,L74250,UDI-251085-C,SN362100,Sterile,2028/05/15,29-08-2025,12,PCS,"₹2,400.00",2760,Spine Stabilization,Titanium Alloy,SpinePro,Pune Main,2025/11/29,In Transit,DTDC,Reserved,5,8,No,"Revised invoice after doctor change,
please verify branch mapping",Alias master matched,eaedcff4d086e55a67f5e4500ae9d24e
INV/1187,VCH1187,Sales,2025-11-27,2026-01-11,2025-26,Partially Paid,cash,45,6300.0,6300.0,3150.0,27AAACT1234F1Z5,IGST,Gujarat,675.0,10,₹,TRAUMA ONE,Trauma Center,Dr. P. Nair,Spine Surgeon,SURG-004,24FGHIJ5678K1Z2,Nagpur,South,R. Mehta,Ortho Distributors,W1,Locking Plate,Orthopedic Implant,Plate,B8063-C,L51876,UDI-726295-A,SN444708,Sterile,17 Nov 2027,2025/08/29,5,Box,"1,250.00",1375,Open Reduction,Titanium,OSM,Pune Main,45988,Delivered,Delhivery,Reserved,20,30,Yes,Dispatch against PO; follow-up due on next cycle,Unicode NBSP present,579a8e344e796937c6336b0dee29842a
INV/1188,VCH1188,Receipt,2024-09-20,2024-11-04,2024-25,Paid,RTGS,15,2520.0,2520.0,1260.0,24BBBCD2345G1Z2,GST,Gujarat,120.0,0,Rs.,Trauma One,Trauma Center,Dr. Meera Iyer,Joint Replacement Surgeon,SURG-002,27ABCDE1234F1Z1,Nagpur,South-1,Rahul Mehta,Ortho Distributors Pvt Ltd,S-1,Locking Plate,Orthopedic Implant,Plate,B2214-C,L81101,UDI-754564-B,SN670172,Sterile,20 Sep 2025,22-07-2024,1,pcs,2400.00,"2,640.00",Open Reduction,Titanium,SpinePro,Mumbai WH-2,45555,In Transit,Professional Couriers,In Stock,10,3,Yes,Freight included; round-off applied,Name variation retained,e195250a35b5c3f891acba52c8d12384
INV/1188,VCH1188,Sales,2024-09-20,2024-10-20,2024-25,Paid,cash,45,147500.0,147500.0,147500.0,27AAACT1234F1Z5,IGST,Gujarat,22500.0,0%,₹,Ortho Care Center,Orthopedic Clinic,DR. P. NAIR,Spine Surgeon,SURG-004,24FGHIJ5678K1Z2,Pune,South,Rahul Mehta,Trauma Supplies LLP,South-1,Cancellous Screw,Orthopedic Implant,Screw,B4242-C,L93162,UDI-426040-A,SN749151,STERILE,10 Sep 2026,22 Jul 2024,5,Box,25000,30000.00,Fracture Fixation,Stainless Steel,JointMax,Mumbai WH,20 Sep 2024,In Transit,TCS,In Stock,20,5,No,Approved by store; udi matched,Name variation retained,b069edd92cb5ca3cf54b8d5feec37bdf
inv/1188,VCH1188,Sales,2024-09-20,2024-11-19,2024-25,Pending,NEFT,45,51030.0,51030.0,51030.0,27AAACT1234F1Z5,IGST,Karnataka,2430.0,10%,Rs.,APEX HOSPITAL LTD.,Multi-Specialty Hospital,dr. p. nair,Spine Surgeon,SURG-004,24FGHIJ5678K1Z2,Mumbai,South-1,A. Verma,Trauma Supplies,S-1,Bone Drill Set,Surgical Instrument,Instrument,B9453-A,L72666,UDI-675962-C,SN547195,Sterile,14 Mar 2026,2024/06/22,12 PCS,PCS,4500,5400,Surgical Prep,Steel,TraumaFix,Pune WH,21-09-2024,Delivered,TCS,Low Stock,25,3,Pending,"Invoice for orthopedic implants, includes ""plate, screw"" bundle",Trailing space preserved,0473d023313074e131977cdad8f36440
INV/1188,VCH1188,Sales,2024-09-20,2024-10-20,2024-25,Paid,Cheque,15,143745.0,143745.0,143745.0,24BBBCD2345G1Z2,GST,Karnataka,6845.0,7.5 %,Rs.,TRAUMA ONE,Trauma Center,dr p nair,Spine Surgeon,SURG-004,24FGHIJ5678K1Z2,Nagpur,WEST 1,Rahul Mehta,Ortho Distributors Pvt Ltd,W1,Knee Prosthesis,Joint Replacement,Prosthesis,B4213-A,L14531,UDI-448977-B,SN205719,Non-Sterile,46275,2024/06/22,8,Pieces,"₹18,500.00",21275.00,Arthroplasty,Cobalt Chrome,JointMax,Pune Main,2024/09/20,Delivered,Blue Dart,Reorder,25,30,nan,"Invoice for orthopedic implants, includes ""plate, screw"" bundle",Name variation retained,0e17c97251c4a96ef15dc5a068aa026b
inv/1189,VCH1189,Sales Return,2025-08-12,2025-08-27,2025-26,Paid,RTGS,45,8505.0,8505.0,0.0,24BBBCD2345G1Z2,CGST+SGST,Karnataka,405.0,10 %,₹,Apex Hospital,Multi-Specialty Hospital,Dr Meera Iyer,Joint Replacement Surgeon,SURG-002,27ABCDE1234F1Z1,Mumbai,Central,Amit Verma,Trauma Supplies,CENTRAL 1,Bone Drill Set,Surgical Instrument,Instrument,B6196-C,L65458,UDI-269063-B,SN885597,Sterile,2027/02/03,45851,2,pcs,"4,500.00","₹4,950.00",Surgical Prep,Steel,SpinePro,Pune Main,45884,Delivered,DTDC,In Stock,10,5,No,"Revised invoice after doctor change,
please verify branch mapping",Alias master matched,f97428f89b21ad605b87fa6333e8581d
INV/1189,VCH1189,Payment,2025-08-12,2025-09-26,2025-26,Adjusted,Cheque,15,14685.3,14685.3,11013.97,29CCCDD3456H1Z3,CGST+SGST,Karnataka,699.3,7.5,₹,Apex Hospital Ltd.,Multi-Specialty Hospital,dr. r. kulkarni,Trauma Surgeon,SURG-003,27ABCDE1234F1Z1,Mumbai,Central 1,Rahul Mehta,ORTHO DISTRIBUTORS,Central-1,Locking Plate,Orthopedic Implant,Plate,B1176-A,L97128,UDI-736047-C,SN601478,Sterile,29 Jan 2028,2025/07/13,8,pcs,"1,890.00",2173.50,Open Reduction,Titanium,OSM,Pune WH,15-08-2025,Delivered,Blue Dart,Reorder,25,30,nan,Dispatch against PO; follow-up due on next cycle,Text numeric field,df0c2a3c35093cc1426e7ba4744485c6
INV/1189,VCH1189,Sales,2025-08-12,2025-09-11,2025-26,Adjusted,RTGS,45,26196.0,26196.0,13098.0,24BBBCD2345G1Z2,CGST+SGST,Gujarat,3996.0,7.5 %,INR,apex hospital,Multi-Specialty Hospital,Dr. Meera Iyer,Joint Replacement Surgeon,SURG-002,24FGHIJ5678K1Z2,Thane,South,R. Mehta,Ortho Distributors,South-1,Bone Drill Set,Surgical Instrument,Instrument,B2252-A,L37929,UDI-624393-B,SN587293,Non-Sterile,29-01-2028,14 Apr 2025,2,Box,12000.00,14400.00,Surgical Prep,Steel,JointMax,Pune Main,12-08-2025,Partially Delivered,TCS,In Stock,5,5,No,"Invoice for orthopedic implants, includes ""plate, screw"" bundle",Mixed date style,5c30281a242c4951d9113e449d6ae38d
INV/1189,VCH1189,Sales,2025-08-12,2025-09-26,2025-26,Paid,UPI,45,17010.0,17010.0,12757.5,29CCCDD3456H1Z3,GST,Gujarat,810.0,10 %,INR,Spine & Joint Institute,Orthopedic Clinic,DR RAJESH KULKARNI,Trauma Surgeon,SURG-003,24FGHIJ5678K1Z2,Ahmedabad,West-1,A. Verma,Ortho Distributors,CENTRAL 1,External Fixator,Trauma Fixation,Fixator,B5123-A,L63815,UDI-807025-C,SN431559,Non-Sterile,46421,14 Apr 2025,4,pcs,4500,4950,Trauma Stabilization,Aluminium,JointMax,Pune WH,13 Aug 2025,Delivered,Professional Couriers,In Stock,10,30,No,Approved by store; udi matched,Unicode NBSP present,9daecfbdee5bafbf6d592b99d57c9277
INV/1190,VCH1190,Sales,2024-07-18,2024-09-01,2024-25,Paid,Bank Transfer,15,12468.75,12468.75,0.0,27AAACT1234F1Z5,CGST/SGST,Karnataka,593.75,0.05,INR,Apex Hospital,Multi-Specialty Hospital,Dr P Nair,Spine Surgeon,SURG-004,24FGHIJ5678K1Z2,Mumbai,South,Rahul Mehta,ORTHO DISTRIBUTORS,W1,Cancellous Screw,Orthopedic Implant,Screw,B6089-C,L66036,UDI-199382-A,SN827770,STERILE,2025/07/18,2024/06/18,10,BOX,"₹1,250.00","₹1,500.00",Fracture Fixation,Stainless Steel,SpinePro,Pune Main,21 Jul 2024,Hold,TCS,In Stock,10,3,Yes,Part payment received; balance pending,Unicode NBSP present,8214f1893f96d6132673a7c01130f0a4
INV/1190,VCH1190,Sales,2024-07-18,2024-08-02,2024-25,Pending,NEFT,15,140125.0,140125.0,105093.75,27AAACT1234F1Z5,CGST+SGST,Gujarat,21375.0,5 %,Rs.,Ortho Care Center,Orthopedic Clinic,Dr. P. Nair,Spine Surgeon,SURG-004,24FGHIJ5678K1Z2,Pune,South-1,Rahul Mehta,ORTHO DISTRIBUTORS,S-1,Bone Drill Set,Surgical Instrument,Instrument,B3635-B,L71225,UDI-373806-B,SN982356,STERILE,46211,18-06-2024,5 PCS,PCS,"₹25,000.00","₹28,750.00",Surgical Prep,Steel,TraumaFix,Pune Main,45492,Hold,Professional Couriers,Reserved,25,5,No,"Revised invoice after doctor change,
please verify branch mapping",Unicode NBSP present,c41afbc5a7dba927e138779839ba6f02
INV/1191,VCH1191,Payment,2024-04-30,2024-05-15,2024-25,Pending,Cash,15,7739.55,7739.55,5804.66,24BBBCD2345G1Z2,CGST/SGST,Karnataka,368.55,2.5,Rs.,ortho care centre,Orthopedic Clinic,Dr. P. Nair,Spine Surgeon,SURG-004,29LMNOP9012Q1Z3,Pune,West-1,Amit Verma,Trauma Supplies LLP,West-1,Cancellous Screw,Orthopedic Implant,Screw,B4340-A,L14331,UDI-872806-B,SN781170,Sterile,2025/04/30,2024/01/31,4,Pieces,"₹1,890.00","₹2,173.50",Fracture Fixation,Stainless Steel,OrthoFlex,Ahmedabad WH,45414,In Transit,Delhivery,In Stock,10,8,No,"Revised invoice after doctor change,
please verify branch mapping",Alias master matched,5a7eb65ed4a60baf44a44b2ef36ebe4f
INV/1191,VCH1191,Sales,2024-04-30,2024-05-15,2024-25,Partially Paid,cash,30,12096.0,12096.0,9072.0,29CCCDD3456H1Z3,IGST,Maharashtra,1296.0,10 %,INR,Trauma One,Trauma Center,dr. nisha patel,Orthopedic Surgeon,SURG-005,24FGHIJ5678K1Z2,Nagpur,South-1,R. Mehta,Ortho Distributors Pvt Ltd,W1,Cancellous Screw,Orthopedic Implant,Screw,B6460-C,L32465,UDI-827359-A,SN802192,Sterile,30 Apr 2025,45322,5,Box,2400,"2,760.00",Fracture Fixation,Stainless Steel,JointMax,Mumbai WH-2,2024/05/02,Partially Delivered,Blue Dart,Reserved,25,0,No,Freight included; round-off applied	tabbed-remark,Text numeric field,da593ef965a8094670cb6554ebb0edbd
INV/1191,VCH1191,Sales Return,2024-04-30,2024-06-29,2024-25,Partially Paid,Bank Transfer,15,29836.8,29836.8,29836.8,27AAACT1234F1Z5,CGST+SGST,Gujarat,3196.8,0.07,INR,trauma one pvt ltd,Trauma Center,dr nisha patel,Orthopedic Surgeon,SURG-005,24FGHIJ5678K1Z2,Nagpur,West-1,Amit Verma,Trauma Supplies,CENTRAL 1,External Fixator,Trauma Fixation,Fixator,B2987-A,L43313,UDI-711120-A,SN246500,Non-Sterile,2026/04/20,2024/01/01,12,PCS,"₹2,400.00",2880.00,Trauma Stabilization,Aluminium,SpinePro,Mumbai WH-2,2024/05/01,Partially Delivered,DTDC,In Stock,20,3,No,"Revised invoice after doctor change,
please verify branch mapping",Name variation retained,cd1b6826977d8fc574b1af6241aeb271
INV/1192,VCH1192,Receipt,2026-02-20,2026-04-21,2025-26,Adjusted,RTGS,60,110448.0,110448.0,82836.0,27AAACT1234F1Z5,GST,Maharashtra,16848.0,2.5%,₹,ORTHO CARE CENTER,Orthopedic Clinic,Dr. Meera Iyer,Joint Replacement Surgeon,SURG-002,24FGHIJ5678K1Z2,Pune,Central 1,A. Verma,Ortho Distributors Pvt Ltd,W1,Knee Prosthesis,Joint Replacement,Prosthesis,B9307-A,L32714,UDI-983659-B,SN868654,STERILE,2028/02/10,23 Oct 2025,8,BOX,"₹12,000.00","13,200.00",Arthroplasty,Cobalt Chrome,BoneLock,Mumbai WH-2,46073,Partially Delivered,Delhivery,Reserved,10,15,Yes,"Invoice for orthopedic implants, includes ""plate, screw"" bundle",Mixed date style,7d4b77add348e808742796b074ab1224
INV/1192,VCH1192,Payment,2026-02-20,2026-03-22,2025-26,Paid,Cheque,30,5752.5,5752.5,4314.38,29CCCDD3456H1Z3,GST,Maharashtra,877.5,2.5,INR,apex hospital ltd.,Multi-Specialty Hospital,dr a. sharma,Orthopedic Surgeon,SURG-001,27ABCDE1234F1Z1,Mumbai,Central 1,Rahul Mehta,Ortho Distributors Pvt Ltd,S-1,Locking Plate,Orthopedic Implant,Plate,B4379-C,L37550,UDI-604909-B,SN291428,Sterile,10 Feb 2028,23-10-2025,4,Pieces,"1,250.00",1375,Open Reduction,Titanium,BoneLock,Pune Main,20-02-2026,In Transit,Blue Dart,In Stock,20,5,Pending,Freight included; round-off applied,Mixed date style,87d402b12baed934cc7095962378fae0
INV/1192,VCH1192,Sales,2026-02-20,2026-03-22,2025-26,Paid,Cash,60,12285.0,12285.0,12285.0,29CCCDD3456H1Z3,CGST+SGST,Gujarat,585.0,2.5,Rs.,Spine & Joint Institute,Orthopedic Clinic,Dr Meera Iyer,Joint Replacement Surgeon,SURG-002,24FGHIJ5678K1Z2,Ahmedabad,West-1,Rahul Mehta,ORTHO DISTRIBUTORS,CENTRAL 1,Locking Plate,Orthopedic Implant,Plate,B4158-B,L21224,UDI-236502-C,SN599472,STERILE,14 Aug 2027,23-10-2025,1,Pieces,12000,"13,200.00",Open Reduction,Titanium,JointMax,Pune WH,46073,In Transit,TCS,Low Stock,20,0,No,Exported from Tally	with master alias,Name variation retained,eb9e13e3c0450ecc2971887c458b3d6a
INV/1193,VCH1193,Sales,2025-07-16,2025-07-31,2025-26,Adjusted,UPI,60,4914.0,4914.0,4914.0,27AAACT1234F1Z5,CGST/SGST,Maharashtra,234.0,0.03,Rs.,Spine & Joint Institute,Orthopedic Clinic,DR NISHA PATEL,Orthopedic Surgeon,SURG-005,29LMNOP9012Q1Z3,Ahmedabad,Central 1,R. Mehta,Ortho Distributors,Central-1,Locking Plate,Orthopedic Implant,Plate,B9949-B,L74700,UDI-565255-C,SN755646,Sterile,2027/07/06,2025/06/16,2,Pieces,2400.00,"2,640.00",Open Reduction,Titanium,JointMax,Nagpur WH,2025/07/19,Delivered,Delhivery,In Stock,5,20,No,Dispatch against PO; follow-up due on next cycle	tabbed-remark,Name variation retained,dc124fb6d86ff96ea0e881aa1e31ed97
inv/1193,VCH1193,Sales,2025-07-16,2025-08-15,2025-26,Adjusted,NEFT,30,25900.0,25900.0,25900.0,24BBBCD2345G1Z2,CGST+SGST,Gujarat,2775.0,7.5 %,Rs.,ortho care center,Orthopedic Clinic,Dr. P. Nair,Spine Surgeon,SURG-004,24FGHIJ5678K1Z2,Pune,WEST 1,Rahul Mehta,Ortho Distributors,West-1,Cancellous Screw,Orthopedic Implant,Screw,B6896-C,L51243,UDI-635552-C,SN974462,Non-Sterile,06 Jul 2027,45794,1,BOX,"₹25,000.00","₹30,000.00",Fracture Fixation,Stainless Steel,TraumaFix,Ahmedabad WH,45856,Hold,Professional Couriers,In Stock,25,15,nan,Freight included; round-off applied,Trailing space preserved,7bc3dd5758558ee6618b5f2c0e121898
INV/1193,VCH1193,Receipt,2025-07-16,2025-08-15,2025-26,Adjusted,UPI,45,7560.0,7560.0,7560.0,27AAACT1234F1Z5,CGST+SGST,Karnataka,810.0,0,INR,APEX HOSPITAL,Multi-Specialty Hospital,Dr. R. Kulkarni,Trauma Surgeon,SURG-003,24FGHIJ5678K1Z2,Mumbai,South-1,Rahul Mehta,Ortho Distributors,WEST 1,Knee Prosthesis,Joint Replacement,Prosthesis,B3605-B,L37307,UDI-974176-A,SN800690,Non-Sterile,16 Jul 2026,2025/04/17,1,Pieces,"6,750.00",7762.50,Arthroplasty,Cobalt Chrome,SpinePro,Ahmedabad WH,19-07-2025,Hold,Delhivery,Low Stock,5,3,No,"Invoice for orthopedic implants, includes ""plate, screw"" bundle",Trailing space preserved,3c12f13dfce487815aaf256beedabdd0
INV/1194,VCH1194,Payment,2025-01-01,2025-02-15,2024-25,Adjusted,NEFT,30,51772.5,51772.5,51772.5,27AAACT1234F1Z5,CGST/SGST,Karnataka,7897.5,0.03,Rs.,Ortho Care Centre,Orthopedic Clinic,dr. p. nair,Spine Surgeon,SURG-004,24FGHIJ5678K1Z2,Pune,South,Amit Verma,Ortho Distributors Pvt Ltd,CENTRAL 1,Spinal Rod,Spinal Implant,Rod,B5554-A,L42443,UDI-385585-B,SN204137,STERILE,20 Jun 2027,45568,10,BOX,4500.00,"₹5,400.00",Spine Stabilization,Titanium Alloy,OSM,Mumbai WH,2025/01/04,Delivered,TCS,In Stock,20,0,Pending,"Revised invoice after doctor change,
please verify branch mapping",Alias master matched,fc02e955db59168b8c29b3f6ead5b65b
INV/1194,VCH1194,Purchase,2025-01-01,2025-02-15,2024-25,Partially Paid,RTGS,45,110448.0,110448.0,55224.0,27AAACT1234F1Z5,GST,Karnataka,16848.0,2.5,INR,Ortho Care Center,Orthopedic Clinic,dr. meera iyer,Joint Replacement Surgeon,SURG-002,24FGHIJ5678K1Z2,Pune,South-1,Rahul Mehta,Ortho Distributors Pvt Ltd,WEST 1,Knee Prosthesis,Joint Replacement,Prosthesis,B9587-A,L26078,UDI-848428-A,SN704233,Sterile,46198,03 Sep 2024,8,Pieces,"12,000.00","₹13,800.00",Arthroplasty,Cobalt Chrome,JointMax,Mumbai WH,45658,Delivered,Delhivery,Low Stock,20,8,No,Exported from Tally	with master alias,Alias master matched,a503fbc7b7f4db22c74bc3a2e1499939
INV/1195,VCH1195,Receipt,2026-01-29,2026-03-15,2025-26,Paid,cash,15,103600.0,103600.0,77700.0,27AAACT1234F1Z5,CGST/SGST,Gujarat,11100.0,7.5 %,INR,spine & joint institute,Orthopedic Clinic,DR P NAIR,Spine Surgeon,SURG-004,29LMNOP9012Q1Z3,Ahmedabad,Central,A. Verma,ORTHO DISTRIBUTORS,Central-1,Knee Prosthesis,Joint Replacement,Prosthesis,B4031-A,L74357,UDI-425951-B,SN436231,STERILE,29 Jan 2027,01-10-2025,4 PCS,Pieces,"₹25,000.00",28750,Arthroplasty,Cobalt Chrome,OSM,Nagpur WH,01 Feb 2026,Delivered,Delhivery,Reserved,10,15,Pending,Freight included; round-off applied	tabbed-remark,Text numeric field,ca5cf5aa737ea3cc4bb6f96fd415e5be
inv/1195,VCH1195,Sales,2026-01-29,2026-02-28,2025-26,Pending,Cash,45,22623.3,22623.3,11311.65,24BBBCD2345G1Z2,CGST/SGST,Maharashtra,1077.3,5 %,INR,apex hospital,Multi-Specialty Hospital,DR MEERA IYER,Joint Replacement Surgeon,SURG-002,24FGHIJ5678K1Z2,Mumbai,Central 1,S. Joshi,ORTHO DISTRIBUTORS,CENTRAL 1,Cancellous Screw,Orthopedic Implant,Screw,B6298-B,L78559,UDI-363813-C,SN657608,STERILE,2027/07/23,2025/11/30,12,BOX,"₹1,890.00","₹2,268.00",Fracture Fixation,Stainless Steel,TraumaFix,Mumbai WH-2,29-01-2026,Delivered,DTDC,In Stock,10,20,Yes,"Approved by store; udi matched
Export note retained as multiline remark",Mixed date style,bae13619e5649d819c7ef9dbd5fa35ba
INV/1195,VCH1195,Sales Return,2026-01-29,2026-03-15,2025-26,Adjusted,Cash,15,145152.0,145152.0,108864.0,27AAACT1234F1Z5,CGST/SGST,Gujarat,15552.0,10,INR,ORTHO CARE CENTRE,Orthopedic Clinic,dr. nisha patel,Orthopedic Surgeon,SURG-005,29LMNOP9012Q1Z3,Pune,South-1,Amit Verma,Trauma Supplies LLP,Central-1,Bone Drill Set,Surgical Instrument,Instrument,B8709-B,L32035,UDI-545192-C,SN421408,Non-Sterile,23 Jul 2027,01-10-2025,12,Box,12000.00,14400,Surgical Prep,Steel,OrthoFlex,Mumbai WH-2,2026/01/29,In Transit,Delhivery,Low Stock,5,3,Yes,Exported from Tally	with master alias,Alias master matched,7e3133955ecfcce6a7fefe3415f26ab5
INV/1195,VCH1195,Purchase,2026-01-29,2026-03-30,2025-26,Partially Paid,cash,45,1330.0,1330.0,1330.0,29CCCDD3456H1Z3,CGST/SGST,Maharashtra,142.5,5,₹,APEX HOSPITAL LTD.,Multi-Specialty Hospital,Dr Rajesh Kulkarni,Trauma Surgeon,SURG-003,27ABCDE1234F1Z1,Mumbai,South,Rahul Mehta,Trauma Supplies,W1,Bone Drill Set,Surgical Instrument,Instrument,B1597-C,L30402,UDI-322442-C,SN469945,Non-Sterile,2028/01/19,31-10-2025,1 PCS,Pieces,1250,1437.50,Surgical Prep,Steel,OrthoFlex,Ahmedabad WH,30 Jan 2026,Delivered,TCS,Low Stock,5,30,nan,"Revised invoice after doctor change,
please verify branch mapping",Name variation retained,fd6dcf8e8b6348c33cac4fc22b846abf
INV/1196,VCH1196,Sales,2025-11-20,2025-12-05,2025-26,Partially Paid,cash,60,4987.5,4987.5,2493.75,24BBBCD2345G1Z2,GST,Karnataka,237.5,0.05,INR,Apex Hospital,Multi-Specialty Hospital,DR. MEERA IYER,Joint Replacement Surgeon,SURG-002,29LMNOP9012Q1Z3,Mumbai,Central,S. Joshi,Ortho Distributors Pvt Ltd,WEST 1,Spinal Rod,Spinal Implant,Rod,B5214-B,L62145,UDI-557352-B,SN459816,Non-Sterile,08 May 2028,2025/07/23,4 PCS,PCS,1250.00,"₹1,375.00",Spine Stabilization,Titanium Alloy,SpinePro,Pune WH,20 Nov 2025,In Transit,TCS,Low Stock,20,30,Pending,"Part payment received; balance pending
Export note retained as multiline remark",Alias master matched,73d0843228c014d3ec2cdc82a3cdae65
INV/1196,VCH1196,Purchase,2025-11-20,2026-01-04,2025-26,Partially Paid,cash,15,20202.0,20202.0,15151.5,27AAACT1234F1Z5,CGST/SGST,Karnataka,2164.5,2.5 %,INR,Ortho Care Centre,Orthopedic Clinic,Dr Meera Iyer,Joint Replacement Surgeon,SURG-002,27ABCDE1234F1Z1,Pune,West-1,R. Mehta,ORTHO DISTRIBUTORS,S-1,External Fixator,Trauma Fixation,Fixator,B3425-B,L55434,UDI-822108-C,SN214968,Sterile,46881,22 Aug 2025,1,Box,"18,500.00","₹22,200.00",Trauma Stabilization,Aluminium,OrthoFlex,Mumbai WH-2,2025/11/21,Delivered,Delhivery,In Stock,20,3,No,Freight included; round-off applied,Unicode NBSP present,47c4fdd79491d553250c3535b88dd08e
INV/1196,VCH1196,Purchase,2025-11-20,2026-01-19,2025-26,Pending,NEFT,60,25593.75,25593.75,12796.88,24BBBCD2345G1Z2,CGST+SGST,Gujarat,1218.75,2.5,INR,APEX HOSPITAL,Multi-Specialty Hospital,Dr. Anil Sharma,Orthopedic Surgeon,SURG-001,27ABCDE1234F1Z1,Thane,WEST 1,R. Mehta,Ortho Distributors Pvt Ltd,Central-1,Bone Drill Set,Surgical Instrument,Instrument,B7097-A,L15176,UDI-297504-C,SN887071,Sterile,14-05-2027,22 Aug 2025,1,PCS,25000.00,"₹28,750.00",Surgical Prep,Steel,OSM,Ahmedabad WH,45982,Delivered,Delhivery,Reserved,5,5,No,Freight included; round-off applied,Text numeric field,8d70b99cfdd8330ea784f82312ef8103
INV/1196,VCH1196,Receipt,2025-11-20,2026-01-19,2025-26,Paid,Cash,15,26880.0,26880.0,26880.0,24BBBCD2345G1Z2,CGST+SGST,Gujarat,2880.0,0 %,INR,Ortho Care Center,Orthopedic Clinic,dr. p. nair,Spine Surgeon,SURG-004,24FGHIJ5678K1Z2,Pune,South-1,Sneha Joshi,ORTHO DISTRIBUTORS,Central-1,Bone Drill Set,Surgical Instrument,Instrument,B7747-A,L15475,UDI-528225-B,SN927398,Sterile,20-11-2026,2025/08/22,2 PCS,pcs,"₹12,000.00","13,200.00",Surgical Prep,Steel,BoneLock,Ahmedabad WH,21 Nov 2025,Hold,DTDC,Reorder,10,0,nan,Credit note adjustment for return batch,Mixed date style,668ea106740fe84294467f5a3732a073
INV/1197,VCH1197,Sales Return,2024-10-07,2024-11-06,2024-25,Partially Paid,UPI,15,51187.5,51187.5,38390.62,27AAACT1234F1Z5,IGST,Gujarat,2437.5,2.5,Rs.,apex hospital,Multi-Specialty Hospital,Dr. Nisha Patel,Orthopedic Surgeon,SURG-005,24FGHIJ5678K1Z2,Mumbai,West-1,Sneha Joshi,Trauma Supplies LLP,WEST 1,Locking Plate,Orthopedic Implant,Plate,B6007-C,L61658,UDI-851094-C,SN799450,Non-Sterile,31 Mar 2026,07 Sep 2024,2,pcs,25000.00,"₹28,750.00",Open Reduction,Titanium,JointMax,Mumbai WH-2,45572,Partially Delivered,Delhivery,In Stock,25,15,No,"Revised invoice after doctor change,
please verify branch mapping",Alias master matched,8596c52c5e4e895b3656752b57331471
inv/1197,VCH1197,Sales,2024-10-07,2024-11-21,2024-25,Adjusted,Bank Transfer,45,13452.0,13452.0,0.0,27AAACT1234F1Z5,IGST,Maharashtra,2052.0,5,₹,apex hospital,Multi-Specialty Hospital,Dr Rajesh Kulkarni,Trauma Surgeon,SURG-003,29LMNOP9012Q1Z3,Thane,Central 1,Rahul Mehta,Trauma Supplies LLP,CENTRAL 1,Bone Drill Set,Surgical Instrument,Instrument,B7764-C,L89395,UDI-356951-C,SN418945,Sterile,26-03-2027,08 Aug 2024,1 PCS,pcs,"12,000.00",13200.00,Surgical Prep,Steel,SpinePro,Pune WH,2024/10/10,In Transit,DTDC,Low Stock,20,15,Pending,Freight included; round-off applied,Text numeric field,d9214ec7bb215fd00d7e12d07f4dc9ea
INV/1197,VCH1197,Payment,2024-10-07,2024-11-21,2024-25,Paid,UPI,30,141600.0,141600.0,141600.0,24BBBCD2345G1Z2,CGST/SGST,Karnataka,21600.0,0.00,INR,Ortho Care Center,Orthopedic Clinic,Dr. Anil Sharma,Orthopedic Surgeon,SURG-001,27ABCDE1234F1Z1,Pune,South-1,Rahul Mehta,Trauma Supplies LLP,S-1,Cancellous Screw,Orthopedic Implant,Screw,B2987-B,L85930,UDI-359600-C,SN129002,Non-Sterile,31-03-2026,45542,10,pcs,"₹12,000.00",13200,Fracture Fixation,Stainless Steel,TraumaFix,Pune WH,10 Oct 2024,Delivered,Delhivery,In Stock,5,5,nan,Dispatch against PO; follow-up due on next cycle,Name variation retained,7700f3730ffe95f3d1889ff7aedddb35
INV/1197,VCH1197,Purchase,2024-10-07,2024-11-06,2024-25,Partially Paid,Cash,45,4127.76,4127.76,2063.88,27AAACT1234F1Z5,CGST/SGST,Maharashtra,442.26,2.5,₹,Apex Hospital,Multi-Specialty Hospital,dr nisha patel,Orthopedic Surgeon,SURG-005,29LMNOP9012Q1Z3,Mumbai,South-1,Rahul Mehta,Trauma Supplies,W1,External Fixator,Trauma Fixation,Fixator,B7534-C,L11801,UDI-609563-C,SN435754,Sterile,26 Mar 2027,45542,2,PCS,1890.00,"₹2,079.00",Trauma Stabilization,Aluminium,BoneLock,Mumbai WH-2,45573,Delivered,Delhivery,In Stock,20,0,Pending,"Invoice for orthopedic implants, includes ""plate, screw"" bundle",Name variation retained,d6161d2c220c79e055e57e8a27bde1fd
INV/1198,VCH1198,Sales,2024-05-18,2024-06-02,2024-25,Adjusted,RTGS,30,60534.0,60534.0,60534.0,27AAACT1234F1Z5,CGST/SGST,Maharashtra,9234.0,5 %,INR,CITY MEDISURG PVT. LTD.,Multi-Specialty Hospital,dr. nisha patel,Orthopedic Surgeon,SURG-005,27ABCDE1234F1Z1,Surat,WEST 1,Amit Verma,Ortho Distributors,CENTRAL 1,Locking Plate,Orthopedic Implant,Plate,B4824-A,L99553,UDI-831794-A,SN672925,Non-Sterile,2025/11/09,19-03-2024,12,Pieces,4500,5175.00,Open Reduction,Titanium,OrthoFlex,Mumbai WH-2,19 May 2024,Delivered,Delhivery,Low Stock,5,3,Yes,Freight included; round-off applied,Text numeric field,4c4ca6f233a57935d7b02949ced6b699
INV/1198,VCH1198,Sales,2024-05-18,2024-07-17,2024-25,Pending,Cheque,60,36907.5,36907.5,18453.75,24BBBCD2345G1Z2,GST,Maharashtra,1757.5,5%,₹,Trauma One,Trauma Center,dr a. sharma,Orthopedic Surgeon,SURG-001,27ABCDE1234F1Z1,Nagpur,South,Amit Verma,ORTHO DISTRIBUTORS,Central-1,Spinal Rod,Spinal Implant,Rod,B9550-B,L19733,UDI-478550-A,SN181373,Sterile,2025/11/09,18 Apr 2024,2 PCS,PCS,18500,21275,Spine Stabilization,Titanium Alloy,BoneLock,Nagpur WH,45431,Delivered,Blue Dart,Reorder,20,20,No,"Invoice for orthopedic implants, includes ""plate, screw"" bundle",Alias master matched,9edbcf730cce66fd3018b3d378605b3c
INV/1198,VCH1198,Receipt,2024-05-18,2024-07-17,2024-25,Pending,Cash,60,54600.0,54600.0,54600.0,24BBBCD2345G1Z2,IGST,Maharashtra,5850.0,2.5,INR,Apex Hospital,Multi-Specialty Hospital,Dr A. Sharma,Orthopedic Surgeon,SURG-001,24FGHIJ5678K1Z2,Mumbai,West,Sneha Joshi,Trauma Supplies LLP,W1,Knee Prosthesis,Joint Replacement,Prosthesis,B4202-B,L80013,UDI-368035-A,SN547928,Sterile,09-11-2025,45370,2,PCS,25000,28750,Arthroplasty,Cobalt Chrome,OSM,Mumbai WH,2024/05/19,Delivered,Delhivery,In Stock,20,20,No,Freight included; round-off applied,Mixed date style,2a3158e6f9b6c573f35677ebacc1ae0e
INV/1199,VCH1199,Purchase,2025-01-30,2025-02-14,2024-25,Adjusted,Bank Transfer,45,14288.4,14288.4,10716.3,29CCCDD3456H1Z3,CGST+SGST,Gujarat,680.4,10%,Rs.,ortho care centre,Orthopedic Clinic,DR. NISHA PATEL,Orthopedic Surgeon,SURG-005,27ABCDE1234F1Z1,Pune,West,A. Verma,ORTHO DISTRIBUTORS,S-1,Bone Drill Set,Surgical Instrument,Instrument,B8928-A,L84480,UDI-873632-A,SN201117,STERILE,2027/07/19,2024/11/01,8,pcs,"₹1,890.00",2173.50,Surgical Prep,Steel,OSM,Nagpur WH,01 Feb 2025,Partially Delivered,Blue Dart,Reserved,10,5,Pending,"Part payment received; balance pending, ref=""INV/1199""",Unicode NBSP present,9498019b1949c625ca67b8a08d59d746
INV/1199,VCH1199,Sales,2025-01-30,2025-03-01,2024-25,Paid,Cash,30,12744.0,12744.0,0.0,27AAACT1234F1Z5,IGST,Gujarat,1944.0,0.10,INR,Spine And Joint Institute,Orthopedic Clinic,DR P NAIR,Spine Surgeon,SURG-004,24FGHIJ5678K1Z2,Ahmedabad,South-1,Sneha Joshi,ORTHO DISTRIBUTORS,South-1,Cancellous Screw,Orthopedic Implant,Screw,B9744-B,L44939,UDI-423312-B,SN400083,Sterile,2026/01/30,02-10-2024,5,pcs,2400.00,"2,640.00",Fracture Fixation,Stainless Steel,BoneLock,Pune Main,01-02-2025,Delivered,TCS,Reserved,10,0,nan,"Invoice for orthopedic implants, includes ""plate, screw"" bundle",Mixed date style,4b36988af2378c825e8268f805f35b28
INV/1200,VCH1200,Sales,2025-04-19,2025-05-19,2025-26,Paid,Bank Transfer,15,9324.0,9324.0,6993.0,29CCCDD3456H1Z3,CGST/SGST,Maharashtra,444.0,7.5 %,INR,ORTHO CARE CENTRE,Orthopedic Clinic,Dr. R. Kulkarni,Trauma Surgeon,SURG-003,24FGHIJ5678K1Z2,Pune,WEST 1,A. Verma,Trauma Supplies,W1,Bone Drill Set,Surgical Instrument,Instrument,B2377-A,L23795,UDI-384054-B,SN254453,Non-Sterile,2026/10/11,2025/02/18,4,BOX,2400.00,2640,Surgical Prep,Steel,TraumaFix,Nagpur WH,2025/04/22,Delivered,DTDC,Reorder,20,8,No,Part payment received; balance pending,Trailing space preserved,ad16424c7888d4517188f77c14f98483
INV/1200,VCH1200,Sales,2025-04-19,2025-05-04,2025-26,Adjusted,UPI,30,280250.0,280250.0,0.0,29CCCDD3456H1Z3,CGST/SGST,Maharashtra,42750.0,0.05,INR,Ortho Care Centre,Orthopedic Clinic,Dr Rajesh Kulkarni,Trauma Surgeon,SURG-003,27ABCDE1234F1Z1,Pune,WEST 1,Amit Verma,Trauma Supplies,Central-1,Cancellous Screw,Orthopedic Implant,Screw,B4843-A,L54512,UDI-696467-A,SN820753,STERILE,19-04-2026,2025/02/18,10,BOX,25000,"₹30,000.00",Fracture Fixation,Stainless Steel,JointMax,Mumbai WH,2025/04/21,Delivered,Professional Couriers,Reorder,10,20,Pending,"Invoice for orthopedic implants, includes ""plate, screw"" bundle",Alias master matched,520c79a13c67abf31c66414848ad2b68
INV/1200,VCH1200,Purchase,2025-04-19,2025-05-04,2025-26,Pending,NEFT,30,2832.0,2832.0,2124.0,24BBBCD2345G1Z2,GST,Gujarat,432.0,0 %,Rs.,Spine & Joint Institute,Orthopedic Clinic,dr. r. kulkarni,Trauma Surgeon,SURG-003,24FGHIJ5678K1Z2,Ahmedabad,West,S. Joshi,Trauma Supplies,W1,External Fixator,Trauma Fixation,Fixator,B4129-A,L64436,UDI-433888-A,SN245535,Non-Sterile,19 Apr 2026,19-01-2025,1,PCS,"₹2,400.00",2640.00,Trauma Stabilization,Aluminium,OSM,Mumbai WH-2,45769,Delivered,Delhivery,In Stock,20,8,No,"Revised invoice after doctor change,
please verify branch mapping",Mixed date style,6b5e0e89d852e1e2dd2392dd9177ba25
INV/1200,VCH1200,Sales,2025-04-19,2025-06-18,2025-26,Paid,RTGS,45,307125.0,307125.0,307125.0,24BBBCD2345G1Z2,GST,Gujarat,14625.0,2.5,INR,APEX HOSPITAL,Multi-Specialty Hospital,Dr P Nair,Spine Surgeon,SURG-004,24FGHIJ5678K1Z2,Mumbai,WEST 1,S. Joshi,Ortho Distributors,Central-1,Cancellous Screw,Orthopedic Implant,Screw,B3792-C,L40097,UDI-836443-C,SN628317,STERILE,09 Apr 2027,19 Jan 2025,12,PCS,"25,000.00",30000,Fracture Fixation,Stainless Steel,TraumaFix,Ahmedabad WH,19 Apr 2025,In Transit,Delhivery,Low Stock,25,20,Pending,Credit note adjustment for return batch,Name variation retained,26d94011b563457b19c9d6610c8bb78c
inv/1201,VCH1201,Sales,2024-04-16,2024-05-31,2024-25,Pending,Cheque,60,242812.5,242812.5,121406.25,27AAACT1234F1Z5,GST,Maharashtra,11562.5,7.5,₹,ortho care centre,Orthopedic Clinic,Dr Rajesh Kulkarni,Trauma Surgeon,SURG-003,24FGHIJ5678K1Z2,Pune,South,Rahul Mehta,Trauma Supplies,WEST 1,Spinal Rod,Spinal Implant,Rod,B3140-B,L55250,UDI-208824-C,SN124473,Sterile,2025/04/16,16-02-2024,10,Box,25000.00,28750.00,Spine Stabilization,Titanium Alloy,TraumaFix,Pune Main,2024/04/16,In Transit,Blue Dart,Reorder,5,3,Yes,"Revised invoice after doctor change,
please verify branch mapping",Unicode NBSP present,c8211ac8f9afb1ed9f9f3c9ffb1ffaee
INV/1201,VCH1201,Sales,2024-04-16,2024-05-01,2024-25,Partially Paid,NEFT,30,55944.0,55944.0,55944.0,24BBBCD2345G1Z2,CGST+SGST,Gujarat,5994.0,7.5,INR,Apex Hospital,Multi-Specialty Hospital,Dr Rajesh Kulkarni,Trauma Surgeon,SURG-003,24FGHIJ5678K1Z2,Thane,Central 1,A. Verma,Trauma Supplies LLP,Central-1,Bone Drill Set,Surgical Instrument,Instrument,B7511-B,L43396,UDI-443676-A,SN319179,Non-Sterile,06-04-2026,45278,8 PCS,Box,6750.00,7425.00,Surgical Prep,Steel,JointMax,Pune WH,16-04-2024,Partially Delivered,Professional Couriers,Reserved,20,3,Pending,"Exported from Tally	with master alias, ref=""INV/1201""",Trailing space preserved,dea1083039b862654cd72f12636c58b4
INV/1201,VCH1201,Receipt,2024-04-16,2024-05-16,2024-25,Paid,cash,30,7765.88,7765.88,0.0,24BBBCD2345G1Z2,CGST/SGST,Gujarat,1184.62,2.5%,INR,City Medisurg,Multi-Specialty Hospital,Dr. R. Kulkarni,Trauma Surgeon,SURG-003,27ABCDE1234F1Z1,Surat,Central 1,Amit Verma,Ortho Distributors Pvt Ltd,WEST 1,Knee Prosthesis,Joint Replacement,Prosthesis,B9611-B,L34753,UDI-652819-C,SN622379,Non-Sterile,16-04-2025,2024/01/17,1 PCS,BOX,6750,"7,425.00",Arthroplasty,Cobalt Chrome,OrthoFlex,Pune WH,16 Apr 2024,In Transit,DTDC,In Stock,5,3,No,Credit note adjustment for return batch,Unicode NBSP present,3434aea84ffcc30d0dad53edb2de4040
INV/1201,VCH1201,Purchase,2024-04-16,2024-05-16,2024-25,Adjusted,NEFT,15,2520.0,2520.0,0.0,24BBBCD2345G1Z2,CGST+SGST,Gujarat,120.0,0%,₹,SPINE & JOINT INSTITUTE,Orthopedic Clinic,DR. NISHA PATEL,Orthopedic Surgeon,SURG-005,27ABCDE1234F1Z1,Ahmedabad,West-1,R. Mehta,Ortho Distributors,CENTRAL 1,External Fixator,Trauma Fixation,Fixator,B6420-C,L17624,UDI-474426-B,SN413309,STERILE,03-10-2026,2023/12/18,1,pcs,2400,"2,760.00",Trauma Stabilization,Aluminium,TraumaFix,Ahmedabad WH,2024/04/19,In Transit,DTDC,In Stock,20,0,Yes,"Revised invoice after doctor change,
please verify branch mapping",Alias master matched,bebe93e76a94f84b3d7224d7db475823
INV/1202,VCH1202,Purchase,2025-06-17,2025-07-02,2025-26,Partially Paid,Cash,30,37800.0,37800.0,28350.0,29CCCDD3456H1Z3,CGST+SGST,Maharashtra,4050.0,0 %,Rs.,Trauma One Pvt Ltd,Trauma Center,Dr. Anil Sharma,Orthopedic Surgeon,SURG-001,29LMNOP9012Q1Z3,Nagpur,South-1,A. Verma,Trauma Supplies LLP,WEST 1,Knee Prosthesis,Joint Replacement,Prosthesis,B3855-C,L46945,UDI-575646-A,SN157180,Sterile,2027/12/04,19-03-2025,5,PCS,6750,"7,425.00",Arthroplasty,Cobalt Chrome,SpinePro,Pune Main,19 Jun 2025,Delivered,DTDC,In Stock,25,20,nan,Exported from Tally	with master alias,Trailing space preserved,eecae6d1e22758fb1426e34893d1aff0
INV/1202,VCH1202,Sales Return,2025-06-17,2025-07-02,2025-26,Partially Paid,UPI,15,49140.0,49140.0,0.0,27AAACT1234F1Z5,IGST,Karnataka,2340.0,2.5,INR,Ortho Care Center,Orthopedic Clinic,dr. r. kulkarni,Trauma Surgeon,SURG-003,27ABCDE1234F1Z1,Pune,Central,Rahul Mehta,Ortho Distributors Pvt Ltd,S-1,Knee Prosthesis,Joint Replacement,Prosthesis,B2132-C,L87060,UDI-368064-B,SN109788,STERILE,2026/06/17,45735,4,BOX,"₹12,000.00","13,200.00",Arthroplasty,Cobalt Chrome,SpinePro,Ahmedabad WH,45825,Hold,TCS,Reorder,10,30,Yes,"Freight included; round-off applied, ref=""INV/1202""",Name variation retained,29f49d810b0615ca2f86b8e58ee6595f
INV/1202,VCH1202,Payment,2025-06-17,2025-08-16,2025-26,Partially Paid,NEFT,30,49728.0,49728.0,0.0,29CCCDD3456H1Z3,IGST,Karnataka,5328.0,0.07,₹,city medisurg pvt. ltd.,Multi-Specialty Hospital,Dr A. Sharma,Orthopedic Surgeon,SURG-001,24FGHIJ5678K1Z2,Surat,South-1,Rahul Mehta,Trauma Supplies,CENTRAL 1,Knee Prosthesis,Joint Replacement,Prosthesis,B7928-B,L78297,UDI-472304-C,SN154766,Non-Sterile,46365,19 Mar 2025,4,Box,12000.00,"13,200.00",Arthroplasty,Cobalt Chrome,OSM,Ahmedabad WH,2025/06/19,Hold,TCS,Reorder,10,5,No,"Dispatch against PO; follow-up due on next cycle
Export note retained as multiline remark",Mixed date style,7085a402a5396e967467307d1fe1017c
INV/1203,VCH1203,Payment,2025-04-16,2025-05-01,2025-26,Paid,Cheque,30,109150.0,109150.0,81862.5,24BBBCD2345G1Z2,CGST+SGST,Gujarat,16650.0,0%,INR,Spine and Joint Institute,Orthopedic Clinic,DR. MEERA IYER,Joint Replacement Surgeon,SURG-002,24FGHIJ5678K1Z2,Ahmedabad,South,Amit Verma,Ortho Distributors,S-1,Spinal Rod,Spinal Implant,Rod,B4247-A,L84927,UDI-757953-C,SN528188,Non-Sterile,03 Oct 2027,17-12-2024,5,BOX,18500.00,21275.00,Spine Stabilization,Titanium Alloy,OrthoFlex,Nagpur WH,2025/04/17,In Transit,Professional Couriers,Reserved,25,20,nan,Dispatch against PO; follow-up due on next cycle,Trailing space preserved,9373a0f05d27dae754ab7083e38bf4f1
inv/1203,VCH1203,Sales,2025-04-16,2025-06-15,2025-26,Adjusted,cash,45,52416.0,52416.0,52416.0,29CCCDD3456H1Z3,GST,Gujarat,5616.0,0.03,INR,city medisurg pvt. ltd.,Multi-Specialty Hospital,Dr. Anil Sharma,Orthopedic Surgeon,SURG-001,27ABCDE1234F1Z1,Surat,South,A. Verma,Trauma Supplies,WEST 1,External Fixator,Trauma Fixation,Fixator,B5740-A,L89689,UDI-491866-B,SN750475,STERILE,46303,2025/02/15,4,Box,"12,000.00","13,800.00",Trauma Stabilization,Aluminium,TraumaFix,Pune Main,45764,Partially Delivered,Delhivery,In Stock,20,15,Pending,"Dispatch against PO; follow-up due on next cycle, ref=""INV/1203""",Alias master matched,bcc74bb5e8c697925ebc1e1199ca5ed2
INV/1204,VCH1204,Purchase,2026-02-12,2026-02-27,2025-26,Pending,NEFT,30,21240.0,21240.0,15930.0,24BBBCD2345G1Z2,IGST,Karnataka,3240.0,0 %,INR,Apex Hospital,Multi-Specialty Hospital,DR A. SHARMA,Orthopedic Surgeon,SURG-001,27ABCDE1234F1Z1,Thane,South,Rahul Mehta,Ortho Distributors Pvt Ltd,South-1,External Fixator,Trauma Fixation,Fixator,B9308-A,L95202,UDI-418471-B,SN283696,Sterile,2028/07/31,2026/01/13,4,pcs,"4,500.00","₹4,950.00",Trauma Stabilization,Aluminium,OrthoFlex,Ahmedabad WH,2026/02/13,Delivered,TCS,In Stock,5,30,nan,"Exported from Tally	with master alias, ref=""INV/1204""",Mixed date style,ba5c58a4181051c14311f0d0f141825c
INV/1204,VCH1204,Sales,2026-02-12,2026-02-27,2025-26,Paid,NEFT,45,118125.0,118125.0,0.0,27AAACT1234F1Z5,GST,Karnataka,5625.0,0.10,₹,ORTHO CARE CENTRE,Orthopedic Clinic,DR. ANIL SHARMA,Orthopedic Surgeon,SURG-001,24FGHIJ5678K1Z2,Pune,South-1,A. Verma,Trauma Supplies LLP,S-1,Spinal Rod,Spinal Implant,Rod,B9237-A,L10521,UDI-629878-A,SN632339,Sterile,02 Feb 2028,15 Oct 2025,5 PCS,PCS,"₹25,000.00","₹28,750.00",Spine Stabilization,Titanium Alloy,TraumaFix,Mumbai WH,2026/02/13,Partially Delivered,Professional Couriers,Low Stock,20,15,nan,Exported from Tally	with master alias,Alias master matched,e8f4d2b4405576eb09fd3b6108d6e343
INV/1204,VCH1204,Receipt,2026-02-12,2026-04-13,2025-26,Adjusted,UPI,45,86184.0,86184.0,64638.0,24BBBCD2345G1Z2,GST,Maharashtra,9234.0,5,INR,ORTHO CARE CENTER,Orthopedic Clinic,dr meera iyer,Joint Replacement Surgeon,SURG-002,24FGHIJ5678K1Z2,Pune,Central 1,Rahul Mehta,ORTHO DISTRIBUTORS,Central-1,Bone Drill Set,Surgical Instrument,Instrument,B7558-C,L68143,UDI-723208-B,SN855250,Sterile,06-08-2027,2026/01/13,12,Box,6750,"₹7,762.50",Surgical Prep,Steel,OrthoFlex,Mumbai WH,15-02-2026,Hold,Delhivery,In Stock,10,0,Yes,"Invoice for orthopedic implants, includes ""plate, screw"" bundle",Unicode NBSP present,c49babab0683fff4f73d29f533ba9972
INV/1204,VCH1204,Sales,2026-02-12,2026-03-14,2025-26,Paid,NEFT,15,121406.25,121406.25,0.0,27AAACT1234F1Z5,GST,Gujarat,5781.25,7.5 %,₹,City Medisurg,Multi-Specialty Hospital,dr nisha patel,Orthopedic Surgeon,SURG-005,29LMNOP9012Q1Z3,Surat,West-1,Amit Verma,ORTHO DISTRIBUTORS,South-1,Knee Prosthesis,Joint Replacement,Prosthesis,B1041-B,L63166,UDI-771716-A,SN707445,Sterile,31 Jul 2028,14 Dec 2025,5 PCS,Pieces,25000,"₹27,500.00",Arthroplasty,Cobalt Chrome,SpinePro,Nagpur WH,12-02-2026,In Transit,TCS,In Stock,10,0,Pending,"Invoice for orthopedic implants, includes ""plate, screw"" bundle",Trailing space preserved,e6b6900429af704a491123f38061f9b9
INV/1205,VCH1205,Sales,2024-08-18,2024-09-02,2024-25,Pending,NEFT,30,29470.5,29470.5,0.0,27AAACT1234F1Z5,GST,Gujarat,4495.5,7.5,Rs.,Trauma One Pvt Ltd,Trauma Center,Dr. P. Nair,Spine Surgeon,SURG-004,24FGHIJ5678K1Z2,Nagpur,West,Rahul Mehta,Trauma Supplies LLP,CENTRAL 1,Cancellous Screw,Orthopedic Implant,Screw,B1910-A,L69080,UDI-126817-A,SN708076,Non-Sterile,08 Aug 2026,19 Jul 2024,4,pcs,6750.00,8100.00,Fracture Fixation,Stainless Steel,JointMax,Nagpur WH,2024/08/20,In Transit,Professional Couriers,In Stock,20,20,No,"Credit note adjustment for return batch, ref=""INV/1205""	tabbed-remark",Mixed date style,6dced81aebd9a9e3b17b6d7f23f5545a
INV/1205,VCH1205,Payment,2024-08-18,2024-10-02,2024-25,Paid,Cash,45,10920.0,10920.0,10920.0,24BBBCD2345G1Z2,IGST,Maharashtra,1170.0,0.03,INR,Apex Hospital Ltd.,Multi-Specialty Hospital,DR A. SHARMA,Orthopedic Surgeon,SURG-001,27ABCDE1234F1Z1,Mumbai,South-1,Rahul Mehta,Trauma Supplies,South-1,Locking Plate,Orthopedic Implant,Plate,B9884-C,L68675,UDI-897266-A,SN358896,Sterile,09 Feb 2026,45432,8,BOX,1250.00,"1,500.00",Open Reduction,Titanium,SpinePro,Mumbai WH-2,18 Aug 2024,Hold,Professional Couriers,In Stock,10,8,No,Credit note adjustment for return batch,Unicode NBSP present,538116b48a7735ad7bad76ff74d0db18
INV/1205,VCH1205,Sales,2024-08-18,2024-10-02,2024-25,Partially Paid,NEFT,60,2428.12,2428.12,2428.12,24BBBCD2345G1Z2,CGST/SGST,Maharashtra,115.62,7.5%,INR,Trauma One Pvt Ltd,Trauma Center,dr meera iyer,Joint Replacement Surgeon,SURG-002,27ABCDE1234F1Z1,Nagpur,Central 1,A. Verma,ORTHO DISTRIBUTORS,South-1,External Fixator,Trauma Fixation,Fixator,B8410-B,L19368,UDI-969487-B,SN525713,Sterile,45887,20-05-2024,2 PCS,Box,"₹1,250.00",1375,Trauma Stabilization,Aluminium,OrthoFlex,Mumbai WH-2,45522,Delivered,TCS,Reorder,10,8,Pending,"Revised invoice after doctor change,
please verify branch mapping",Text numeric field,1fd4dc04c55bd4884090792bc915d61e
INV/1206,VCH1206,Purchase,2025-01-14,2025-03-15,2024-25,Paid,NEFT,60,8043.84,8043.84,8043.84,27AAACT1234F1Z5,GST,Karnataka,861.84,0.05,INR,Spine & Joint Institute,Orthopedic Clinic,Dr. R. Kulkarni,Trauma Surgeon,SURG-003,29LMNOP9012Q1Z3,Ahmedabad,Central 1,S. Joshi,Trauma Supplies LLP,CENTRAL 1,Bone Drill Set,Surgical Instrument,Instrument,B1795-C,L24745,UDI-855290-B,SN786497,Sterile,2027/01/04,45611,4,Box,"₹1,890.00",2173.50,Surgical Prep,Steel,TraumaFix,Mumbai WH-2,45673,Delivered,Professional Couriers,Reorder,5,3,No,Credit note adjustment for return batch	tabbed-remark,Trailing space preserved,d51d2f535cba316b5963fc7ded0d0b40
INV/1206,VCH1206,Sales,2025-01-14,2025-02-28,2024-25,Partially Paid,cash,45,7190.62,7190.62,7190.62,27AAACT1234F1Z5,GST,Gujarat,1096.88,0.03,₹,spine & joint institute,Orthopedic Clinic,DR RAJESH KULKARNI,Trauma Surgeon,SURG-003,27ABCDE1234F1Z1,Ahmedabad,WEST 1,Rahul Mehta,ORTHO DISTRIBUTORS,WEST 1,External Fixator,Trauma Fixation,Fixator,B8708-C,L93619,UDI-180877-B,SN453625,STERILE,08-07-2026,15-11-2024,5,pcs,"1,250.00","₹1,500.00",Trauma Stabilization,Aluminium,SpinePro,Nagpur WH,45674,In Transit,DTDC,In Stock,5,15,Yes,Exported from Tally	with master alias,Text numeric field,0e64387a2a5bf3477c7fa2d67bb541c3
INV/1206,VCH1206,Purchase,2025-01-14,2025-02-13,2024-25,Partially Paid,UPI,60,4838.4,4838.4,4838.4,29CCCDD3456H1Z3,IGST,Karnataka,518.4,0.10,INR,ORTHO CARE CENTRE,Orthopedic Clinic,Dr A. Sharma,Orthopedic Surgeon,SURG-001,27ABCDE1234F1Z1,Pune,South-1,Sneha Joshi,Trauma Supplies LLP,W1,External Fixator,Trauma Fixation,Fixator,B2055-C,L90336,UDI-458325-B,SN391718,Non-Sterile,46036,2024/11/15,2 PCS,pcs,"2,400.00","2,880.00",Trauma Stabilization,Aluminium,TraumaFix,Pune Main,45672,Hold,Delhivery,Reorder,5,3,Yes,Freight included; round-off applied,Trailing space preserved,24509315a0001c5923e4b010f995032d
INV/1206,VCH1206,Sales Return,2025-01-14,2025-02-28,2024-25,Adjusted,Bank Transfer,60,170274.0,170274.0,127705.5,24BBBCD2345G1Z2,CGST/SGST,Karnataka,25974.0,2.5,INR,APEX HOSPITAL,Multi-Specialty Hospital,DR RAJESH KULKARNI,Trauma Surgeon,SURG-003,27ABCDE1234F1Z1,Thane,Central,Rahul Mehta,Trauma Supplies,S-1,Locking Plate,Orthopedic Implant,Plate,B8198-A,L78244,UDI-278256-B,SN670818,Sterile,08-07-2026,16 Oct 2024,8,Box,"18,500.00",21275,Open Reduction,Titanium,BoneLock,Mumbai WH-2,17 Jan 2025,Delivered,Blue Dart,In Stock,25,30,nan,"Revised invoice after doctor change,
please verify branch mapping",Unicode NBSP present,024a0cc8433280daebd515aaa797924f
INV/1207,VCH1207,Purchase,2024-12-02,2024-12-17,2024-25,Adjusted,cash,60,4725.0,4725.0,0.0,29CCCDD3456H1Z3,IGST,Gujarat,225.0,0%,₹,City Medisurg Pvt. Ltd.,Multi-Specialty Hospital,Dr Meera Iyer,Joint Replacement Surgeon,SURG-002,24FGHIJ5678K1Z2,Surat,WEST 1,S. Joshi,Ortho Distributors Pvt Ltd,W1,Bone Drill Set,Surgical Instrument,Instrument,B8433-C,L59592,UDI-659333-C,SN447383,Sterile,46168,45508,1,pcs,4500.00,5400,Surgical Prep,Steel,OrthoFlex,Nagpur WH,45631,Delivered,DTDC,Reorder,20,0,No,Credit note adjustment for return batch,Unicode NBSP present,96488461e82b37731aad69bf79918129
inv/1207,VCH1207,Sales,2024-12-02,2025-01-16,2024-25,Adjusted,UPI,45,265500.0,265500.0,265500.0,27AAACT1234F1Z5,CGST/SGST,Karnataka,40500.0,10 %,₹,APEX HOSPITAL,Multi-Specialty Hospital,DR. P. NAIR,Spine Surgeon,SURG-004,24FGHIJ5678K1Z2,Mumbai,West-1,R. Mehta,Trauma Supplies,Central-1,Knee Prosthesis,Joint Replacement,Prosthesis,B5165-A,L70413,UDI-304516-B,SN379001,Sterile,2026/05/26,03-10-2024,10,PCS,"25,000.00",28750,Arthroplasty,Cobalt Chrome,OSM,Nagpur WH,05 Dec 2024,Delivered,Blue Dart,Reserved,10,3,nan,Exported from Tally	with master alias	tabbed-remark,Trailing space preserved,35a66e52e61f5204f4283680ad3cd137
INV/1207,VCH1207,Purchase,2024-12-02,2024-12-17,2024-25,Adjusted,Cheque,30,21186.9,21186.9,15890.18,27AAACT1234F1Z5,CGST/SGST,Maharashtra,3231.9,5%,Rs.,APEX HOSPITAL,Multi-Specialty Hospital,Dr. Meera Iyer,Joint Replacement Surgeon,SURG-002,27ABCDE1234F1Z1,Mumbai,Central 1,Amit Verma,Trauma Supplies,WEST 1,External Fixator,Trauma Fixation,Fixator,B1934-B,L39880,UDI-147696-B,SN896124,Sterile,02-12-2025,2024/10/03,10,pcs,"1,890.00","₹2,268.00",Trauma Stabilization,Aluminium,TraumaFix,Ahmedabad WH,04-12-2024,In Transit,Professional Couriers,Low Stock,10,3,Yes,Exported from Tally	with master alias,Name variation retained,7b4370de4d7bbc931f87582fbcca41e0
INV/1208,VCH1208,Sales,2024-04-27,2024-05-12,2024-25,Paid,RTGS,30,75757.5,75757.5,0.0,27AAACT1234F1Z5,CGST+SGST,Karnataka,3607.5,2.5,INR,City Medisurg Pvt. Ltd.,Multi-Specialty Hospital,Dr. R. Kulkarni,Trauma Surgeon,SURG-003,29LMNOP9012Q1Z3,Surat,West,R. Mehta,Trauma Supplies,W1,Locking Plate,Orthopedic Implant,Plate,B8999-A,L23732,UDI-231341-A,SN589291,STERILE,2026/04/17,2024/03/28,4,PCS,"₹18,500.00",21275,Open Reduction,Titanium,JointMax,Mumbai WH-2,29 Apr 2024,Partially Delivered,Delhivery,In Stock,10,3,nan,Credit note adjustment for return batch,Text numeric field,bf61a8c5c773204bddce3b0d3dd6ddfd
INV/1208,VCH1208,Sales,2024-04-27,2024-05-27,2024-25,Adjusted,Cheque,30,6993.0,6993.0,3496.5,29CCCDD3456H1Z3,IGST,Gujarat,749.25,0.07,₹,trauma one pvt ltd,Trauma Center,Dr. P. Nair,Spine Surgeon,SURG-004,27ABCDE1234F1Z1,Nagpur,Central,A. Verma,Trauma Supplies LLP,WEST 1,Bone Drill Set,Surgical Instrument,Instrument,B5047-B,L25331,UDI-104977-B,SN326434,Non-Sterile,27 Apr 2025,2024/03/28,1,BOX,6750.00,8100,Surgical Prep,Steel,OSM,Nagpur WH,27 Apr 2024,Hold,Blue Dart,Reserved,5,3,Yes,Dispatch against PO; follow-up due on next cycle,Mixed date style,1d026d33f7452bbca4edea1a785f8b68
INV/1208,VCH1208,Sales,2024-04-27,2024-06-26,2024-25,Adjusted,cash,30,110448.0,110448.0,55224.0,27AAACT1234F1Z5,GST,Karnataka,16848.0,0.03,INR,city medisurg,Multi-Specialty Hospital,Dr Rajesh Kulkarni,Trauma Surgeon,SURG-003,24FGHIJ5678K1Z2,Surat,Central 1,R. Mehta,Trauma Supplies,West-1,Cancellous Screw,Orthopedic Implant,Screw,B8459-B,L45695,UDI-612580-C,SN419375,Sterile,2025/10/19,45319,8,BOX,12000,"₹13,800.00",Fracture Fixation,Stainless Steel,OrthoFlex,Mumbai WH,27 Apr 2024,Partially Delivered,Delhivery,Reserved,20,30,nan,Credit note adjustment for return batch,Unicode NBSP present,91d082cacf7ed51492f38b811c3413a4
INV/1208,VCH1208,Sales,2024-04-27,2024-05-27,2024-25,Adjusted,Cheque,45,34551.56,34551.56,25913.67,29CCCDD3456H1Z3,CGST/SGST,Gujarat,1645.31,2.5%,Rs.,Apex Hospital Ltd.,Multi-Specialty Hospital,dr p nair,Spine Surgeon,SURG-004,29LMNOP9012Q1Z3,Mumbai,WEST 1,Rahul Mehta,Ortho Distributors Pvt Ltd,S-1,Spinal Rod,Spinal Implant,Rod,B1525-B,L80520,UDI-423174-A,SN224481,Non-Sterile,14-10-2026,45289,5,Pieces,6750.00,7762.50,Spine Stabilization,Titanium Alloy,SpinePro,Ahmedabad WH,27 Apr 2024,Delivered,Blue Dart,In Stock,25,8,No,Exported from Tally	with master alias,Alias master matched,ccc8370a4bef8d208e5e4c608c9aa527
INV/1209,VCH1209,Receipt,2024-10-26,2024-11-10,2024-25,Pending,UPI,45,143745.0,143745.0,107808.75,24BBBCD2345G1Z2,GST,Maharashtra,6845.0,7.5%,INR,Spine And Joint Institute,Orthopedic Clinic,dr rajesh kulkarni,Trauma Surgeon,SURG-003,29LMNOP9012Q1Z3,Ahmedabad,West,A. Verma,Ortho Distributors Pvt Ltd,West-1,Spinal Rod,Spinal Implant,Rod,B3441-A,L26126,UDI-487544-B,SN147328,STERILE,16 Oct 2026,45501,8,PCS,"₹18,500.00","₹20,350.00",Spine Stabilization,Titanium Alloy,BoneLock,Pune Main,2024/10/29,Partially Delivered,Delhivery,In Stock,20,5,Pending,Dispatch against PO; follow-up due on next cycle,Unicode NBSP present,16bbf3933e9c3972ca4ecd2fa2081590
INV/1209,VCH1209,Payment,2024-10-26,2024-11-25,2024-25,Paid,cash,15,318600.0,318600.0,0.0,27AAACT1234F1Z5,IGST,Maharashtra,48600.0,10%,INR,spine & joint institute,Orthopedic Clinic,dr rajesh kulkarni,Trauma Surgeon,SURG-003,27ABCDE1234F1Z1,Ahmedabad,Central,A. Verma,Ortho Distributors,Central-1,External Fixator,Trauma Fixation,Fixator,B4195-C,L62599,UDI-226219-C,SN439542,Sterile,26-10-2025,2024/09/26,12,PCS,25000.00,28750,Trauma Stabilization,Aluminium,BoneLock,Mumbai WH-2,29 Oct 2024,In Transit,Delhivery,In Stock,25,8,Pending,"Approved by store; udi matched, ref=""INV/1209""",Unicode NBSP present,a603a40c5052ee57defb109dbef221d8
INV/1210,VCH1210,Purchase,2024-11-05,2024-11-20,2024-25,Adjusted,Bank Transfer,60,57525.0,57525.0,0.0,27AAACT1234F1Z5,CGST+SGST,Maharashtra,8775.0,2.5%,INR,Apex Hospital,Multi-Specialty Hospital,Dr. P. Nair,Spine Surgeon,SURG-004,24FGHIJ5678K1Z2,Mumbai,Central 1,Amit Verma,ORTHO DISTRIBUTORS,WEST 1,Spinal Rod,Spinal Implant,Rod,B4803-C,L18748,UDI-358552-A,SN515515,Non-Sterile,05 Nov 2025,2024/09/06,2,Pieces,25000.00,30000,Spine Stabilization,Titanium Alloy,JointMax,Ahmedabad WH,07 Nov 2024,Delivered,Delhivery,Reorder,5,30,Yes,Freight included; round-off applied	tabbed-remark,Trailing space preserved,6b7d3e458376444d4804cfece3a9a19d
INV/1210,VCH1210,Sales Return,2024-11-05,2025-01-04,2024-25,Partially Paid,RTGS,45,19166.0,19166.0,14374.5,29CCCDD3456H1Z3,IGST,Maharashtra,2053.5,0.07,₹,Apex Hospital,Multi-Specialty Hospital,Dr. Meera Iyer,Joint Replacement Surgeon,SURG-002,27ABCDE1234F1Z1,Thane,West-1,Rahul Mehta,Ortho Distributors,Central-1,Bone Drill Set,Surgical Instrument,Instrument,B3730-C,L66929,UDI-332002-B,SN334528,Sterile,05-11-2025,45511,1 PCS,PCS,18500,"₹21,275.00",Surgical Prep,Steel,SpinePro,Pune Main,2024/11/07,In Transit,Delhivery,Reserved,5,15,Yes,"Approved by store; udi matched, ref=""INV/1210""",Text numeric field,25bdd2948e8a142ae2a9a63cba101df8
INV/1210,VCH1210,Sales Return,2024-11-05,2024-12-05,2024-25,Adjusted,Cheque,15,80797.5,80797.5,60598.12,27AAACT1234F1Z5,IGST,Karnataka,3847.5,5 %,INR,Trauma One Pvt Ltd,Trauma Center,dr. nisha patel,Orthopedic Surgeon,SURG-005,27ABCDE1234F1Z1,Nagpur,South,Rahul Mehta,Ortho Distributors Pvt Ltd,WEST 1,Knee Prosthesis,Joint Replacement,Prosthesis,B6666-A,L57999,UDI-779642-A,SN450985,Sterile,29-04-2026,45481,12 PCS,PCS,6750.00,7762.50,Arthroplasty,Cobalt Chrome,SpinePro,Nagpur WH,2024/11/07,Delivered,TCS,In Stock,10,3,Pending,Freight included; round-off applied,Alias master matched,cc5bbf642e88d54ac7bb772135c1eb39
INV/1211,VCH1211,Receipt,2024-08-23,2024-09-07,2024-25,Paid,Cash,15,1984.5,1984.5,1488.38,27AAACT1234F1Z5,GST,Maharashtra,94.5,0,INR,City Medisurg Pvt. Ltd.,Multi-Specialty Hospital,DR. R. KULKARNI,Trauma Surgeon,SURG-003,29LMNOP9012Q1Z3,Surat,South,A. Verma,Trauma Supplies LLP,CENTRAL 1,Knee Prosthesis,Joint Replacement,Prosthesis,B5091-A,L11861,UDI-640358-A,SN611215,Sterile,45892,2024/04/25,1 PCS,Box,1890,2173.5,Arthroplasty,Cobalt Chrome,OSM,Nagpur WH,45528,Delivered,Professional Couriers,Low Stock,25,0,Pending,"Invoice for orthopedic implants, includes ""plate, screw"" bundle",Alias master matched,bcc19f7f3165ada1b09de28bbfaee379
INV/1211,VCH1211,Receipt,2024-08-23,2024-09-22,2024-25,Partially Paid,Bank Transfer,60,76664.0,76664.0,0.0,24BBBCD2345G1Z2,IGST,Maharashtra,8214.0,0.07,INR,Apex Hospital,Multi-Specialty Hospital,Dr A. Sharma,Orthopedic Surgeon,SURG-001,24FGHIJ5678K1Z2,Thane,South,S. Joshi,Ortho Distributors Pvt Ltd,CENTRAL 1,Cancellous Screw,Orthopedic Implant,Screw,B6259-C,L19810,UDI-713194-C,SN859568,STERILE,13-08-2026,45467,4 PCS,pcs,18500,22200,Fracture Fixation,Stainless Steel,SpinePro,Nagpur WH,23-08-2024,Hold,Professional Couriers,Reserved,20,5,Yes,"Invoice for orthopedic implants, includes ""plate, screw"" bundle",Text numeric field,97022130e6b07f7567c9b0e3047a4a8a
INV/1211,VCH1211,Sales Return,2024-08-23,2024-09-22,2024-25,Adjusted,Bank Transfer,30,24570.0,24570.0,12285.0,24BBBCD2345G1Z2,GST,Maharashtra,1170.0,2.5,INR,Apex Hospital,Multi-Specialty Hospital,dr. nisha patel,Orthopedic Surgeon,SURG-005,29LMNOP9012Q1Z3,Mumbai,West-1,Rahul Mehta,Ortho Distributors Pvt Ltd,South-1,Knee Prosthesis,Joint Replacement,Prosthesis,B9914-B,L25541,UDI-613810-B,SN436168,Non-Sterile,14-02-2026,25-04-2024,2,Box,12000,14400.00,Arthroplasty,Cobalt Chrome,BoneLock,Mumbai WH,2024/08/23,Hold,Blue Dart,Reorder,5,30,Yes,Freight included; round-off applied,Name variation retained,de69ef222a865d49c6f6dddc32aca630
inv/1212,VCH1212,Sales,2024-09-26,2024-11-10,2024-25,Partially Paid,Cheque,60,4779.0,4779.0,4779.0,27AAACT1234F1Z5,CGST/SGST,Maharashtra,729.0,10,INR,trauma one,Trauma Center,Dr Meera Iyer,Joint Replacement Surgeon,SURG-002,24FGHIJ5678K1Z2,Nagpur,Central 1,Amit Verma,Ortho Distributors Pvt Ltd,South-1,Spinal Rod,Spinal Implant,Rod,B1290-A,L60669,UDI-691426-B,SN480480,Sterile,2025/09/26,29-05-2024,1,Box,4500.00,"4,950.00",Spine Stabilization,Titanium Alloy,TraumaFix,Ahmedabad WH,28 Sep 2024,Delivered,Delhivery,In Stock,20,0,No,Approved by store; udi matched,Unicode NBSP present,e5db016cd29946f0fbbff6e9db1220e2
INV/1212,VCH1212,Purchase,2024-09-26,2024-11-25,2024-25,Adjusted,NEFT,15,19647.0,19647.0,9823.5,27AAACT1234F1Z5,GST,Karnataka,2997.0,7.5%,Rs.,Spine and Joint Institute,Orthopedic Clinic,Dr Meera Iyer,Joint Replacement Surgeon,SURG-002,24FGHIJ5678K1Z2,Ahmedabad,West-1,Rahul Mehta,Trauma Supplies,WEST 1,External Fixator,Trauma Fixation,Fixator,B3124-A,L44560,UDI-322028-C,SN336953,Non-Sterile,15-03-2027,27 Aug 2024,4 PCS,pcs,"₹4,500.00",4950.00,Trauma Stabilization,Aluminium,TraumaFix,Pune Main,26 Sep 2024,Delivered,DTDC,Low Stock,5,30,Yes,Credit note adjustment for return batch,Trailing space preserved,9a6cc02d60858a4e229832cfa515485c
INV/1212,VCH1212,Purchase,2024-09-26,2024-11-10,2024-25,Partially Paid,RTGS,30,20178.0,20178.0,20178.0,24BBBCD2345G1Z2,IGST,Gujarat,3078.0,5 %,₹,City Medisurg Pvt. Ltd.,Multi-Specialty Hospital,Dr. R. Kulkarni,Trauma Surgeon,SURG-003,27ABCDE1234F1Z1,Surat,WEST 1,Amit Verma,Ortho Distributors Pvt Ltd,WEST 1,Knee Prosthesis,Joint Replacement,Prosthesis,B7876-C,L97184,UDI-425568-B,SN185158,STERILE,26 Sep 2025,29 May 2024,4,BOX,4500,5400.00,Arthroplasty,Cobalt Chrome,JointMax,Pune WH,29 Sep 2024,Delivered,Delhivery,Low Stock,10,15,Yes,"Invoice for orthopedic implants, includes ""plate, screw"" bundle, ref=""INV/1212""",Text numeric field,d5fd0a371395bf7494cc8a67dc7f8369
INV/1212,VCH1212,Sales,2024-09-26,2024-11-25,2024-25,Pending,Cash,30,109150.0,109150.0,109150.0,24BBBCD2345G1Z2,CGST/SGST,Maharashtra,16650.0,0.07,INR,City Medisurg,Multi-Specialty Hospital,DR. P. NAIR,Spine Surgeon,SURG-004,24FGHIJ5678K1Z2,Surat,Central,Sneha Joshi,Trauma Supplies,W1,Spinal Rod,Spinal Implant,Rod,B6238-A,L52180,UDI-160511-B,SN291055,Sterile,45926,2024/07/28,4,BOX,"₹25,000.00",30000.00,Spine Stabilization,Titanium Alloy,TraumaFix,Pune WH,45562,In Transit,Professional Couriers,In Stock,5,8,nan,Exported from Tally	with master alias,Trailing space preserved,ffddcdf12b8b0f724d92bf3b10ecc2c7
INV/1213,VCH1213,Sales Return,2024-08-06,2024-09-20,2024-25,Adjusted,RTGS,45,8977.5,8977.5,8977.5,29CCCDD3456H1Z3,CGST+SGST,Gujarat,427.5,0.05,INR,apex hospital,Multi-Specialty Hospital,dr rajesh kulkarni,Trauma Surgeon,SURG-003,24FGHIJ5678K1Z2,Thane,South,Sneha Joshi,ORTHO DISTRIBUTORS,WEST 1,Locking Plate,Orthopedic Implant,Plate,B1787-A,L97243,UDI-657876-B,SN438344,Non-Sterile,2027/01/23,45390,2,PCS,"₹4,500.00",5400,Open Reduction,Titanium,OSM,Nagpur WH,07 Aug 2024,Delivered,Delhivery,In Stock,5,3,Yes,Dispatch against PO; follow-up due on next cycle,Name variation retained,e9a88a0861776ff74cb5e360fc478b1d
inv/1213,VCH1213,Sales Return,2024-08-06,2024-10-05,2024-25,Pending,Bank Transfer,30,65520.0,65520.0,0.0,27AAACT1234F1Z5,CGST/SGST,Karnataka,7020.0,2.5 %,INR,APEX HOSPITAL,Multi-Specialty Hospital,Dr Rajesh Kulkarni,Trauma Surgeon,SURG-003,24FGHIJ5678K1Z2,Thane,West,Sneha Joshi,ORTHO DISTRIBUTORS,Central-1,Cancellous Screw,Orthopedic Implant,Screw,B7324-B,L64420,UDI-411987-B,SN981996,Sterile,28-01-2026,2024/04/08,5,PCS,"12,000.00",14400.00,Fracture Fixation,Stainless Steel,OrthoFlex,Ahmedabad WH,45513,Hold,Blue Dart,Low Stock,5,8,nan,"Invoice for orthopedic implants, includes ""plate, screw"" bundle, ref=""INV/1213""",Unicode NBSP present,86570cb232dd62b415a1b0d114b968ad
INV/1213,VCH1213,Sales,2024-08-06,2024-08-21,2024-25,Adjusted,RTGS,15,224000.0,224000.0,0.0,24BBBCD2345G1Z2,IGST,Gujarat,24000.0,0.00,Rs.,Ortho Care Center,Orthopedic Clinic,DR. ANIL SHARMA,Orthopedic Surgeon,SURG-001,27ABCDE1234F1Z1,Pune,South,Rahul Mehta,Trauma Supplies,W1,Knee Prosthesis,Joint Replacement,Prosthesis,B7431-B,L70399,UDI-708955-C,SN670556,Sterile,2026/07/27,2024/06/07,8,BOX,25000,"28,750.00",Arthroplasty,Cobalt Chrome,BoneLock,Pune WH,2024/08/06,Delivered,TCS,Reserved,20,8,Yes,Credit note adjustment for return batch	tabbed-remark,Alias master matched,6c0c466a802c0d788fec4d1abb9fb140
INV/1213,VCH1213,Sales,2024-08-06,2024-09-20,2024-25,Adjusted,Bank Transfer,45,3810.24,3810.24,2857.68,27AAACT1234F1Z5,GST,Maharashtra,408.24,10%,₹,spine & joint institute,Orthopedic Clinic,DR A. SHARMA,Orthopedic Surgeon,SURG-001,24FGHIJ5678K1Z2,Ahmedabad,South-1,R. Mehta,Trauma Supplies,S-1,Bone Drill Set,Surgical Instrument,Instrument,B6294-C,L74257,UDI-235943-C,SN673356,Sterile,23-01-2027,08-05-2024,2,PCS,"1,890.00",2079.00,Surgical Prep,Steel,SpinePro,Pune WH,45510,Delivered,Blue Dart,Reorder,5,0,Yes,"Revised invoice after doctor change,
please verify branch mapping",Name variation retained,41e51690abeea410c15ae1b3e10978c9
INV/1214,VCH1214,Payment,2025-10-16,2025-12-15,2025-26,Paid,Cheque,30,10080.0,10080.0,7560.0,27AAACT1234F1Z5,CGST/SGST,Karnataka,1080.0,10%,₹,CITY MEDISURG PVT. LTD.,Multi-Specialty Hospital,dr. anil sharma,Orthopedic Surgeon,SURG-001,29LMNOP9012Q1Z3,Surat,West,Rahul Mehta,ORTHO DISTRIBUTORS,W1,External Fixator,Trauma Fixation,Fixator,B7888-B,L87927,UDI-772923-C,SN813485,Sterile,46311,18 Jul 2025,8,BOX,"1,250.00",1437.50,Trauma Stabilization,Aluminium,TraumaFix,Mumbai WH-2,18 Oct 2025,Delivered,Delhivery,In Stock,5,5,nan,Approved by store; udi matched,Unicode NBSP present,c0d4b58fbeea197289db2ccd2d04c7eb
INV/1214,VCH1214,Sales,2025-10-16,2025-12-15,2025-26,Paid,cash,30,38829.38,38829.38,19414.69,24BBBCD2345G1Z2,CGST/SGST,Gujarat,5923.12,0.03,Rs.,apex hospital,Multi-Specialty Hospital,DR. MEERA IYER,Joint Replacement Surgeon,SURG-002,29LMNOP9012Q1Z3,Mumbai,WEST 1,R. Mehta,Trauma Supplies LLP,West-1,Cancellous Screw,Orthopedic Implant,Screw,B8834-C,L83881,UDI-236906-B,SN127704,STERILE,06 Oct 2027,2025/07/18,5,BOX,"6,750.00",7762.50,Fracture Fixation,Stainless Steel,OrthoFlex,Nagpur WH,2025/10/17,Delivered,Delhivery,Reorder,5,3,Pending,Approved by store; udi matched,Unicode NBSP present,7b569dc6ec6be6999c16493181845f26
INV/1214,VCH1214,Receipt,2025-10-16,2025-12-15,2025-26,Paid,cash,15,30267.0,30267.0,0.0,27AAACT1234F1Z5,GST,Gujarat,4617.0,5,₹,Apex Hospital Ltd.,Multi-Specialty Hospital,Dr Nisha Patel,Orthopedic Surgeon,SURG-005,24FGHIJ5678K1Z2,Mumbai,WEST 1,Sneha Joshi,ORTHO DISTRIBUTORS,South-1,External Fixator,Trauma Fixation,Fixator,B3320-A,L76530,UDI-771308-A,SN183213,Sterile,09 Apr 2027,2025/06/18,4,Pieces,6750,"8,100.00",Trauma Stabilization,Aluminium,JointMax,Ahmedabad WH,16 Oct 2025,Partially Delivered,TCS,Low Stock,20,3,Pending,Freight included; round-off applied	tabbed-remark,Unicode NBSP present,f777103bba8256c3f2de262739dd1803
INV/1215,VCH1215,Sales,2025-01-23,2025-02-07,2024-25,Paid,NEFT,30,8505.0,8505.0,0.0,27AAACT1234F1Z5,IGST,Karnataka,405.0,0.10,INR,APEX HOSPITAL,Multi-Specialty Hospital,dr p nair,Spine Surgeon,SURG-004,29LMNOP9012Q1Z3,Thane,WEST 1,Amit Verma,Trauma Supplies LLP,S-1,Locking Plate,Orthopedic Implant,Plate,B3562-C,L34366,UDI-698025-B,SN949925,Sterile,17 Jul 2026,25 Oct 2024,2,PCS,"₹4,500.00","₹4,950.00",Open Reduction,Titanium,JointMax,Ahmedabad WH,45683,Hold,DTDC,Reserved,20,5,No,Approved by store; udi matched,Alias master matched,347c9865b64b31576664503566a9f101
INV/1215,VCH1215,Receipt,2025-01-23,2025-02-07,2024-25,Partially Paid,RTGS,60,24192.0,24192.0,18144.0,29CCCDD3456H1Z3,IGST,Karnataka,2592.0,10,INR,City Medisurg Pvt. Ltd.,Multi-Specialty Hospital,Dr. Anil Sharma,Orthopedic Surgeon,SURG-001,24FGHIJ5678K1Z2,Surat,West-1,A. Verma,ORTHO DISTRIBUTORS,South-1,Knee Prosthesis,Joint Replacement,Prosthesis,B4892-A,L53590,UDI-462421-B,SN504552,Non-Sterile,12 Jul 2027,24 Dec 2024,10,Box,2400,2760.00,Arthroplasty,Cobalt Chrome,TraumaFix,Nagpur WH,2025/01/23,In Transit,Blue Dart,Reserved,20,0,No,"Invoice for orthopedic implants, includes ""plate, screw"" bundle",Unicode NBSP present,1af7835a3438d3ef3d2fc427576f4f44
INV/1215,VCH1215,Sales,2025-01-23,2025-03-24,2024-25,Pending,UPI,60,5040.0,5040.0,3780.0,24BBBCD2345G1Z2,CGST+SGST,Gujarat,540.0,0,INR,Spine & Joint Institute,Orthopedic Clinic,DR. ANIL SHARMA,Orthopedic Surgeon,SURG-001,24FGHIJ5678K1Z2,Ahmedabad,West-1,Rahul Mehta,Trauma Supplies,S-1,Spinal Rod,Spinal Implant,Rod,B3549-A,L47851,UDI-449804-A,SN571644,STERILE,23 Jan 2026,24-11-2024,1,Box,"₹4,500.00","5,400.00",Spine Stabilization,Titanium Alloy,OrthoFlex,Ahmedabad WH,45683,Delivered,Delhivery,In Stock,25,5,nan,Approved by store; udi matched,Unicode NBSP present,678f7d5238c6a018466fe9e6cd878e91
INV/1215,VCH1215,Payment,2025-01-23,2025-02-07,2024-25,Partially Paid,UPI,45,23940.0,23940.0,23940.0,24BBBCD2345G1Z2,CGST/SGST,Maharashtra,2565.0,5,INR,Trauma One,Trauma Center,dr nisha patel,Orthopedic Surgeon,SURG-005,24FGHIJ5678K1Z2,Nagpur,West,Rahul Mehta,Ortho Distributors,WEST 1,Spinal Rod,Spinal Implant,Rod,B9856-B,L52642,UDI-674748-A,SN127043,Sterile,12 Jul 2027,2024/09/25,5 PCS,Box,4500.00,5175,Spine Stabilization,Titanium Alloy,SpinePro,Nagpur WH,25-01-2025,Hold,Delhivery,Reserved,20,20,nan,Freight included; round-off applied,Unicode NBSP present,29fd18cb54e3e64f50b7f928b2182b2e
INV/1216,VCH1216,Sales Return,2025-04-27,2025-06-11,2025-26,Paid,Cheque,45,5320.0,5320.0,3990.0,24BBBCD2345G1Z2,GST,Maharashtra,570.0,5%,Rs.,Apex Hospital Ltd.,Multi-Specialty Hospital,Dr Meera Iyer,Joint Replacement Surgeon,SURG-002,29LMNOP9012Q1Z3,Mumbai,Central,Rahul Mehta,Ortho Distributors Pvt Ltd,S-1,Bone Drill Set,Surgical Instrument,Instrument,B1608-C,L60387,UDI-525866-C,SN753231,STERILE,27 Apr 2026,2025/03/28,4,Pieces,1250,"1,437.50",Surgical Prep,Steel,JointMax,Mumbai WH-2,27-04-2025,Delivered,Blue Dart,In Stock,25,20,No,Dispatch against PO; follow-up due on next cycle,Unicode NBSP present,b109b3dcc55cbeec33c7234c298ba8e0
INV/1216,VCH1216,Purchase,2025-04-27,2025-05-27,2025-26,Partially Paid,NEFT,45,16800.0,16800.0,8400.0,27AAACT1234F1Z5,GST,Maharashtra,1800.0,0,INR,Ortho Care Centre,Orthopedic Clinic,Dr Nisha Patel,Orthopedic Surgeon,SURG-005,24FGHIJ5678K1Z2,Pune,WEST 1,Rahul Mehta,Ortho Distributors Pvt Ltd,West-1,Locking Plate,Orthopedic Implant,Plate,B9224-B,L37624,UDI-153403-C,SN707701,STERILE,14 Oct 2027,27 Jan 2025,12,PCS,1250,"1,500.00",Open Reduction,Titanium,SpinePro,Pune Main,45774,In Transit,Professional Couriers,In Stock,25,8,Pending,Approved by store; udi matched,Text numeric field,072fec270ff5880d8354274349aa4b02
INV/1216,VCH1216,Payment,2025-04-27,2025-06-11,2025-26,Adjusted,Cash,45,100800.0,100800.0,0.0,24BBBCD2345G1Z2,CGST+SGST,Maharashtra,10800.0,0.10,INR,Apex Hospital,Multi-Specialty Hospital,Dr. Meera Iyer,Joint Replacement Surgeon,SURG-002,24FGHIJ5678K1Z2,Thane,Central,Rahul Mehta,Ortho Distributors Pvt Ltd,WEST 1,External Fixator,Trauma Fixation,Fixator,B7269-A,L44741,UDI-138611-B,SN280868,Non-Sterile,46139,2025/03/28,4,Pieces,25000.00,"28,750.00",Trauma Stabilization,Aluminium,SpinePro,Mumbai WH,29 Apr 2025,In Transit,DTDC,In Stock,25,5,Pending,Approved by store; udi matched,Trailing space preserved,49db83aecb7ad02ecf464379854bcc81
INV/1216,VCH1216,Purchase,2025-04-27,2025-06-26,2025-26,Paid,NEFT,30,291375.0,291375.0,145687.5,27AAACT1234F1Z5,GST,Maharashtra,13875.0,7.5 %,INR,Apex Hospital,Multi-Specialty Hospital,dr. r. kulkarni,Trauma Surgeon,SURG-003,24FGHIJ5678K1Z2,Thane,Central 1,S. Joshi,Trauma Supplies LLP,WEST 1,Cancellous Screw,Orthopedic Implant,Screw,B6333-B,L54759,UDI-300573-B,SN262447,Non-Sterile,17-04-2027,28 Mar 2025,12 PCS,BOX,"25,000.00",30000.00,Fracture Fixation,Stainless Steel,OSM,Ahmedabad WH,29-04-2025,Delivered,Delhivery,Low Stock,25,0,Yes,"Invoice for orthopedic implants, includes ""plate, screw"" bundle",Name variation retained,c65dba4f2c059192936d2681e5511e67
INV/1217,VCH1217,Purchase,2024-09-02,2024-09-17,2024-25,Partially Paid,Bank Transfer,30,2268.0,2268.0,2268.0,27AAACT1234F1Z5,IGST,Maharashtra,108.0,0.10,₹,ortho care centre,Orthopedic Clinic,Dr Meera Iyer,Joint Replacement Surgeon,SURG-002,29LMNOP9012Q1Z3,Pune,West-1,Amit Verma,Ortho Distributors Pvt Ltd,South-1,Spinal Rod,Spinal Implant,Rod,B6500-C,L76676,UDI-405576-B,SN744252,Sterile,19 Feb 2027,04 Jul 2024,1 PCS,PCS,"2,400.00",2760.00,Spine Stabilization,Titanium Alloy,JointMax,Pune WH,03 Sep 2024,In Transit,TCS,In Stock,10,0,Pending,Credit note adjustment for return batch,Trailing space preserved,fc079aff17fca476d7e7bc107ed1d63d
INV/1217,VCH1217,Sales,2024-09-02,2024-09-17,2024-25,Partially Paid,Cheque,15,50400.0,50400.0,50400.0,24BBBCD2345G1Z2,IGST,Maharashtra,5400.0,0.00,₹,Trauma One Pvt Ltd,Trauma Center,Dr A. Sharma,Orthopedic Surgeon,SURG-001,24FGHIJ5678K1Z2,Nagpur,West-1,A. Verma,Ortho Distributors,West-1,Bone Drill Set,Surgical Instrument,Instrument,B5580-C,L11485,UDI-210520-B,SN522381,STERILE,46257,45477,10 PCS,pcs,"4,500.00","5,400.00",Surgical Prep,Steel,OrthoFlex,Pune Main,04-09-2024,Delivered,DTDC,Reserved,20,0,No,"Invoice for orthopedic implants, includes ""plate, screw"" bundle	tabbed-remark",Text numeric field,ded158002fa41dadb37cee4d6c5f01d4
INV/1217,VCH1217,Sales,2024-09-02,2024-11-01,2024-25,Partially Paid,NEFT,30,37878.75,37878.75,28409.06,27AAACT1234F1Z5,CGST+SGST,Karnataka,1803.75,2.5,INR,ortho care center,Orthopedic Clinic,dr. p. nair,Spine Surgeon,SURG-004,27ABCDE1234F1Z1,Pune,West,R. Mehta,Ortho Distributors,CENTRAL 1,Locking Plate,Orthopedic Implant,Plate,B5736-A,L20143,UDI-168220-A,SN655080,Sterile,23-08-2026,04 Jul 2024,2,Pieces,18500,21275.00,Open Reduction,Titanium,SpinePro,Pune WH,45538,Delivered,DTDC,In Stock,20,30,No,Approved by store; udi matched,Trailing space preserved,1fd6bf5ad5ef185277bd67503bee3fab
INV/1217,VCH1217,Purchase,2024-09-02,2024-09-17,2024-25,Pending,Bank Transfer,45,2362.5,2362.5,1771.88,24BBBCD2345G1Z2,CGST/SGST,Karnataka,112.5,10%,INR,Ortho Care Centre,Orthopedic Clinic,Dr Nisha Patel,Orthopedic Surgeon,SURG-005,27ABCDE1234F1Z1,Pune,West-1,Amit Verma,Ortho Distributors Pvt Ltd,Central-1,Locking Plate,Orthopedic Implant,Plate,B9575-C,L80026,UDI-785010-B,SN753998,Sterile,24-02-2026,05-05-2024,2,Box,"1,250.00","₹1,375.00",Open Reduction,Titanium,JointMax,Nagpur WH,45539,Partially Delivered,TCS,Reserved,20,15,Yes,Approved by store; udi matched,Alias master matched,81689f87d773e6af7229cc169c3aaa3b
INV/1218,VCH1218,Sales Return,2024-12-31,2025-03-01,2024-25,Paid,RTGS,45,12768.0,12768.0,12768.0,27AAACT1234F1Z5,GST,Karnataka,1368.0,5,INR,spine and joint institute,Orthopedic Clinic,Dr. Anil Sharma,Orthopedic Surgeon,SURG-001,27ABCDE1234F1Z1,Ahmedabad,West,R. Mehta,Trauma Supplies,W1,Locking Plate,Orthopedic Implant,Plate,B9188-C,L70918,UDI-478399-A,SN114272,STERILE,19 Jun 2027,45597,5,PCS,2400,"2,640.00",Open Reduction,Titanium,JointMax,Nagpur WH,03-01-2025,Delivered,Professional Couriers,Reserved,10,3,Pending,"Invoice for orthopedic implants, includes ""plate, screw"" bundle, ref=""INV/1218""",Name variation retained,6007b62f0cc42f5439286ecffa3a770a
INV/1218,VCH1218,Sales,2024-12-31,2025-02-14,2024-25,Partially Paid,Cash,45,40320.0,40320.0,40320.0,27AAACT1234F1Z5,CGST+SGST,Maharashtra,4320.0,0%,₹,TRAUMA ONE PVT LTD,Trauma Center,DR. ANIL SHARMA,Orthopedic Surgeon,SURG-001,24FGHIJ5678K1Z2,Nagpur,WEST 1,Sneha Joshi,Trauma Supplies,West-1,Bone Drill Set,Surgical Instrument,Instrument,B8354-A,L88913,UDI-166906-B,SN189878,STERILE,46557,2024/09/02,8 PCS,Box,4500,"₹5,175.00",Surgical Prep,Steel,TraumaFix,Mumbai WH-2,01 Jan 2025,Delivered,Blue Dart,In Stock,25,0,No,Credit note adjustment for return batch,Alias master matched,a0297397c0c5e3d005d785e694b73de8
inv/1218,VCH1218,Purchase,2024-12-31,2025-01-30,2024-25,Adjusted,UPI,15,77700.0,77700.0,58275.0,24BBBCD2345G1Z2,CGST/SGST,Karnataka,3700.0,0,INR,Apex Hospital,Multi-Specialty Hospital,Dr. P. Nair,Spine Surgeon,SURG-004,24FGHIJ5678K1Z2,Mumbai,WEST 1,R. Mehta,Ortho Distributors Pvt Ltd,S-1,Knee Prosthesis,Joint Replacement,Prosthesis,B3105-C,L75010,UDI-453507-A,SN258501,Sterile,19 Jun 2027,02-10-2024,4,Box,18500.00,20350.00,Arthroplasty,Cobalt Chrome,JointMax,Mumbai WH,2025/01/01,In Transit,DTDC,In Stock,25,30,Pending,"Revised invoice after doctor change,
please verify branch mapping	tabbed-remark",Unicode NBSP present,d22d87ef014c40d4f17ba0165e41fc36
INV/1218,VCH1218,Purchase,2024-12-31,2025-02-14,2024-25,Pending,cash,60,20192.75,20192.75,15144.56,29CCCDD3456H1Z3,GST,Maharashtra,3080.25,7.5 %,₹,Ortho Care Center,Orthopedic Clinic,Dr A. Sharma,Orthopedic Surgeon,SURG-001,24FGHIJ5678K1Z2,Pune,West,A. Verma,ORTHO DISTRIBUTORS,Central-1,External Fixator,Trauma Fixation,Fixator,B4379-C,L14819,UDI-130332-B,SN209330,Sterile,21-12-2026,01-12-2024,1,PCS,18500,"₹22,200.00",Trauma Stabilization,Aluminium,OSM,Mumbai WH,02 Jan 2025,In Transit,TCS,In Stock,5,0,Pending,Freight included; round-off applied,Trailing space preserved,de13f44454dcee0a14dfdd144ac4f527
INV/1219,VCH1219,Purchase,2025-06-06,2025-08-05,2025-26,Partially Paid,UPI,60,14175.0,14175.0,0.0,29CCCDD3456H1Z3,IGST,Maharashtra,675.0,0 %,₹,Ortho Care Centre,Orthopedic Clinic,DR. R. KULKARNI,Trauma Surgeon,SURG-003,24FGHIJ5678K1Z2,Pune,West-1,S. Joshi,Ortho Distributors Pvt Ltd,CENTRAL 1,Bone Drill Set,Surgical Instrument,Instrument,B2298-B,L77005,UDI-878403-A,SN935289,STERILE,46714,2025/03/08,2,Pieces,"6,750.00","₹7,425.00",Surgical Prep,Steel,SpinePro,Mumbai WH,08-06-2025,In Transit,Delhivery,Reorder,5,3,No,"Invoice for orthopedic implants, includes ""plate, screw"" bundle",Mixed date style,ba29c582ffa30394fbe77cea414e31d2
INV/1219,VCH1219,Receipt,2025-06-06,2025-08-05,2025-26,Paid,Bank Transfer,30,26550.0,26550.0,0.0,29CCCDD3456H1Z3,CGST+SGST,Maharashtra,4050.0,0 %,Rs.,City Medisurg Pvt. Ltd.,Multi-Specialty Hospital,Dr. R. Kulkarni,Trauma Surgeon,SURG-003,24FGHIJ5678K1Z2,Surat,West,Rahul Mehta,Ortho Distributors Pvt Ltd,S-1,Bone Drill Set,Surgical Instrument,Instrument,B5559-C,L47156,UDI-829284-C,SN438386,STERILE,2027/11/23,06-02-2025,5,BOX,4500.00,"₹5,400.00",Surgical Prep,Steel,TraumaFix,Mumbai WH-2,06-06-2025,Delivered,Blue Dart,Reorder,25,5,No,"Invoice for orthopedic implants, includes ""plate, screw"" bundle	tabbed-remark",Unicode NBSP present,394da7ae626cfec37cb0f03c913a7ad5
INV/1219,VCH1219,Purchase,2025-06-06,2025-07-21,2025-26,Partially Paid,Cheque,15,110448.0,110448.0,110448.0,24BBBCD2345G1Z2,CGST/SGST,Gujarat,16848.0,2.5%,Rs.,city medisurg pvt. ltd.,Multi-Specialty Hospital,Dr. Anil Sharma,Orthopedic Surgeon,SURG-001,29LMNOP9012Q1Z3,Surat,WEST 1,A. Verma,ORTHO DISTRIBUTORS,South-1,Bone Drill Set,Surgical Instrument,Instrument,B3816-B,L20087,UDI-152037-B,SN315471,Sterile,2027/05/27,2025/05/07,8,BOX,"₹12,000.00",13200,Surgical Prep,Steel,BoneLock,Pune Main,45816,In Transit,Blue Dart,In Stock,10,15,nan,"Credit note adjustment for return batch
Export note retained as multiline remark",Text numeric field,625b2a0c8b1885a66d77cb3b5aa1a838
INV/1220,VCH1220,Payment,2025-03-19,2025-04-18,2024-25,Adjusted,cash,45,280000.0,280000.0,140000.0,29CCCDD3456H1Z3,IGST,Maharashtra,30000.0,0%,₹,Apex Hospital Ltd.,Multi-Specialty Hospital,Dr. P. Nair,Spine Surgeon,SURG-004,27ABCDE1234F1Z1,Mumbai,WEST 1,Rahul Mehta,Ortho Distributors,Central-1,Cancellous Screw,Orthopedic Implant,Screw,B6071-C,L29799,UDI-922460-A,SN809082,STERILE,05 Sep 2027,45675,10,PCS,"25,000.00",30000.00,Fracture Fixation,Stainless Steel,JointMax,Ahmedabad WH,21-03-2025,In Transit,Blue Dart,Reorder,20,20,No,Exported from Tally	with master alias,Text numeric field,bd1c446d8e49605f89125e729e097bdf
INV/1220,VCH1220,Receipt,2025-03-19,2025-04-03,2024-25,Partially Paid,Cash,15,58275.0,58275.0,43706.25,27AAACT1234F1Z5,IGST,Maharashtra,2775.0,7.5%,Rs.,apex hospital,Multi-Specialty Hospital,Dr P Nair,Spine Surgeon,SURG-004,24FGHIJ5678K1Z2,Thane,West,A. Verma,Trauma Supplies LLP,West-1,Cancellous Screw,Orthopedic Implant,Screw,B8789-B,L34605,UDI-153188-A,SN130808,STERILE,10 Sep 2026,2025/02/17,5 PCS,Pieces,12000.00,"13,200.00",Fracture Fixation,Stainless Steel,BoneLock,Pune Main,22-03-2025,Delivered,Delhivery,Low Stock,10,8,No,"Revised invoice after doctor change,
please verify branch mapping",Text numeric field,01809f931a96b89df6fb7d588290c23c
INV/1220,VCH1220,Receipt,2025-03-19,2025-04-18,2024-25,Pending,Cheque,60,4125.87,4125.87,3094.4,27AAACT1234F1Z5,IGST,Gujarat,629.37,7.5 %,₹,CITY MEDISURG,Multi-Specialty Hospital,Dr. Meera Iyer,Joint Replacement Surgeon,SURG-002,27ABCDE1234F1Z1,Surat,West,A. Verma,Trauma Supplies,W1,Locking Plate,Orthopedic Implant,Plate,B5422-C,L88455,UDI-983372-C,SN416246,Non-Sterile,19 Mar 2026,19-11-2024,2,Box,"₹1,890.00",2079.00,Open Reduction,Titanium,JointMax,Mumbai WH,45736,Delivered,Professional Couriers,In Stock,20,15,Pending,"Invoice for orthopedic implants, includes ""plate, screw"" bundle, ref=""INV/1220""",Mixed date style,23c1f9e8891664dda9276894f5bb7868
INV/1220,VCH1220,Payment,2025-03-19,2025-04-18,2024-25,Paid,Bank Transfer,15,2548.8,2548.8,2548.8,29CCCDD3456H1Z3,CGST+SGST,Gujarat,388.8,10,INR,apex hospital ltd.,Multi-Specialty Hospital,Dr A. Sharma,Orthopedic Surgeon,SURG-001,29LMNOP9012Q1Z3,Mumbai,South-1,R. Mehta,ORTHO DISTRIBUTORS,CENTRAL 1,External Fixator,Trauma Fixation,Fixator,B7080-B,L48638,UDI-329828-B,SN173558,Non-Sterile,10 Sep 2026,45705,1,PCS,"₹2,400.00",2640,Trauma Stabilization,Aluminium,TraumaFix,Pune WH,21-03-2025,Hold,DTDC,In Stock,25,8,Yes,"Invoice for orthopedic implants, includes ""plate, screw"" bundle",Name variation retained,ccd5d192c6b8a08f15bfae371326fb0f
INV/1221,VCH1221,Sales Return,2025-12-29,2026-01-28,2025-26,Partially Paid,Cash,15,25200.0,25200.0,0.0,29CCCDD3456H1Z3,CGST+SGST,Maharashtra,2700.0,0%,Rs.,Spine & Joint Institute,Orthopedic Clinic,Dr. Anil Sharma,Orthopedic Surgeon,SURG-001,24FGHIJ5678K1Z2,Ahmedabad,Central 1,Rahul Mehta,Trauma Supplies LLP,West-1,Cancellous Screw,Orthopedic Implant,Screw,B5423-B,L41959,UDI-233146-B,SN552564,Sterile,2027/12/19,29 Nov 2025,5 PCS,pcs,4500,"₹4,950.00",Fracture Fixation,Stainless Steel,TraumaFix,Ahmedabad WH,46020,Partially Delivered,Blue Dart,In Stock,20,8,Yes,Dispatch against PO; follow-up due on next cycle,Text numeric field,0e716a4975c9b8441636bbd17b7bbd30
INV/1221,VCH1221,Sales,2025-12-29,2026-01-28,2025-26,Paid,Cash,15,19580.4,19580.4,9790.2,29CCCDD3456H1Z3,GST,Karnataka,2097.9,7.5,INR,Trauma One,Trauma Center,Dr P Nair,Spine Surgeon,SURG-004,24FGHIJ5678K1Z2,Nagpur,Central,S. Joshi,Ortho Distributors Pvt Ltd,W1,Bone Drill Set,Surgical Instrument,Instrument,B2917-C,L61584,UDI-925296-A,SN150859,Sterile,46740,45930,10,BOX,1890.00,"₹2,268.00",Surgical Prep,Steel,TraumaFix,Ahmedabad WH,46020,Partially Delivered,TCS,In Stock,20,5,nan,"Invoice for orthopedic implants, includes ""plate, screw"" bundle
Export note retained as multiline remark",Alias master matched,36af5c367b2affb72870c4c594610f75
INV/1222,VCH1222,Sales Return,2025-12-30,2026-02-28,2025-26,Adjusted,Bank Transfer,45,99750.0,99750.0,49875.0,27AAACT1234F1Z5,IGST,Maharashtra,4750.0,5,₹,Trauma One Pvt Ltd,Trauma Center,Dr. Nisha Patel,Orthopedic Surgeon,SURG-005,24FGHIJ5678K1Z2,Nagpur,South,Amit Verma,Trauma Supplies,South-1,Cancellous Screw,Orthopedic Implant,Screw,B6429-C,L20370,UDI-830522-B,SN731702,Sterile,23 Jun 2027,45931,4 PCS,PCS,"25,000.00","28,750.00",Fracture Fixation,Stainless Steel,JointMax,Mumbai WH,30-12-2025,Delivered,Delhivery,Reserved,5,20,No,"Revised invoice after doctor change,
please verify branch mapping",Unicode NBSP present,b3d8d4a80d33ae763e4e1cbfdb40c0a0
INV/1222,VCH1222,Sales Return,2025-12-30,2026-02-28,2025-26,Adjusted,Cash,45,3810.24,3810.24,0.0,24BBBCD2345G1Z2,CGST+SGST,Gujarat,408.24,10,₹,Ortho Care Centre,Orthopedic Clinic,Dr. Meera Iyer,Joint Replacement Surgeon,SURG-002,27ABCDE1234F1Z1,Pune,WEST 1,Amit Verma,Ortho Distributors Pvt Ltd,W1,Bone Drill Set,Surgical Instrument,Instrument,B3949-B,L99546,UDI-483226-C,SN629610,Sterile,46741,45961,2,Pieces,"₹1,890.00",2268.00,Surgical Prep,Steel,OSM,Nagpur WH,30-12-2025,Hold,TCS,In Stock,25,15,Yes,Freight included; round-off applied,Text numeric field,4ac3a51cfe57cfe65cd7e7f99c825e2a
INV/1222,VCH1222,Sales Return,2025-12-30,2026-02-28,2025-26,Partially Paid,UPI,15,95830.0,95830.0,71872.5,24BBBCD2345G1Z2,IGST,Maharashtra,10267.5,7.5%,INR,apex hospital,Multi-Specialty Hospital,dr p nair,Spine Surgeon,SURG-004,27ABCDE1234F1Z1,Mumbai,West,A. Verma,Ortho Distributors Pvt Ltd,S-1,Cancellous Screw,Orthopedic Implant,Screw,B8313-B,L67873,UDI-232955-C,SN699418,Non-Sterile,46386,01 Sep 2025,5,BOX,18500,20350.00,Fracture Fixation,Stainless Steel,SpinePro,Mumbai WH,31 Dec 2025,In Transit,Professional Couriers,In Stock,25,8,Pending,Freight included; round-off applied,Alias master matched,6ff0b711d7e33c3df8e8217fed6c0df6
INV/1222,VCH1222,Purchase,2025-12-30,2026-02-13,2025-26,Pending,cash,30,310800.0,310800.0,155400.0,27AAACT1234F1Z5,GST,Karnataka,33300.0,7.5%,₹,Apex Hospital,Multi-Specialty Hospital,DR. R. KULKARNI,Trauma Surgeon,SURG-003,24FGHIJ5678K1Z2,Mumbai,West,S. Joshi,Ortho Distributors Pvt Ltd,Central-1,Spinal Rod,Spinal Implant,Rod,B9818-B,L70069,UDI-747707-B,SN137519,STERILE,17 Jun 2028,01-10-2025,12 PCS,Pieces,25000.00,"₹30,000.00",Spine Stabilization,Titanium Alloy,OrthoFlex,Mumbai WH,30 Dec 2025,Partially Delivered,DTDC,Reorder,25,15,Yes,Credit note adjustment for return batch,Unicode NBSP present,d335720aef1a504c51e1879c371dcc6b
INV/1223,VCH1223,Payment,2025-03-01,2025-03-31,2024-25,Partially Paid,NEFT,15,9945.6,9945.6,4972.8,27AAACT1234F1Z5,CGST+SGST,Gujarat,1065.6,7.5,INR,apex hospital,Multi-Specialty Hospital,dr. nisha patel,Orthopedic Surgeon,SURG-005,27ABCDE1234F1Z1,Mumbai,Central,A. Verma,ORTHO DISTRIBUTORS,W1,External Fixator,Trauma Fixation,Fixator,B1756-A,L73169,UDI-306093-C,SN477863,STERILE,01-03-2026,2024/11/01,4,Box,"₹2,400.00",2760.00,Trauma Stabilization,Aluminium,SpinePro,Nagpur WH,04 Mar 2025,Delivered,Professional Couriers,Reserved,5,8,Yes,Exported from Tally	with master alias,Trailing space preserved,6871174071446af272a2e983ca511f4e
INV/1223,VCH1223,Payment,2025-03-01,2025-03-16,2024-25,Paid,NEFT,30,2728.75,2728.75,0.0,24BBBCD2345G1Z2,CGST/SGST,Maharashtra,416.25,7.5,INR,city medisurg,Multi-Specialty Hospital,Dr. Nisha Patel,Orthopedic Surgeon,SURG-005,24FGHIJ5678K1Z2,Surat,West-1,R. Mehta,Ortho Distributors,CENTRAL 1,Cancellous Screw,Orthopedic Implant,Screw,B5566-C,L46884,UDI-702111-C,SN284119,Sterile,2026/08/23,31 Dec 2024,2,PCS,1250,1375,Fracture Fixation,Stainless Steel,JointMax,Ahmedabad WH,45717,Delivered,DTDC,Low Stock,25,8,Pending,"Dispatch against PO; follow-up due on next cycle
Export note retained as multiline remark",Name variation retained,39aad47772dee36e9bafeb01252ac1bd
INV/1223,VCH1223,Sales Return,2025-03-01,2025-04-15,2024-25,Paid,cash,30,55282.5,55282.5,27641.25,24BBBCD2345G1Z2,GST,Gujarat,2632.5,0.03,₹,City Medisurg Pvt. Ltd.,Multi-Specialty Hospital,Dr. P. Nair,Spine Surgeon,SURG-004,29LMNOP9012Q1Z3,Surat,West-1,Amit Verma,Trauma Supplies,South-1,Bone Drill Set,Surgical Instrument,Instrument,B4991-A,L33502,UDI-760516-B,SN156319,Sterile,18-08-2027,31 Dec 2024,8,BOX,"₹6,750.00","₹7,425.00",Surgical Prep,Steel,SpinePro,Pune Main,45718,Delivered,TCS,Reorder,5,30,nan,Part payment received; balance pending,Unicode NBSP present,5129bd2a436ac1e43ba9969c6ee57133
INV/1223,VCH1223,Sales,2025-03-01,2025-04-15,2024-25,Paid,Cash,30,12096.0,12096.0,0.0,24BBBCD2345G1Z2,CGST+SGST,Gujarat,1296.0,10%,₹,apex hospital,Multi-Specialty Hospital,DR. NISHA PATEL,Orthopedic Surgeon,SURG-005,24FGHIJ5678K1Z2,Thane,Central,Rahul Mehta,Ortho Distributors Pvt Ltd,CENTRAL 1,Knee Prosthesis,Joint Replacement,Prosthesis,B5615-A,L51516,UDI-428724-A,SN975404,Sterile,46082,01-11-2024,5 PCS,BOX,2400,2640.00,Arthroplasty,Cobalt Chrome,OrthoFlex,Pune WH,45720,In Transit,Professional Couriers,Reserved,5,0,Pending,Freight included; round-off applied	tabbed-remark,Trailing space preserved,0084de83a786b9dc325b87cede06e7ad
INV/1224,VCH1224,Payment,2024-07-26,2024-09-24,2024-25,Adjusted,UPI,15,127968.75,127968.75,127968.75,27AAACT1234F1Z5,IGST,Maharashtra,6093.75,2.5,INR,spine and joint institute,Orthopedic Clinic,dr. r. kulkarni,Trauma Surgeon,SURG-003,29LMNOP9012Q1Z3,Ahmedabad,South,Sneha Joshi,Ortho Distributors,W1,Spinal Rod,Spinal Implant,Rod,B8295-A,L69394,UDI-293866-A,SN839920,Sterile,45864,45469,5,pcs,25000.00,30000.00,Spine Stabilization,Titanium Alloy,OrthoFlex,Ahmedabad WH,45499,In Transit,Delhivery,Low Stock,25,0,No,Part payment received; balance pending,Mixed date style,5628909bda07259c2200ac2d36f9bc50
INV/1224,VCH1224,Sales,2024-07-26,2024-08-10,2024-25,Pending,Cheque,45,16800.0,16800.0,0.0,24BBBCD2345G1Z2,GST,Gujarat,1800.0,0%,INR,apex hospital ltd.,Multi-Specialty Hospital,Dr. Nisha Patel,Orthopedic Surgeon,SURG-005,24FGHIJ5678K1Z2,Mumbai,Central 1,Sneha Joshi,Ortho Distributors,Central-1,Bone Drill Set,Surgical Instrument,Instrument,B5489-B,L73535,UDI-729591-A,SN937641,Sterile,2026/01/17,2024/04/27,12,Box,1250.00,"1,437.50",Surgical Prep,Steel,SpinePro,Ahmedabad WH,45499,Delivered,Delhivery,In Stock,5,5,Pending,Approved by store; udi matched,Trailing space preserved,2d167c2f3e6ed149b43907e57907d866
inv/1224,VCH1224,Purchase,2024-07-26,2024-08-10,2024-25,Pending,Cheque,60,7006.25,7006.25,3503.12,29CCCDD3456H1Z3,IGST,Gujarat,1068.75,5%,INR,Spine And Joint Institute,Orthopedic Clinic,dr. nisha patel,Orthopedic Surgeon,SURG-005,27ABCDE1234F1Z1,Ahmedabad,South,Rahul Mehta,Trauma Supplies,Central-1,Locking Plate,Orthopedic Implant,Plate,B2497-B,L46568,UDI-383987-C,SN403764,STERILE,16 Jul 2026,27 Apr 2024,5 PCS,pcs,1250,"₹1,437.50",Open Reduction,Titanium,JointMax,Mumbai WH-2,29-07-2024,Partially Delivered,TCS,In Stock,5,0,Yes,Dispatch against PO; follow-up due on next cycle,Text numeric field,3dd141056a370b8b05004d23c3cff02e
INV/1225,VCH1225,Payment,2025-06-14,2025-08-13,2025-26,Pending,UPI,60,115050.0,115050.0,0.0,24BBBCD2345G1Z2,GST,Maharashtra,17550.0,2.5,₹,ortho care center,Orthopedic Clinic,Dr Meera Iyer,Joint Replacement Surgeon,SURG-002,27ABCDE1234F1Z1,Pune,Central 1,S. Joshi,ORTHO DISTRIBUTORS,South-1,Knee Prosthesis,Joint Replacement,Prosthesis,B8490-B,L24533,UDI-553424-A,SN184229,Sterile,2026/06/14,14 Feb 2025,4 PCS,Box,25000.00,"₹28,750.00",Arthroplasty,Cobalt Chrome,OSM,Mumbai WH,17 Jun 2025,Delivered,DTDC,In Stock,20,3,Pending,"Revised invoice after doctor change,
please verify branch mapping",Unicode NBSP present,4b28d0b812eb4b59229859569cf23dd8
INV/1225,VCH1225,Receipt,2025-06-14,2025-08-13,2025-26,Pending,cash,15,94500.0,94500.0,47250.0,29CCCDD3456H1Z3,CGST/SGST,Maharashtra,4500.0,10%,INR,spine & joint institute,Orthopedic Clinic,dr. meera iyer,Joint Replacement Surgeon,SURG-002,24FGHIJ5678K1Z2,Ahmedabad,South-1,S. Joshi,Ortho Distributors Pvt Ltd,S-1,Bone Drill Set,Surgical Instrument,Instrument,B1479-A,L33116,UDI-870194-C,SN665706,Non-Sterile,14-06-2026,45732,4,pcs,25000,"₹27,500.00",Surgical Prep,Steel,TraumaFix,Nagpur WH,17-06-2025,In Transit,DTDC,In Stock,25,30,nan,Dispatch against PO; follow-up due on next cycle,Alias master matched,5a148c72aac8f3558933f6bd65c5f058
INV/1226,VCH1226,Receipt,2025-03-22,2025-05-21,2024-25,Partially Paid,cash,30,26208.0,26208.0,0.0,29CCCDD3456H1Z3,GST,Karnataka,2808.0,2.5%,INR,Ortho Care Centre,Orthopedic Clinic,Dr. P. Nair,Spine Surgeon,SURG-004,27ABCDE1234F1Z1,Pune,WEST 1,A. Verma,Trauma Supplies,W1,Locking Plate,Orthopedic Implant,Plate,B8195-C,L70697,UDI-381261-A,SN742286,STERILE,2026/03/22,21-01-2025,2,pcs,12000,14400.00,Open Reduction,Titanium,BoneLock,Mumbai WH,45739,Delivered,Professional Couriers,In Stock,20,15,nan,"Invoice for orthopedic implants, includes ""plate, screw"" bundle",Unicode NBSP present,ce0e6f92ab699aa26950c533742bad40
INV/1226,VCH1226,Sales Return,2025-03-22,2025-04-06,2024-25,Adjusted,Cash,30,5320.0,5320.0,2660.0,29CCCDD3456H1Z3,IGST,Gujarat,570.0,0.05,Rs.,CITY MEDISURG PVT. LTD.,Multi-Specialty Hospital,Dr Meera Iyer,Joint Replacement Surgeon,SURG-002,24FGHIJ5678K1Z2,Surat,Central,Rahul Mehta,ORTHO DISTRIBUTORS,S-1,Knee Prosthesis,Joint Replacement,Prosthesis,B4081-A,L99866,UDI-375655-B,SN219099,Sterile,22 Mar 2026,2025/01/21,4,PCS,1250.00,1437.5,Arthroplasty,Cobalt Chrome,TraumaFix,Mumbai WH-2,45740,Delivered,Delhivery,In Stock,5,3,Pending,"Invoice for orthopedic implants, includes ""plate, screw"" bundle",Alias master matched,f81fb03a4d5329c433a41a02d757beca
INV/1226,VCH1226,Sales,2025-03-22,2025-05-21,2024-25,Partially Paid,NEFT,30,10584.0,10584.0,0.0,29CCCDD3456H1Z3,CGST/SGST,Gujarat,1134.0,0.00,INR,trauma one,Trauma Center,DR. MEERA IYER,Joint Replacement Surgeon,SURG-002,27ABCDE1234F1Z1,Nagpur,Central,Rahul Mehta,ORTHO DISTRIBUTORS,W1,Spinal Rod,Spinal Implant,Rod,B3083-A,L10424,UDI-961633-B,SN206774,Sterile,46458,2025/02/20,5,BOX,"₹1,890.00",2173.50,Spine Stabilization,Titanium Alloy,TraumaFix,Mumbai WH,2025/03/24,Delivered,Professional Couriers,Reorder,10,5,No,"Invoice for orthopedic implants, includes ""plate, screw"" bundle
Export note retained as multiline remark",Text numeric field,e486c0bda57dd6735be0cd69f6ad6cd6
INV/1226,VCH1226,Purchase,2025-03-22,2025-05-06,2024-25,Paid,NEFT,30,12757.5,12757.5,0.0,24BBBCD2345G1Z2,IGST,Gujarat,607.5,10%,₹,Apex Hospital Ltd.,Multi-Specialty Hospital,DR MEERA IYER,Joint Replacement Surgeon,SURG-002,27ABCDE1234F1Z1,Mumbai,WEST 1,S. Joshi,ORTHO DISTRIBUTORS,WEST 1,Knee Prosthesis,Joint Replacement,Prosthesis,B5586-B,L65143,UDI-875146-B,SN826646,STERILE,46638,2025/01/21,2,Box,"₹6,750.00",7425,Arthroplasty,Cobalt Chrome,OSM,Ahmedabad WH,45738,Delivered,DTDC,In Stock,5,5,Yes,Dispatch against PO; follow-up due on next cycle,Mixed date style,fc9ebb43bd08dcb70547104902c9e80d
inv/1227,VCH1227,Purchase,2024-04-06,2024-06-05,2024-25,Pending,RTGS,15,100963.75,100963.75,50481.88,24BBBCD2345G1Z2,IGST,Gujarat,15401.25,7.5 %,INR,ortho care center,Orthopedic Clinic,Dr Meera Iyer,Joint Replacement Surgeon,SURG-002,24FGHIJ5678K1Z2,Pune,WEST 1,Sneha Joshi,Trauma Supplies,South-1,External Fixator,Trauma Fixation,Fixator,B1474-B,L36890,UDI-312375-B,SN627921,Sterile,28-09-2025,08-12-2023,5,BOX,"₹18,500.00","₹20,350.00",Trauma Stabilization,Aluminium,OrthoFlex,Pune Main,06-04-2024,Hold,Professional Couriers,In Stock,5,8,Pending,Part payment received; balance pending,Trailing space preserved,76daae85ba38b4c21af181df4b72c5f2
inv/1227,VCH1227,Sales,2024-04-06,2024-04-21,2024-25,Paid,Bank Transfer,45,16511.04,16511.04,8255.52,24BBBCD2345G1Z2,GST,Gujarat,1769.04,2.5,INR,TRAUMA ONE PVT LTD,Trauma Center,dr. nisha patel,Orthopedic Surgeon,SURG-005,24FGHIJ5678K1Z2,Nagpur,West,Sneha Joshi,Trauma Supplies,South-1,Bone Drill Set,Surgical Instrument,Instrument,B2652-C,L90104,UDI-264398-C,SN399352,STERILE,46108,06-02-2024,8,Box,1890,"₹2,268.00",Surgical Prep,Steel,SpinePro,Mumbai WH-2,45390,In Transit,Delhivery,Reserved,25,20,No,Part payment received; balance pending,Unicode NBSP present,3fd65468de4910c17d2e0ac9ad9ef024
INV/1228,VCH1228,Purchase,2025-05-30,2025-06-14,2025-26,Partially Paid,RTGS,45,199500.0,199500.0,99750.0,24BBBCD2345G1Z2,GST,Karnataka,9500.0,5 %,Rs.,APEX HOSPITAL,Multi-Specialty Hospital,Dr Rajesh Kulkarni,Trauma Surgeon,SURG-003,29LMNOP9012Q1Z3,Mumbai,Central 1,Sneha Joshi,ORTHO DISTRIBUTORS,WEST 1,Bone Drill Set,Surgical Instrument,Instrument,B5707-A,L53730,UDI-653126-B,SN124247,Sterile,21-11-2026,30 Apr 2025,8,Pieces,25000.00,"₹28,750.00",Surgical Prep,Steel,SpinePro,Ahmedabad WH,02-06-2025,Delivered,Delhivery,In Stock,25,15,nan,"Invoice for orthopedic implants, includes ""plate, screw"" bundle",Text numeric field,feb1355431cd85a5b5347092ed723833
INV/1228,VCH1228,Sales,2025-05-30,2025-07-14,2025-26,Adjusted,Cheque,30,2010.96,2010.96,0.0,24BBBCD2345G1Z2,GST,Karnataka,215.46,5,₹,ORTHO CARE CENTER,Orthopedic Clinic,DR. P. NAIR,Spine Surgeon,SURG-004,29LMNOP9012Q1Z3,Pune,South,Rahul Mehta,ORTHO DISTRIBUTORS,W1,Spinal Rod,Spinal Implant,Rod,B7912-B,L69561,UDI-256960-B,SN450329,Non-Sterile,21-11-2026,30 Jan 2025,1,pcs,"₹1,890.00",2173.50,Spine Stabilization,Titanium Alloy,JointMax,Pune Main,45810,Partially Delivered,Blue Dart,Reorder,20,20,Yes,Part payment received; balance pending,Trailing space preserved,bbb4e7750a417f3b0b33f84d78109a84
INV/1228,VCH1228,Sales Return,2025-05-30,2025-07-29,2025-26,Adjusted,UPI,15,170274.0,170274.0,0.0,27AAACT1234F1Z5,CGST+SGST,Maharashtra,25974.0,0.03,Rs.,Ortho Care Center,Orthopedic Clinic,Dr. P. Nair,Spine Surgeon,SURG-004,27ABCDE1234F1Z1,Pune,Central,Rahul Mehta,Trauma Supplies LLP,S-1,Bone Drill Set,Surgical Instrument,Instrument,B6003-C,L31093,UDI-783486-A,SN840329,Non-Sterile,46347,2025/04/30,8,BOX,18500,21275,Surgical Prep,Steel,OrthoFlex,Mumbai WH,30-05-2025,Partially Delivered,Professional Couriers,Low Stock,5,0,Pending,Dispatch against PO; follow-up due on next cycle,Mixed date style,2feb9f8165276854abbf4dbd18a1409a
INV/1229,VCH1229,Payment,2024-07-08,2024-08-07,2024-25,Partially Paid,UPI,45,56050.0,56050.0,56050.0,24BBBCD2345G1Z2,CGST+SGST,Karnataka,8550.0,0.05,Rs.,SPINE AND JOINT INSTITUTE,Orthopedic Clinic,dr. r. kulkarni,Trauma Surgeon,SURG-003,24FGHIJ5678K1Z2,Ahmedabad,Central 1,R. Mehta,Trauma Supplies LLP,WEST 1,Knee Prosthesis,Joint Replacement,Prosthesis,B7551-C,L23892,UDI-531663-B,SN491660,Sterile,46021,09 Apr 2024,2,PCS,"₹25,000.00",27500,Arthroplasty,Cobalt Chrome,BoneLock,Mumbai WH,45481,Delivered,TCS,Low Stock,20,3,No,"Revised invoice after doctor change,
please verify branch mapping",Text numeric field,be7a2c4f49111d6182c6f60f367df97d
INV/1229,VCH1229,Sales,2024-07-08,2024-07-23,2024-25,Adjusted,UPI,45,70875.0,70875.0,53156.25,29CCCDD3456H1Z3,GST,Gujarat,3375.0,0 %,INR,ORTHO CARE CENTER,Orthopedic Clinic,DR P NAIR,Spine Surgeon,SURG-004,24FGHIJ5678K1Z2,Pune,Central,Amit Verma,Trauma Supplies,S-1,Knee Prosthesis,Joint Replacement,Prosthesis,B6640-B,L31450,UDI-372975-C,SN173140,Sterile,46201,45391,10,Box,6750.00,8100.00,Arthroplasty,Cobalt Chrome,BoneLock,Ahmedabad WH,09-07-2024,Hold,DTDC,Low Stock,25,8,No,Freight included; round-off applied,Unicode NBSP present,d5c7cc6a75393530cce2e1210da58baf
INV/1229,VCH1229,Receipt,2024-07-08,2024-08-07,2024-25,Pending,Bank Transfer,15,207385.0,207385.0,103692.5,24BBBCD2345G1Z2,CGST+SGST,Karnataka,31635.0,5 %,INR,APEX HOSPITAL,Multi-Specialty Hospital,Dr. R. Kulkarni,Trauma Surgeon,SURG-003,29LMNOP9012Q1Z3,Thane,Central 1,Rahul Mehta,Ortho Distributors Pvt Ltd,Central-1,Bone Drill Set,Surgical Instrument,Instrument,B5777-A,L90426,UDI-563777-C,SN405738,Non-Sterile,2025/07/08,09 Apr 2024,10,Box,18500,"20,350.00",Surgical Prep,Steel,OrthoFlex,Mumbai WH,45482,Delivered,Delhivery,Reserved,10,5,nan,"Revised invoice after doctor change,
please verify branch mapping",Text numeric field,cc0459779814b32033cc81470eae3493
INV/1229,VCH1229,Receipt,2024-07-08,2024-09-06,2024-25,Paid,Cheque,60,29500.0,29500.0,29500.0,27AAACT1234F1Z5,GST,Maharashtra,4500.0,0%,₹,ortho care centre,Orthopedic Clinic,Dr. R. Kulkarni,Trauma Surgeon,SURG-003,27ABCDE1234F1Z1,Pune,WEST 1,Rahul Mehta,Trauma Supplies LLP,South-1,Spinal Rod,Spinal Implant,Rod,B4428-C,L26188,UDI-121548-C,SN595540,Non-Sterile,46021,45451,1 PCS,pcs,"₹25,000.00","₹28,750.00",Spine Stabilization,Titanium Alloy,JointMax,Mumbai WH-2,45482,Partially Delivered,Delhivery,Reorder,25,8,nan,Exported from Tally	with master alias,Name variation retained,15b29bf6e70eae6074180ee8541d84c1
INV/1230,VCH1230,Sales,2024-10-01,2024-11-30,2024-25,Adjusted,Cheque,60,58275.0,58275.0,43706.25,27AAACT1234F1Z5,IGST,Gujarat,2775.0,7.5,₹,City Medisurg Pvt. Ltd.,Multi-Specialty Hospital,Dr Meera Iyer,Joint Replacement Surgeon,SURG-002,24FGHIJ5678K1Z2,Surat,South-1,A. Verma,Trauma Supplies LLP,S-1,Cancellous Screw,Orthopedic Implant,Screw,B8121-A,L60961,UDI-750449-C,SN751915,Sterile,2027/03/20,2024/07/03,5 PCS,Box,"12,000.00",14400,Fracture Fixation,Stainless Steel,OSM,Ahmedabad WH,2024/10/01,Partially Delivered,TCS,Low Stock,25,15,No,Approved by store; udi matched,Name variation retained,0df2af078d1143b0c9a6d73ae6ffa9d5
INV/1230,VCH1230,Purchase,2024-10-01,2024-10-16,2024-25,Paid,RTGS,30,13986.0,13986.0,13986.0,27AAACT1234F1Z5,CGST/SGST,Maharashtra,1498.5,0.07,INR,ORTHO CARE CENTRE,Orthopedic Clinic,dr a. sharma,Orthopedic Surgeon,SURG-001,27ABCDE1234F1Z1,Pune,West,R. Mehta,Trauma Supplies,CENTRAL 1,Bone Drill Set,Surgical Instrument,Instrument,B6845-C,L97860,UDI-654008-B,SN422638,Sterile,20-03-2027,45536,2,BOX,"6,750.00","₹7,425.00",Surgical Prep,Steel,OSM,Mumbai WH,2024/10/04,Delivered,Delhivery,Low Stock,20,3,Pending,Part payment received; balance pending,Text numeric field,0d29e4c4439039ec0dac945b9cf9b30a
INV/1230,VCH1230,Payment,2024-10-01,2024-11-30,2024-25,Pending,UPI,45,230100.0,230100.0,172575.0,27AAACT1234F1Z5,GST,Maharashtra,35100.0,2.5,Rs.,City Medisurg Pvt. Ltd.,Multi-Specialty Hospital,DR. R. KULKARNI,Trauma Surgeon,SURG-003,27ABCDE1234F1Z1,Surat,Central,Rahul Mehta,Ortho Distributors,S-1,Cancellous Screw,Orthopedic Implant,Screw,B7297-A,L92967,UDI-791808-B,SN430903,Sterile,25-03-2026,45446,8,Pieces,"₹25,000.00","₹27,500.00",Fracture Fixation,Stainless Steel,BoneLock,Nagpur WH,2024/10/03,Hold,Delhivery,Reserved,25,8,Pending,Freight included; round-off applied,Trailing space preserved,afac55f76e91617d779b9167a0e2b0f7
INV/1231,VCH1231,Sales,2024-06-19,2024-07-04,2024-25,Pending,Cash,45,7375.0,7375.0,3687.5,27AAACT1234F1Z5,IGST,Gujarat,1125.0,0,INR,trauma one pvt ltd,Trauma Center,DR P NAIR,Spine Surgeon,SURG-004,24FGHIJ5678K1Z2,Nagpur,Central,A. Verma,Trauma Supplies,W1,Bone Drill Set,Surgical Instrument,Instrument,B7468-B,L70028,UDI-488122-B,SN985163,Sterile,2026/06/09,20 Apr 2024,5 PCS,pcs,1250,"1,375.00",Surgical Prep,Steel,BoneLock,Nagpur WH,21 Jun 2024,In Transit,TCS,Reorder,10,30,Pending,Dispatch against PO; follow-up due on next cycle,Text numeric field,fe169965a75e3ce082ddea827d764df0
INV/1231,VCH1231,Sales,2024-06-19,2024-07-04,2024-25,Adjusted,Cash,15,10915.0,10915.0,10915.0,24BBBCD2345G1Z2,GST,Karnataka,1665.0,0.07,INR,ortho care center,Orthopedic Clinic,dr. meera iyer,Joint Replacement Surgeon,SURG-002,27ABCDE1234F1Z1,Pune,West,S. Joshi,Trauma Supplies LLP,South-1,External Fixator,Trauma Fixation,Fixator,B4608-B,L70245,UDI-516607-C,SN157233,STERILE,46002,45402,8,PCS,"₹1,250.00",1437.5,Trauma Stabilization,Aluminium,TraumaFix,Mumbai WH,2024/06/22,In Transit,Delhivery,In Stock,10,5,No,"Credit note adjustment for return batch, ref=""INV/1231""",Trailing space preserved,06f1edf459566e589ce55fd3460594ce
INV/1231,VCH1231,Receipt,2024-06-19,2024-08-18,2024-25,Partially Paid,RTGS,45,157176.0,157176.0,0.0,27AAACT1234F1Z5,IGST,Maharashtra,23976.0,10%,Rs.,ortho care centre,Orthopedic Clinic,Dr P Nair,Spine Surgeon,SURG-004,24FGHIJ5678K1Z2,Pune,Central 1,Sneha Joshi,Ortho Distributors Pvt Ltd,CENTRAL 1,Spinal Rod,Spinal Implant,Rod,B6455-C,L56521,UDI-369844-B,SN953932,STERILE,09 Jun 2026,20 Feb 2024,8,PCS,18500,"20,350.00",Spine Stabilization,Titanium Alloy,OSM,Mumbai WH,20-06-2024,In Transit,Professional Couriers,In Stock,10,8,Yes,"Invoice for orthopedic implants, includes ""plate, screw"" bundle",Name variation retained,30752d60e5feaeff11a3215456d959ad
INV/1231,VCH1231,Sales,2024-06-19,2024-07-04,2024-25,Paid,Bank Transfer,15,1885.28,1885.28,1885.28,27AAACT1234F1Z5,CGST/SGST,Maharashtra,89.78,0.05,INR,Spine And Joint Institute,Orthopedic Clinic,Dr A. Sharma,Orthopedic Surgeon,SURG-001,24FGHIJ5678K1Z2,Ahmedabad,South,Rahul Mehta,Ortho Distributors,Central-1,Cancellous Screw,Orthopedic Implant,Screw,B9951-A,L53071,UDI-907390-B,SN815499,STERILE,19 Jun 2025,20-02-2024,1,PCS,1890,2268,Fracture Fixation,Stainless Steel,JointMax,Nagpur WH,2024/06/20,Hold,DTDC,Reorder,25,0,No,Approved by store; udi matched,Mixed date style,644e0fc992e9ced13d86ca8f00d4c471
inv/1232,VCH1232,Payment,2025-10-23,2025-12-07,2025-26,Adjusted,cash,45,10761.6,10761.6,10761.6,27AAACT1234F1Z5,GST,Maharashtra,1641.6,5%,INR,Trauma One,Trauma Center,Dr. Nisha Patel,Orthopedic Surgeon,SURG-005,27ABCDE1234F1Z1,Nagpur,West,Rahul Mehta,ORTHO DISTRIBUTORS,WEST 1,Bone Drill Set,Surgical Instrument,Instrument,B2513-B,L55553,UDI-882672-C,SN533718,STERILE,2027/10/13,25-06-2025,4,Box,2400.00,"2,880.00",Surgical Prep,Steel,JointMax,Mumbai WH,26-10-2025,Delivered,Blue Dart,Reorder,5,15,No,"Revised invoice after doctor change,
please verify branch mapping",Text numeric field,1f71f1d3c5b24afc6b783bb0f630f553
INV/1232,VCH1232,Sales,2025-10-23,2025-11-22,2025-26,Paid,UPI,15,31435.2,31435.2,15717.6,24BBBCD2345G1Z2,IGST,Maharashtra,4795.2,7.5%,INR,trauma one,Trauma Center,DR NISHA PATEL,Orthopedic Surgeon,SURG-005,27ABCDE1234F1Z1,Nagpur,West-1,Rahul Mehta,Ortho Distributors Pvt Ltd,S-1,Spinal Rod,Spinal Implant,Rod,B7642-C,L46236,UDI-779428-B,SN600472,STERILE,2027/10/13,25-07-2025,12,PCS,"2,400.00","₹2,880.00",Spine Stabilization,Titanium Alloy,BoneLock,Pune Main,45955,Delivered,Delhivery,In Stock,20,8,Yes,Credit note adjustment for return batch,Trailing space preserved,2bc30fe18fe70c6c301919ffc5df9ee2
INV/1233,VCH1233,Sales Return,2024-09-17,2024-11-01,2024-25,Partially Paid,Cheque,60,5600.0,5600.0,5600.0,29CCCDD3456H1Z3,GST,Maharashtra,600.0,0%,₹,SPINE & JOINT INSTITUTE,Orthopedic Clinic,Dr Meera Iyer,Joint Replacement Surgeon,SURG-002,24FGHIJ5678K1Z2,Ahmedabad,South,A. Verma,Ortho Distributors,CENTRAL 1,Cancellous Screw,Orthopedic Implant,Screw,B6690-C,L67761,UDI-296274-B,SN870358,Sterile,17 Sep 2025,45462,4,pcs,1250.00,"1,437.50",Fracture Fixation,Stainless Steel,JointMax,Pune Main,19 Sep 2024,Delivered,Professional Couriers,Reserved,5,30,Pending,"Dispatch against PO; follow-up due on next cycle, ref=""INV/1233""",Text numeric field,be57d687d6b50908b4053a772ba853f4
INV/1233,VCH1233,Sales,2024-09-17,2024-11-16,2024-25,Adjusted,Cheque,30,78588.0,78588.0,39294.0,29CCCDD3456H1Z3,CGST+SGST,Maharashtra,11988.0,0.10,INR,ORTHO CARE CENTER,Orthopedic Clinic,DR P NAIR,Spine Surgeon,SURG-004,24FGHIJ5678K1Z2,Pune,South-1,Amit Verma,Ortho Distributors Pvt Ltd,West-1,Knee Prosthesis,Joint Replacement,Prosthesis,B2232-A,L29665,UDI-665837-C,SN677510,Sterile,2025/09/17,20 May 2024,4,pcs,"₹18,500.00",22200.00,Arthroplasty,Cobalt Chrome,BoneLock,Pune Main,2024/09/18,Delivered,DTDC,Reserved,25,0,No,Part payment received; balance pending,Name variation retained,b60382ba0ea8a4df5b7cab6b50df3ff2
INV/1234,VCH1234,Purchase,2025-06-17,2025-07-17,2025-26,Partially Paid,Cheque,15,8467.2,8467.2,4233.6,27AAACT1234F1Z5,CGST+SGST,Maharashtra,907.2,0%,INR,city medisurg,Multi-Specialty Hospital,Dr Nisha Patel,Orthopedic Surgeon,SURG-005,27ABCDE1234F1Z1,Surat,WEST 1,Rahul Mehta,Ortho Distributors Pvt Ltd,Central-1,Spinal Rod,Spinal Implant,Rod,B1937-A,L65248,UDI-933610-A,SN886641,Sterile,2026/06/17,18 Apr 2025,4 PCS,pcs,"1,890.00",2079.00,Spine Stabilization,Titanium Alloy,BoneLock,Pune WH,2025/06/18,Hold,TCS,Reorder,20,15,Pending,Part payment received; balance pending,Name variation retained,577fca43f2eb68682f078b744071eeb0
INV/1234,VCH1234,Payment,2025-06-17,2025-07-02,2025-26,Adjusted,Bank Transfer,15,29484.0,29484.0,29484.0,24BBBCD2345G1Z2,CGST+SGST,Maharashtra,3159.0,2.5%,INR,CITY MEDISURG PVT. LTD.,Multi-Specialty Hospital,DR. NISHA PATEL,Orthopedic Surgeon,SURG-005,24FGHIJ5678K1Z2,Surat,Central 1,Amit Verma,Trauma Supplies,S-1,Spinal Rod,Spinal Implant,Rod,B9396-B,L41547,UDI-157484-B,SN344250,STERILE,04 Dec 2027,2025/04/18,4,PCS,6750.00,"₹7,762.50",Spine Stabilization,Titanium Alloy,JointMax,Pune WH,18 Jun 2025,Hold,Delhivery,In Stock,5,8,nan,"Revised invoice after doctor change,
please verify branch mapping",Name variation retained,d3abf60ab9ab957dccfffa00e3ad8f96
INV/1234,VCH1234,Sales,2025-06-17,2025-07-02,2025-26,Adjusted,cash,30,49140.0,49140.0,0.0,24BBBCD2345G1Z2,CGST/SGST,Karnataka,5265.0,2.5,INR,apex hospital,Multi-Specialty Hospital,DR. R. KULKARNI,Trauma Surgeon,SURG-003,29LMNOP9012Q1Z3,Mumbai,WEST 1,A. Verma,Ortho Distributors,West-1,Cancellous Screw,Orthopedic Implant,Screw,B2686-A,L85339,UDI-515490-A,SN680108,Non-Sterile,46365,45735,10 PCS,Pieces,"4,500.00",4950,Fracture Fixation,Stainless Steel,OrthoFlex,Ahmedabad WH,45825,Delivered,DTDC,In Stock,25,0,No,"Revised invoice after doctor change,
please verify branch mapping, ref=""INV/1234""",Text numeric field,f3a491db950c9156fe19e8efb5f53136
inv/1235,VCH1235,Sales,2025-07-21,2025-08-05,2025-26,Partially Paid,cash,15,6733.12,6733.12,0.0,27AAACT1234F1Z5,GST,Maharashtra,320.62,5 %,Rs.,apex hospital,Multi-Specialty Hospital,DR P NAIR,Spine Surgeon,SURG-004,24FGHIJ5678K1Z2,Thane,West,R. Mehta,ORTHO DISTRIBUTORS,South-1,Cancellous Screw,Orthopedic Implant,Screw,B5458-B,L25665,UDI-171549-A,SN427479,STERILE,2027/07/11,45799,1,BOX,"6,750.00","7,425.00",Fracture Fixation,Stainless Steel,OrthoFlex,Pune Main,2025/07/24,In Transit,Blue Dart,Low Stock,20,3,Yes,Credit note adjustment for return batch,Unicode NBSP present,171a862ecb44fb201211378bbfab4192
INV/1235,VCH1235,Purchase,2025-07-21,2025-08-05,2025-26,Partially Paid,RTGS,30,90720.0,90720.0,90720.0,24BBBCD2345G1Z2,CGST+SGST,Gujarat,4320.0,10%,INR,ORTHO CARE CENTRE,Orthopedic Clinic,dr nisha patel,Orthopedic Surgeon,SURG-005,27ABCDE1234F1Z1,Pune,WEST 1,S. Joshi,Trauma Supplies LLP,West-1,Locking Plate,Orthopedic Implant,Plate,B5390-B,L57542,UDI-352883-C,SN227168,STERILE,2026/07/21,2025/04/22,8,PCS,12000.00,14400,Open Reduction,Titanium,OSM,Mumbai WH,2025/07/21,Partially Delivered,Delhivery,In Stock,20,0,nan,"Invoice for orthopedic implants, includes ""plate, screw"" bundle
Export note retained as multiline remark",Text numeric field,fe322c96b05ddaeb6685a343a8e0e1bf
INV/1235,VCH1235,Purchase,2025-07-21,2025-08-05,2025-26,Partially Paid,RTGS,30,327450.0,327450.0,0.0,24BBBCD2345G1Z2,IGST,Karnataka,49950.0,7.5 %,INR,city medisurg,Multi-Specialty Hospital,dr. meera iyer,Joint Replacement Surgeon,SURG-002,24FGHIJ5678K1Z2,Surat,Central,Rahul Mehta,Ortho Distributors Pvt Ltd,S-1,Knee Prosthesis,Joint Replacement,Prosthesis,B9176-A,L11331,UDI-462573-B,SN664061,STERILE,46224,45739,12 PCS,pcs,"₹25,000.00",27500.00,Arthroplasty,Cobalt Chrome,OSM,Pune Main,23 Jul 2025,Delivered,DTDC,Reserved,20,5,Pending,Exported from Tally	with master alias,Alias master matched,4909f8972fd54897ab86cce98d01d13b
INV/1235,VCH1235,Payment,2025-07-21,2025-08-20,2025-26,Pending,Cash,30,36855.0,36855.0,27641.25,24BBBCD2345G1Z2,CGST/SGST,Gujarat,3948.75,2.5 %,INR,Spine & Joint Institute,Orthopedic Clinic,Dr Meera Iyer,Joint Replacement Surgeon,SURG-002,27ABCDE1234F1Z1,Ahmedabad,South-1,S. Joshi,Ortho Distributors,WEST 1,Spinal Rod,Spinal Implant,Rod,B5868-B,L15400,UDI-376946-C,SN551523,Non-Sterile,2028/01/07,22 May 2025,5,pcs,"₹6,750.00",7425.00,Spine Stabilization,Titanium Alloy,OrthoFlex,Nagpur WH,45861,Delivered,DTDC,Reserved,25,15,No,"Exported from Tally	with master alias
Export note retained as multiline remark",Unicode NBSP present,c9e6f0faf909e0866a25448cd26df9e7
inv/1236,VCH1236,Sales,2024-05-08,2024-06-07,2024-25,Partially Paid,NEFT,30,3671.32,3671.32,1835.66,27AAACT1234F1Z5,CGST+SGST,Karnataka,174.82,7.5,INR,spine and joint institute,Orthopedic Clinic,DR. R. KULKARNI,Trauma Surgeon,SURG-003,24FGHIJ5678K1Z2,Ahmedabad,Central,R. Mehta,ORTHO DISTRIBUTORS,W1,External Fixator,Trauma Fixation,Fixator,B7697-B,L59286,UDI-398730-B,SN391269,Sterile,2025/05/08,09-01-2024,2 PCS,Pieces,1890.00,"₹2,173.50",Trauma Stabilization,Aluminium,SpinePro,Ahmedabad WH,09 May 2024,Delivered,Delhivery,In Stock,5,15,Pending,Part payment received; balance pending	tabbed-remark,Name variation retained,eee6f56717736e7d561b7513a646d2c8
inv/1236,VCH1236,Purchase,2024-05-08,2024-05-23,2024-25,Adjusted,cash,45,13806.0,13806.0,13806.0,24BBBCD2345G1Z2,CGST/SGST,Karnataka,2106.0,2.5 %,Rs.,Apex Hospital Ltd.,Multi-Specialty Hospital,Dr Nisha Patel,Orthopedic Surgeon,SURG-005,27ABCDE1234F1Z1,Mumbai,Central,Sneha Joshi,Trauma Supplies,S-1,External Fixator,Trauma Fixation,Fixator,B8057-C,L72227,UDI-403572-A,SN209684,Sterile,45785,45360,1,BOX,12000,13800.00,Trauma Stabilization,Aluminium,SpinePro,Pune WH,45422,Delivered,Delhivery,Reserved,25,8,nan,Approved by store; udi matched,Unicode NBSP present,56e82d675bc0bd4a78c8539313fc4c54
INV/1236,VCH1236,Sales,2024-05-08,2024-07-07,2024-25,Adjusted,cash,45,189000.0,189000.0,0.0,29CCCDD3456H1Z3,IGST,Maharashtra,9000.0,10,INR,Trauma One Pvt Ltd,Trauma Center,dr nisha patel,Orthopedic Surgeon,SURG-005,27ABCDE1234F1Z1,Nagpur,West-1,Rahul Mehta,ORTHO DISTRIBUTORS,South-1,Spinal Rod,Spinal Implant,Rod,B7702-B,L52093,UDI-799165-A,SN442323,Sterile,30-10-2025,2024/01/09,8,PCS,"₹25,000.00","₹30,000.00",Spine Stabilization,Titanium Alloy,TraumaFix,Mumbai WH,09-05-2024,Hold,Blue Dart,In Stock,10,0,nan,Freight included; round-off applied,Name variation retained,9dcddd5b6d8b44a19edfb17e9647312f
INV/1237,VCH1237,Sales,2025-09-21,2025-11-20,2025-26,Pending,RTGS,60,26196.0,26196.0,0.0,27AAACT1234F1Z5,GST,Gujarat,3996.0,7.5%,INR,Ortho Care Centre,Orthopedic Clinic,Dr. R. Kulkarni,Trauma Surgeon,SURG-003,27ABCDE1234F1Z1,Pune,South,Rahul Mehta,Ortho Distributors Pvt Ltd,WEST 1,Locking Plate,Orthopedic Implant,Plate,B4751-C,L55063,UDI-664844-B,SN929574,Sterile,21 Sep 2026,2025/05/24,2,Pieces,"₹12,000.00","₹13,800.00",Open Reduction,Titanium,OSM,Mumbai WH,2025/09/22,Delivered,TCS,Reorder,5,20,Pending,Exported from Tally	with master alias,Text numeric field,83acf70ba257b7053e21f44cea6736c3
INV/1237,VCH1237,Sales,2025-09-21,2025-11-20,2025-26,Adjusted,cash,15,13650.0,13650.0,13650.0,24BBBCD2345G1Z2,GST,Karnataka,1462.5,2.5 %,₹,Ortho Care Center,Orthopedic Clinic,dr a. sharma,Orthopedic Surgeon,SURG-001,29LMNOP9012Q1Z3,Pune,South,Amit Verma,Trauma Supplies,West-1,External Fixator,Trauma Fixation,Fixator,B4197-C,L22279,UDI-181990-B,SN691370,STERILE,09-03-2028,23-07-2025,10,Box,"1,250.00","1,500.00",Trauma Stabilization,Aluminium,OSM,Mumbai WH-2,22 Sep 2025,Delivered,TCS,In Stock,10,20,No,Credit note adjustment for return batch,Alias master matched,2785562f304f28b9ebe3e9b323406a6b
INV/1237,VCH1237,Payment,2025-09-21,2025-11-05,2025-26,Partially Paid,Cash,15,21432.6,21432.6,10716.3,24BBBCD2345G1Z2,IGST,Maharashtra,1020.6,10%,INR,apex hospital,Multi-Specialty Hospital,Dr P Nair,Spine Surgeon,SURG-004,29LMNOP9012Q1Z3,Thane,West-1,Sneha Joshi,Trauma Supplies LLP,South-1,Bone Drill Set,Surgical Instrument,Instrument,B2190-C,L72070,UDI-356220-C,SN426011,Non-Sterile,11 Sep 2027,23-07-2025,12,Box,1890,2173.5,Surgical Prep,Steel,SpinePro,Ahmedabad WH,45922,In Transit,Delhivery,In Stock,10,30,No,Credit note adjustment for return batch,Trailing space preserved,cbed8d4b7970def2684b0cd2ca614d35
INV/1238,VCH1238,Sales,2025-07-03,2025-09-01,2025-26,Adjusted,cash,30,18144.0,18144.0,13608.0,29CCCDD3456H1Z3,GST,Karnataka,1944.0,10,INR,Ortho Care Center,Orthopedic Clinic,DR. P. NAIR,Spine Surgeon,SURG-004,27ABCDE1234F1Z1,Pune,South-1,S. Joshi,Trauma Supplies,South-1,External Fixator,Trauma Fixation,Fixator,B3609-A,L16813,UDI-938619-C,SN971843,Sterile,25 Dec 2026,2025/05/04,4,BOX,4500,"₹5,175.00",Trauma Stabilization,Aluminium,SpinePro,Mumbai WH,45842,Delivered,Delhivery,Reorder,25,3,Pending,"Revised invoice after doctor change,
please verify branch mapping",Text numeric field,4d445ba41b206838adcccaf0fc18732d
INV/1238,VCH1238,Receipt,2025-07-03,2025-08-17,2025-26,Pending,Bank Transfer,45,6070.31,6070.31,0.0,24BBBCD2345G1Z2,GST,Karnataka,289.06,7.5 %,Rs.,APEX HOSPITAL,Multi-Specialty Hospital,DR P NAIR,Spine Surgeon,SURG-004,24FGHIJ5678K1Z2,Thane,South,S. Joshi,ORTHO DISTRIBUTORS,W1,Knee Prosthesis,Joint Replacement,Prosthesis,B7802-B,L41940,UDI-363200-C,SN329957,Sterile,2027/12/20,45781,5 PCS,pcs,"1,250.00","1,500.00",Arthroplasty,Cobalt Chrome,SpinePro,Mumbai WH,03 Jul 2025,In Transit,Delhivery,Reserved,5,3,nan,Credit note adjustment for return batch,Mixed date style,214e891b0bb0b8219dec60ddea17418b
INV/1239,VCH1239,Payment,2025-03-26,2025-05-10,2024-25,Pending,cash,60,23625.0,23625.0,23625.0,24BBBCD2345G1Z2,CGST+SGST,Karnataka,1125.0,10,INR,SPINE & JOINT INSTITUTE,Orthopedic Clinic,DR. ANIL SHARMA,Orthopedic Surgeon,SURG-001,27ABCDE1234F1Z1,Ahmedabad,South,S. Joshi,Ortho Distributors Pvt Ltd,WEST 1,Cancellous Screw,Orthopedic Implant,Screw,B1507-B,L38032,UDI-974549-C,SN959243,Sterile,46107,26 Nov 2024,1 PCS,BOX,"₹25,000.00","₹30,000.00",Fracture Fixation,Stainless Steel,TraumaFix,Pune WH,26-03-2025,Partially Delivered,Professional Couriers,In Stock,25,5,No,"Invoice for orthopedic implants, includes ""plate, screw"" bundle",Mixed date style,fcb8d0e8c49a36d337b27ab47054ed61
INV/1239,VCH1239,Payment,2025-03-26,2025-04-25,2024-25,Adjusted,RTGS,45,112100.0,112100.0,112100.0,27AAACT1234F1Z5,CGST/SGST,Karnataka,17100.0,5%,INR,Spine & Joint Institute,Orthopedic Clinic,dr rajesh kulkarni,Trauma Surgeon,SURG-003,29LMNOP9012Q1Z3,Ahmedabad,WEST 1,S. Joshi,Ortho Distributors,South-1,Spinal Rod,Spinal Implant,Rod,B5650-A,L16657,UDI-648794-C,SN755938,Sterile,26 Mar 2026,24 Feb 2025,4,Box,"₹25,000.00",28750,Spine Stabilization,Titanium Alloy,SpinePro,Mumbai WH,45743,Partially Delivered,DTDC,In Stock,25,5,No,"Revised invoice after doctor change,
please verify branch mapping",Text numeric field,dfa8e1e2023db4f9677f4fcdae173c08
INV/1239,VCH1239,Sales Return,2025-03-26,2025-05-10,2024-25,Partially Paid,cash,30,16372.5,16372.5,12279.38,27AAACT1234F1Z5,IGST,Karnataka,2497.5,7.5,Rs.,trauma one,Trauma Center,DR. R. KULKARNI,Trauma Surgeon,SURG-003,29LMNOP9012Q1Z3,Nagpur,Central,A. Verma,ORTHO DISTRIBUTORS,W1,Knee Prosthesis,Joint Replacement,Prosthesis,B1822-C,L99850,UDI-519698-B,SN861197,Sterile,2026/03/26,45622,12,PCS,1250.00,1437.50,Arthroplasty,Cobalt Chrome,JointMax,Mumbai WH-2,2025/03/27,Hold,Delhivery,In Stock,10,0,nan,Part payment received; balance pending,Alias master matched,b5e4a3e60b9c5b1b6038de1774c066c8
INV/1239,VCH1239,Purchase,2025-03-26,2025-05-10,2024-25,Partially Paid,UPI,30,60534.0,60534.0,0.0,27AAACT1234F1Z5,CGST+SGST,Gujarat,9234.0,5 %,INR,CITY MEDISURG PVT. LTD.,Multi-Specialty Hospital,DR. MEERA IYER,Joint Replacement Surgeon,SURG-002,29LMNOP9012Q1Z3,Surat,Central 1,Sneha Joshi,ORTHO DISTRIBUTORS,CENTRAL 1,Locking Plate,Orthopedic Implant,Plate,B7866-B,L68555,UDI-500126-C,SN319928,Non-Sterile,46107,2025/02/24,12,Box,4500.00,"₹5,175.00",Open Reduction,Titanium,OrthoFlex,Mumbai WH-2,45745,Delivered,TCS,Low Stock,5,30,No,"Approved by store; udi matched, ref=""INV/1239""",Text numeric field,a529bcbb872ff5cacb387d846d2ac2a0
INV/1240,VCH1240,Purchase,2025-12-11,2026-01-25,2025-26,Adjusted,Bank Transfer,45,2548.8,2548.8,1274.4,24BBBCD2345G1Z2,GST,Maharashtra,388.8,10 %,Rs.,Trauma One,Trauma Center,DR. R. KULKARNI,Trauma Surgeon,SURG-003,24FGHIJ5678K1Z2,Nagpur,West-1,R. Mehta,Ortho Distributors Pvt Ltd,Central-1,Bone Drill Set,Surgical Instrument,Instrument,B9293-C,L86431,UDI-646209-B,SN982040,Sterile,04-06-2027,12 Oct 2025,1 PCS,BOX,2400,2880,Surgical Prep,Steel,JointMax,Ahmedabad WH,13 Dec 2025,In Transit,TCS,Reorder,25,30,nan,"Revised invoice after doctor change,
please verify branch mapping",Alias master matched,6cb435923456c7c993a4fd83df5aa138
INV/1240,VCH1240,Purchase,2025-12-11,2025-12-26,2025-26,Pending,cash,60,37800.0,37800.0,28350.0,27AAACT1234F1Z5,CGST+SGST,Gujarat,4050.0,0.00,INR,City Medisurg Pvt. Ltd.,Multi-Specialty Hospital,dr. meera iyer,Joint Replacement Surgeon,SURG-002,27ABCDE1234F1Z1,Surat,West-1,A. Verma,Trauma Supplies,S-1,External Fixator,Trauma Fixation,Fixator,B2886-C,L12438,UDI-727394-C,SN822717,Sterile,01 Dec 2027,11 Nov 2025,5 PCS,Box,"₹6,750.00","₹7,762.50",Trauma Stabilization,Aluminium,BoneLock,Mumbai WH,12 Dec 2025,Partially Delivered,Blue Dart,In Stock,25,3,nan,Dispatch against PO; follow-up due on next cycle,Text numeric field,b66e6faf51fdbdaebe16e3ed9256bbcd
INV/1240,VCH1240,Payment,2025-12-11,2026-01-10,2025-26,Adjusted,UPI,45,3869.78,3869.78,2902.33,24BBBCD2345G1Z2,CGST/SGST,Gujarat,184.28,2.5%,INR,ORTHO CARE CENTRE,Orthopedic Clinic,Dr. Nisha Patel,Orthopedic Surgeon,SURG-005,29LMNOP9012Q1Z3,Pune,WEST 1,A. Verma,Ortho Distributors,South-1,Knee Prosthesis,Joint Replacement,Prosthesis,B6124-A,L61661,UDI-574489-A,SN915511,STERILE,2027/12/01,2025/10/12,2,Pieces,"1,890.00","2,079.00",Arthroplasty,Cobalt Chrome,TraumaFix,Ahmedabad WH,2025/12/14,Partially Delivered,DTDC,Reserved,5,0,Pending,Exported from Tally	with master alias	tabbed-remark,Unicode NBSP present,5b5580d5c38ffc33cd8614fba082609e
INV/1241,VCH1241,Sales Return,2024-06-21,2024-08-05,2024-25,Paid,RTGS,15,157248.0,157248.0,0.0,29CCCDD3456H1Z3,IGST,Gujarat,16848.0,2.5 %,INR,ortho care centre,Orthopedic Clinic,Dr Meera Iyer,Joint Replacement Surgeon,SURG-002,29LMNOP9012Q1Z3,Pune,South,Rahul Mehta,Trauma Supplies,S-1,Locking Plate,Orthopedic Implant,Plate,B4233-A,L39648,UDI-953721-C,SN982820,Sterile,46364,23-03-2024,12 PCS,pcs,12000.00,"13,800.00",Open Reduction,Titanium,TraumaFix,Ahmedabad WH,2024/06/21,Delivered,Delhivery,In Stock,20,5,Pending,Credit note adjustment for return batch,Name variation retained,8b439cca5f8479ed911afb3b2e6071ab
INV/1241,VCH1241,Sales Return,2024-06-21,2024-08-20,2024-25,Paid,RTGS,45,17257.5,17257.5,12943.12,29CCCDD3456H1Z3,CGST/SGST,Maharashtra,2632.5,2.5%,INR,Trauma One Pvt Ltd,Trauma Center,Dr A. Sharma,Orthopedic Surgeon,SURG-001,29LMNOP9012Q1Z3,Nagpur,Central 1,Rahul Mehta,Ortho Distributors Pvt Ltd,S-1,Cancellous Screw,Orthopedic Implant,Screw,B4443-B,L37789,UDI-220086-B,SN812662,Sterile,08 Dec 2026,2024/04/22,12,Pieces,"₹1,250.00",1437.5,Fracture Fixation,Stainless Steel,BoneLock,Mumbai WH-2,24-06-2024,Delivered,Professional Couriers,Reserved,5,3,nan,"Part payment received; balance pending
Export note retained as multiline remark",Mixed date style,0e0b0cb69d52060a04f5e3c6131fab9d
INV/1241,VCH1241,Sales,2024-06-21,2024-08-05,2024-25,Paid,cash,30,19425.0,19425.0,19425.0,24BBBCD2345G1Z2,CGST/SGST,Maharashtra,925.0,0 %,Rs.,Apex Hospital,Multi-Specialty Hospital,DR. P. NAIR,Spine Surgeon,SURG-004,27ABCDE1234F1Z1,Mumbai,West,Amit Verma,Trauma Supplies LLP,W1,External Fixator,Trauma Fixation,Fixator,B5100-B,L26739,UDI-900925-C,SN920586,Sterile,46364,45404,1,Box,"18,500.00",20350,Trauma Stabilization,Aluminium,OSM,Mumbai WH-2,2024/06/24,In Transit,DTDC,Reorder,25,30,No,Part payment received; balance pending,Unicode NBSP present,b14788ffaa4c4768cb4986575199482c
INV/1242,VCH1242,Sales,2024-08-30,2024-09-29,2024-25,Pending,Cash,45,65490.0,65490.0,32745.0,27AAACT1234F1Z5,GST,Maharashtra,9990.0,0.07,INR,City Medisurg,Multi-Specialty Hospital,DR P NAIR,Spine Surgeon,SURG-004,24FGHIJ5678K1Z2,Surat,South-1,Rahul Mehta,ORTHO DISTRIBUTORS,S-1,Spinal Rod,Spinal Implant,Rod,B9672-A,L98978,UDI-656536-A,SN923354,Sterile,20 Aug 2026,01-07-2024,5,Box,"12,000.00",14400,Spine Stabilization,Titanium Alloy,TraumaFix,Mumbai WH-2,31-08-2024,In Transit,DTDC,Reserved,5,30,Pending,Part payment received; balance pending,Trailing space preserved,b952cc976429a0803d2a90bfb0ac5a10
INV/1242,VCH1242,Receipt,2024-08-30,2024-09-29,2024-25,Pending,Bank Transfer,60,26880.0,26880.0,26880.0,29CCCDD3456H1Z3,GST,Maharashtra,2880.0,0.00,INR,CITY MEDISURG,Multi-Specialty Hospital,Dr. Nisha Patel,Orthopedic Surgeon,SURG-005,29LMNOP9012Q1Z3,Surat,South-1,Rahul Mehta,Trauma Supplies,West-1,Locking Plate,Orthopedic Implant,Plate,B3748-A,L29535,UDI-603327-B,SN299379,Sterile,16 Feb 2027,45444,10,Pieces,2400,"2,640.00",Open Reduction,Titanium,BoneLock,Pune Main,2024/08/30,Partially Delivered,TCS,Reserved,5,8,Yes,Dispatch against PO; follow-up due on next cycle,Unicode NBSP present,e08ff9a9a0f7d5552831d869db348e77
INV/1242,VCH1242,Payment,2024-08-30,2024-09-29,2024-25,Partially Paid,Cash,30,53200.0,53200.0,39900.0,27AAACT1234F1Z5,CGST/SGST,Maharashtra,5700.0,5%,INR,City Medisurg,Multi-Specialty Hospital,Dr Meera Iyer,Joint Replacement Surgeon,SURG-002,24FGHIJ5678K1Z2,Surat,Central,Rahul Mehta,Trauma Supplies,South-1,Spinal Rod,Spinal Implant,Rod,B1765-A,L74525,UDI-194979-B,SN266029,Non-Sterile,30-08-2025,2024/07/01,2,Pieces,"₹25,000.00","28,750.00",Spine Stabilization,Titanium Alloy,OSM,Mumbai WH,30 Aug 2024,Hold,Delhivery,Low Stock,5,5,No,"Invoice for orthopedic implants, includes ""plate, screw"" bundle
Export note retained as multiline remark",Unicode NBSP present,b5cf4e5a91693f44bc25cc123ce52506
INV/1243,VCH1243,Purchase,2024-08-04,2024-10-03,2024-25,Pending,RTGS,30,2655.0,2655.0,1991.25,24BBBCD2345G1Z2,GST,Karnataka,405.0,10 %,INR,APEX HOSPITAL,Multi-Specialty Hospital,Dr. Anil Sharma,Orthopedic Surgeon,SURG-001,27ABCDE1234F1Z1,Mumbai,South,R. Mehta,ORTHO DISTRIBUTORS,W1,Knee Prosthesis,Joint Replacement,Prosthesis,B6974-B,L87668,UDI-760387-B,SN576622,Sterile,2025/08/04,05 Jul 2024,2,PCS,1250.00,"₹1,500.00",Arthroplasty,Cobalt Chrome,OrthoFlex,Ahmedabad WH,04 Aug 2024,In Transit,Delhivery,Reorder,10,8,nan,"Invoice for orthopedic implants, includes ""plate, screw"" bundle",Text numeric field,40d3f7abeac3a5bf90f3d8448bbd44a8
INV/1243,VCH1243,Sales,2024-08-04,2024-10-03,2024-25,Partially Paid,UPI,15,99750.0,99750.0,74812.5,27AAACT1234F1Z5,CGST/SGST,Maharashtra,4750.0,5%,INR,spine & joint institute,Orthopedic Clinic,dr rajesh kulkarni,Trauma Surgeon,SURG-003,27ABCDE1234F1Z1,Ahmedabad,South,Rahul Mehta,ORTHO DISTRIBUTORS,CENTRAL 1,Spinal Rod,Spinal Implant,Rod,B3684-A,L72219,UDI-983621-B,SN631583,STERILE,46408,45478,4,pcs,25000,28750.00,Spine Stabilization,Titanium Alloy,SpinePro,Pune WH,06-08-2024,Delivered,Delhivery,In Stock,25,8,No,"Approved by store; udi matched, ref=""INV/1243""",Trailing space preserved,ea36a71d00d26739e0dc6b69f6b56d49
INV/1244,VCH1244,Purchase,2024-11-25,2025-01-24,2024-25,Pending,Bank Transfer,60,35936.25,35936.25,0.0,27AAACT1234F1Z5,CGST+SGST,Gujarat,1711.25,7.5,INR,apex hospital,Multi-Specialty Hospital,DR A. SHARMA,Orthopedic Surgeon,SURG-001,27ABCDE1234F1Z1,Thane,Central,Amit Verma,Ortho Distributors,South-1,Spinal Rod,Spinal Implant,Rod,B6093-B,L81992,UDI-595619-A,SN466915,STERILE,25-11-2025,2024/10/26,2 PCS,Box,"18,500.00",20350.00,Spine Stabilization,Titanium Alloy,TraumaFix,Nagpur WH,25 Nov 2024,Partially Delivered,TCS,In Stock,5,5,Yes,Dispatch against PO; follow-up due on next cycle,Mixed date style,dd28671d8ce7b3b10e749b392c4e6634
INV/1244,VCH1244,Sales,2024-11-25,2024-12-10,2024-25,Paid,RTGS,30,151515.0,151515.0,151515.0,27AAACT1234F1Z5,CGST+SGST,Maharashtra,7215.0,2.5 %,₹,City Medisurg Pvt. Ltd.,Multi-Specialty Hospital,DR A. SHARMA,Orthopedic Surgeon,SURG-001,24FGHIJ5678K1Z2,Surat,Central,S. Joshi,Ortho Distributors,West-1,External Fixator,Trauma Fixation,Fixator,B5771-A,L61582,UDI-341281-C,SN911139,Sterile,46521,28-07-2024,8,pcs,"₹18,500.00","20,350.00",Trauma Stabilization,Aluminium,BoneLock,Nagpur WH,27 Nov 2024,Hold,Delhivery,Reorder,20,0,No,Approved by store; udi matched,Name variation retained,525743a6439963b749885004b476b66d
INV/1244,VCH1244,Sales Return,2024-11-25,2025-01-09,2024-25,Adjusted,UPI,15,3810.24,3810.24,0.0,24BBBCD2345G1Z2,IGST,Gujarat,408.24,10 %,INR,TRAUMA ONE PVT LTD,Trauma Center,dr p nair,Spine Surgeon,SURG-004,24FGHIJ5678K1Z2,Nagpur,Central,R. Mehta,Ortho Distributors,WEST 1,Knee Prosthesis,Joint Replacement,Prosthesis,B3822-C,L53987,UDI-647872-B,SN125355,STERILE,2027/05/14,2024/10/26,2,PCS,"1,890.00","2,079.00",Arthroplasty,Cobalt Chrome,SpinePro,Pune WH,45622,Hold,TCS,Low Stock,20,20,Yes,"Revised invoice after doctor change,
please verify branch mapping",Unicode NBSP present,fb5332d1626c9f12f59e8752673e1c07
inv/1245,VCH1245,Sales,2024-10-04,2024-11-03,2024-25,Adjusted,Cash,15,67200.0,67200.0,33600.0,24BBBCD2345G1Z2,IGST,Maharashtra,7200.0,0%,Rs.,ORTHO CARE CENTER,Orthopedic Clinic,Dr. P. Nair,Spine Surgeon,SURG-004,27ABCDE1234F1Z1,Pune,Central,R. Mehta,Trauma Supplies LLP,Central-1,External Fixator,Trauma Fixation,Fixator,B1477-C,L92074,UDI-373207-C,SN576345,Non-Sterile,2026/09/24,06 Jun 2024,5,Pieces,12000,"13,200.00",Trauma Stabilization,Aluminium,OSM,Pune WH,2024/10/04,Hold,Delhivery,Reorder,20,30,Yes,"Revised invoice after doctor change,
please verify branch mapping",Name variation retained,9852b807be103c29600bebab5ffdb265
INV/1245,VCH1245,Payment,2024-10-04,2024-11-18,2024-25,Paid,UPI,45,6825.0,6825.0,0.0,27AAACT1234F1Z5,CGST+SGST,Maharashtra,731.25,2.5,INR,spine and joint institute,Orthopedic Clinic,Dr. Nisha Patel,Orthopedic Surgeon,SURG-005,29LMNOP9012Q1Z3,Ahmedabad,Central 1,A. Verma,Trauma Supplies LLP,W1,Locking Plate,Orthopedic Implant,Plate,B8577-A,L84471,UDI-785897-A,SN407129,Non-Sterile,2027/03/23,2024/06/06,5,PCS,1250,"₹1,437.50",Open Reduction,Titanium,BoneLock,Mumbai WH,04-10-2024,Hold,Delhivery,In Stock,5,30,No,Dispatch against PO; follow-up due on next cycle,Mixed date style,976d97cac3844702a6a59c1440979ca6
INV/1245,VCH1245,Sales Return,2024-10-04,2024-12-03,2024-25,Paid,Cash,15,5097.6,5097.6,5097.6,27AAACT1234F1Z5,IGST,Karnataka,777.6,10,₹,Spine and Joint Institute,Orthopedic Clinic,Dr Nisha Patel,Orthopedic Surgeon,SURG-005,27ABCDE1234F1Z1,Ahmedabad,South-1,S. Joshi,ORTHO DISTRIBUTORS,WEST 1,Bone Drill Set,Surgical Instrument,Instrument,B6226-C,L69331,UDI-961328-B,SN771041,Sterile,23 Mar 2027,04-09-2024,2,pcs,"₹2,400.00",2880,Surgical Prep,Steel,JointMax,Ahmedabad WH,06-10-2024,Partially Delivered,TCS,Reorder,10,0,No,Freight included; round-off applied,Unicode NBSP present,677d03b8aca5a25be6b1fbe8dfc21167
INV/1246,VCH1246,Payment,2025-07-10,2025-08-09,2025-26,Adjusted,cash,45,235764.0,235764.0,0.0,24BBBCD2345G1Z2,CGST/SGST,Maharashtra,35964.0,10 %,INR,Apex Hospital,Multi-Specialty Hospital,DR. NISHA PATEL,Orthopedic Surgeon,SURG-005,27ABCDE1234F1Z1,Mumbai,WEST 1,R. Mehta,Ortho Distributors Pvt Ltd,West-1,Locking Plate,Orthopedic Implant,Plate,B3078-B,L27575,UDI-162399-B,SN102735,Non-Sterile,27 Dec 2027,12-03-2025,12,Box,18500.00,22200.00,Open Reduction,Titanium,BoneLock,Nagpur WH,2025/07/11,Delivered,Delhivery,Reserved,5,8,nan,Exported from Tally	with master alias,Unicode NBSP present,38618afa343864e4b729c952927d7eff
INV/1246,VCH1246,Sales,2025-07-10,2025-08-09,2025-26,Paid,RTGS,45,48384.0,48384.0,36288.0,27AAACT1234F1Z5,CGST/SGST,Karnataka,5184.0,0.10,INR,Apex Hospital Ltd.,Multi-Specialty Hospital,Dr Nisha Patel,Orthopedic Surgeon,SURG-005,27ABCDE1234F1Z1,Mumbai,Central,Rahul Mehta,Trauma Supplies LLP,CENTRAL 1,Locking Plate,Orthopedic Implant,Plate,B3569-C,L15524,UDI-693810-B,SN757684,Sterile,2027/12/27,2025/05/11,4,pcs,12000,14400.00,Open Reduction,Titanium,SpinePro,Mumbai WH-2,2025/07/10,Delivered,DTDC,In Stock,5,5,Pending,Freight included; round-off applied	tabbed-remark,Text numeric field,be4fd5e128b7b71c12d726fc1f4089d7
INV/1247,VCH1247,Payment,2025-07-12,2025-08-11,2025-26,Paid,NEFT,60,19152.0,19152.0,19152.0,27AAACT1234F1Z5,CGST+SGST,Gujarat,2052.0,5,Rs.,apex hospital ltd.,Multi-Specialty Hospital,Dr Nisha Patel,Orthopedic Surgeon,SURG-005,24FGHIJ5678K1Z2,Mumbai,West,S. Joshi,Ortho Distributors Pvt Ltd,Central-1,Knee Prosthesis,Joint Replacement,Prosthesis,B2702-B,L95630,UDI-864327-A,SN101505,STERILE,02-07-2027,13 Apr 2025,4 PCS,Box,"4,500.00",5175,Arthroplasty,Cobalt Chrome,OSM,Pune Main,13-07-2025,Partially Delivered,Professional Couriers,In Stock,25,3,nan,Approved by store; udi matched,Trailing space preserved,82203ee92c73c5bce972cfeb5b22600f
INV/1247,VCH1247,Payment,2025-07-12,2025-07-27,2025-26,Adjusted,cash,45,115050.0,115050.0,86287.5,24BBBCD2345G1Z2,GST,Karnataka,17550.0,2.5 %,INR,Apex Hospital,Multi-Specialty Hospital,dr. nisha patel,Orthopedic Surgeon,SURG-005,24FGHIJ5678K1Z2,Mumbai,South,R. Mehta,Ortho Distributors,W1,Cancellous Screw,Orthopedic Implant,Screw,B3205-A,L98861,UDI-959802-B,SN912529,Sterile,12 Jul 2026,2025/06/12,4,pcs,"₹25,000.00","₹28,750.00",Fracture Fixation,Stainless Steel,OrthoFlex,Pune Main,45850,Delivered,Delhivery,Reserved,25,0,No,Freight included; round-off applied,Text numeric field,b53cc621f670a6f744334c76583dacf2
INV/1248,VCH1248,Sales Return,2024-11-16,2024-12-31,2024-25,Adjusted,Cheque,60,51072.0,51072.0,51072.0,24BBBCD2345G1Z2,GST,Maharashtra,5472.0,5%,INR,Apex Hospital,Multi-Specialty Hospital,Dr. Anil Sharma,Orthopedic Surgeon,SURG-001,24FGHIJ5678K1Z2,Mumbai,South-1,Rahul Mehta,Trauma Supplies LLP,W1,Cancellous Screw,Orthopedic Implant,Screw,B2937-C,L50811,UDI-577229-A,SN400568,STERILE,10-05-2026,17-09-2024,4,Pieces,12000,14400,Fracture Fixation,Stainless Steel,OSM,Pune Main,18 Nov 2024,Hold,Delhivery,Reorder,5,0,Yes,Dispatch against PO; follow-up due on next cycle,Name variation retained,7dadbedda6d18f331d03874a0ae72d29
INV/1248,VCH1248,Sales Return,2024-11-16,2024-12-31,2024-25,Pending,NEFT,15,201927.5,201927.5,100963.75,24BBBCD2345G1Z2,GST,Gujarat,30802.5,7.5%,Rs.,spine and joint institute,Orthopedic Clinic,DR. ANIL SHARMA,Orthopedic Surgeon,SURG-001,24FGHIJ5678K1Z2,Ahmedabad,West-1,Amit Verma,Ortho Distributors,South-1,Locking Plate,Orthopedic Implant,Plate,B5143-C,L36934,UDI-907041-B,SN593175,STERILE,45977,19 Jul 2024,10,Pieces,18500,22200.00,Open Reduction,Titanium,SpinePro,Mumbai WH,17-11-2024,Delivered,DTDC,In Stock,20,0,nan,"Invoice for orthopedic implants, includes ""plate, screw"" bundle	tabbed-remark",Text numeric field,ebf773c3ae89cc89f1958ef7b50cebc1
INV/1249,VCH1249,Receipt,2024-08-22,2024-10-06,2024-25,Pending,cash,60,218300.0,218300.0,109150.0,24BBBCD2345G1Z2,CGST/SGST,Gujarat,33300.0,7.5%,Rs.,Trauma One,Trauma Center,Dr Nisha Patel,Orthopedic Surgeon,SURG-005,24FGHIJ5678K1Z2,Nagpur,South-1,Rahul Mehta,Trauma Supplies LLP,WEST 1,Spinal Rod,Spinal Implant,Rod,B2787-A,L40925,UDI-465484-C,SN421964,Sterile,2027/02/08,23-06-2024,8,Pieces,25000,"₹27,500.00",Spine Stabilization,Titanium Alloy,TraumaFix,Ahmedabad WH,22-08-2024,Delivered,Blue Dart,Reserved,10,15,No,Freight included; round-off applied	tabbed-remark,Name variation retained,dfd1884772adcb98f8aa59079548320e
INV/1249,VCH1249,Payment,2024-08-22,2024-10-06,2024-25,Adjusted,Cash,45,24281.25,24281.25,24281.25,27AAACT1234F1Z5,IGST,Karnataka,1156.25,0.07,Rs.,Apex Hospital Ltd.,Multi-Specialty Hospital,Dr. Anil Sharma,Orthopedic Surgeon,SURG-001,27ABCDE1234F1Z1,Mumbai,Central,Rahul Mehta,ORTHO DISTRIBUTORS,South-1,Knee Prosthesis,Joint Replacement,Prosthesis,B3936-C,L81733,UDI-177423-C,SN523059,Sterile,46246,23-06-2024,1 PCS,BOX,25000,"30,000.00",Arthroplasty,Cobalt Chrome,OSM,Pune WH,2024/08/23,Partially Delivered,Blue Dart,In Stock,10,0,Yes,Credit note adjustment for return batch,Name variation retained,b97ed27114c5e6a83c49bbf207838958
INV/1249,VCH1249,Sales,2024-08-22,2024-09-21,2024-25,Paid,Cash,15,2800.0,2800.0,2800.0,27AAACT1234F1Z5,CGST+SGST,Maharashtra,300.0,0%,Rs.,trauma one pvt ltd,Trauma Center,DR A. SHARMA,Orthopedic Surgeon,SURG-001,24FGHIJ5678K1Z2,Nagpur,Central 1,S. Joshi,Ortho Distributors Pvt Ltd,W1,Locking Plate,Orthopedic Implant,Plate,B4929-C,L58579,UDI-483761-B,SN521365,Sterile,13-02-2026,2024/05/24,2 PCS,Box,"₹1,250.00","1,437.50",Open Reduction,Titanium,JointMax,Ahmedabad WH,25-08-2024,Delivered,Professional Couriers,Low Stock,20,8,Yes,"Invoice for orthopedic implants, includes ""plate, screw"" bundle",Alias master matched,830f2aa26099b0737ae3e16bac3b61de
INV/1250,VCH1250,Sales,2026-02-25,2026-04-26,2025-26,Partially Paid,UPI,30,10360.0,10360.0,10360.0,29CCCDD3456H1Z3,IGST,Maharashtra,1110.0,7.5%,₹,TRAUMA ONE,Trauma Center,Dr Rajesh Kulkarni,Trauma Surgeon,SURG-003,27ABCDE1234F1Z1,Nagpur,WEST 1,R. Mehta,Ortho Distributors Pvt Ltd,WEST 1,External Fixator,Trauma Fixation,Fixator,B8038-C,L71516,UDI-702043-A,SN138984,Non-Sterile,2027/08/19,27-12-2025,8,PCS,1250,"1,375.00",Trauma Stabilization,Aluminium,BoneLock,Mumbai WH,28 Feb 2026,In Transit,Delhivery,Low Stock,10,30,No,"Part payment received; balance pending, ref=""INV/1250""",Mixed date style,d630a54abd87fc27384bf6546cf85dd4
INV/1250,VCH1250,Sales Return,2026-02-25,2026-03-27,2025-26,Pending,RTGS,15,4914.0,4914.0,3685.5,27AAACT1234F1Z5,CGST+SGST,Gujarat,526.5,2.5%,₹,apex hospital,Multi-Specialty Hospital,Dr. Anil Sharma,Orthopedic Surgeon,SURG-001,27ABCDE1234F1Z1,Mumbai,West,Rahul Mehta,ORTHO DISTRIBUTORS,Central-1,Locking Plate,Orthopedic Implant,Plate,B8941-B,L34090,UDI-438390-B,SN222236,STERILE,19 Aug 2027,27 Nov 2025,1,Box,4500,5175,Open Reduction,Titanium,TraumaFix,Pune WH,26 Feb 2026,Delivered,DTDC,Low Stock,5,8,nan,Approved by store; udi matched,Mixed date style,1756e0f72329975363b1b5a634cbf37f
INV/1250,VCH1250,Receipt,2026-02-25,2026-04-26,2025-26,Partially Paid,RTGS,15,20428.8,20428.8,15321.6,24BBBCD2345G1Z2,GST,Maharashtra,2188.8,5,₹,Ortho Care Centre,Orthopedic Clinic,DR. P. NAIR,Spine Surgeon,SURG-004,27ABCDE1234F1Z1,Pune,South-1,S. Joshi,ORTHO DISTRIBUTORS,WEST 1,Cancellous Screw,Orthopedic Implant,Screw,B3631-C,L39240,UDI-267750-A,SN295111,Non-Sterile,19-08-2027,2025/10/28,8 PCS,pcs,"2,400.00",2880.00,Fracture Fixation,Stainless Steel,JointMax,Mumbai WH,28-02-2026,In Transit,DTDC,Low Stock,20,0,nan,"Revised invoice after doctor change,
please verify branch mapping",Trailing space preserved,bef182d9dad47f54c2dffd05fc983102
INV/1250,VCH1250,Sales Return,2026-02-25,2026-04-11,2025-26,Partially Paid,cash,15,51772.5,51772.5,38829.38,29CCCDD3456H1Z3,CGST+SGST,Gujarat,7897.5,0.03,INR,ortho care center,Orthopedic Clinic,Dr. P. Nair,Spine Surgeon,SURG-004,29LMNOP9012Q1Z3,Pune,Central,S. Joshi,Ortho Distributors Pvt Ltd,S-1,Cancellous Screw,Orthopedic Implant,Screw,B1528-C,L93756,UDI-456878-A,SN899481,Sterile,46618,2025/11/27,10 PCS,Pieces,"4,500.00",4950,Fracture Fixation,Stainless Steel,TraumaFix,Nagpur WH,2026/02/25,Delivered,Professional Couriers,Reserved,10,20,No,Freight included; round-off applied,Mixed date style,902fbf577ca9cb4ba6b59d3c51c04d60
INV/1251,VCH1251,Sales Return,2025-04-11,2025-05-11,2025-26,Partially Paid,RTGS,30,174825.0,174825.0,174825.0,29CCCDD3456H1Z3,GST,Karnataka,8325.0,10,INR,TRAUMA ONE,Trauma Center,Dr. Anil Sharma,Orthopedic Surgeon,SURG-001,24FGHIJ5678K1Z2,Nagpur,Central 1,A. Verma,ORTHO DISTRIBUTORS,Central-1,External Fixator,Trauma Fixation,Fixator,B7028-B,L63802,UDI-882232-C,SN165116,Sterile,03 Oct 2026,12-03-2025,10,pcs,"₹18,500.00","₹21,275.00",Trauma Stabilization,Aluminium,BoneLock,Pune Main,45761,Partially Delivered,Delhivery,In Stock,20,3,No,"Part payment received; balance pending, ref=""INV/1251""",Unicode NBSP present,b204d071660f3990f076f0e588fad52f
INV/1251,VCH1251,Sales,2025-04-11,2025-05-11,2025-26,Pending,UPI,60,43706.25,43706.25,21853.12,27AAACT1234F1Z5,CGST+SGST,Gujarat,2081.25,7.5,Rs.,Ortho Care Center,Orthopedic Clinic,Dr. Anil Sharma,Orthopedic Surgeon,SURG-001,27ABCDE1234F1Z1,Pune,West-1,Rahul Mehta,ORTHO DISTRIBUTORS,Central-1,Bone Drill Set,Surgical Instrument,Instrument,B6954-A,L62671,UDI-883747-A,SN271476,Non-Sterile,11 Apr 2026,10 Feb 2025,10,Pieces,"₹4,500.00","5,400.00",Surgical Prep,Steel,JointMax,Mumbai WH,2025/04/13,Partially Delivered,Professional Couriers,Low Stock,5,0,No,"Revised invoice after doctor change,
please verify branch mapping",Alias master matched,448bb3bcd617f284a2ca5409919a0e39
INV/1251,VCH1251,Sales,2025-04-11,2025-04-26,2025-26,Partially Paid,RTGS,15,14000.0,14000.0,14000.0,27AAACT1234F1Z5,CGST/SGST,Karnataka,1500.0,0%,₹,Spine And Joint Institute,Orthopedic Clinic,dr p nair,Spine Surgeon,SURG-004,27ABCDE1234F1Z1,Ahmedabad,Central 1,Sneha Joshi,Ortho Distributors,CENTRAL 1,Spinal Rod,Spinal Implant,Rod,B1266-C,L64296,UDI-696052-C,SN318104,Sterile,46658,12-03-2025,10,Pieces,"₹1,250.00",1437.5,Spine Stabilization,Titanium Alloy,OSM,Nagpur WH,45758,Delivered,Professional Couriers,In Stock,5,5,Yes,Freight included; round-off applied,Mixed date style,44e37e62e0dba52aff5cb63aea5329d3
INV/1251,VCH1251,Sales,2025-04-11,2025-06-10,2025-26,Paid,NEFT,15,8474.76,8474.76,4237.38,24BBBCD2345G1Z2,IGST,Gujarat,1292.76,5%,₹,Trauma One Pvt Ltd,Trauma Center,dr. anil sharma,Orthopedic Surgeon,SURG-001,27ABCDE1234F1Z1,Nagpur,South,Rahul Mehta,Trauma Supplies,West-1,External Fixator,Trauma Fixation,Fixator,B8714-A,L43561,UDI-843810-B,SN282626,Sterile,46298,45728,4,pcs,1890,2173.50,Trauma Stabilization,Aluminium,TraumaFix,Mumbai WH,2025/04/14,Delivered,DTDC,In Stock,5,15,No,"Part payment received; balance pending
Export note retained as multiline remark",Mixed date style,9411d6553c5f7bee2cac22bbafd486a7
INV/1252,VCH1252,Receipt,2025-09-12,2025-11-11,2025-26,Partially Paid,NEFT,30,23940.0,23940.0,11970.0,27AAACT1234F1Z5,CGST/SGST,Karnataka,1140.0,5,INR,apex hospital,Multi-Specialty Hospital,DR NISHA PATEL,Orthopedic Surgeon,SURG-005,29LMNOP9012Q1Z3,Mumbai,Central 1,Amit Verma,Trauma Supplies LLP,S-1,Knee Prosthesis,Joint Replacement,Prosthesis,B9275-A,L31592,UDI-950748-C,SN740844,Non-Sterile,12 Sep 2026,13-08-2025,10 PCS,Box,2400,2760.00,Arthroplasty,Cobalt Chrome,SpinePro,Mumbai WH,12-09-2025,Partially Delivered,Delhivery,In Stock,10,20,No,Freight included; round-off applied,Alias master matched,61054ab33163cb6433067a6f7f98f62c
INV/1252,VCH1252,Purchase,2025-09-12,2025-11-11,2025-26,Pending,Cash,30,2590.0,2590.0,2590.0,27AAACT1234F1Z5,CGST+SGST,Maharashtra,277.5,0.07,INR,Spine & Joint Institute,Orthopedic Clinic,DR. MEERA IYER,Joint Replacement Surgeon,SURG-002,24FGHIJ5678K1Z2,Ahmedabad,South-1,Amit Verma,Trauma Supplies LLP,Central-1,Spinal Rod,Spinal Implant,Rod,B6873-A,L38702,UDI-930871-A,SN763804,Sterile,29-02-2028,15 May 2025,2,pcs,"1,250.00",1375,Spine Stabilization,Titanium Alloy,BoneLock,Pune WH,2025/09/13,Delivered,DTDC,Reserved,5,20,nan,Freight included; round-off applied,Alias master matched,79a0d61d4c31c61bc8339cca82039e9f
INV/1252,VCH1252,Sales,2025-09-12,2025-10-12,2025-26,Partially Paid,cash,45,24864.0,24864.0,12432.0,29CCCDD3456H1Z3,GST,Maharashtra,2664.0,0.07,INR,Ortho Care Centre,Orthopedic Clinic,Dr Nisha Patel,Orthopedic Surgeon,SURG-005,27ABCDE1234F1Z1,Pune,South,Rahul Mehta,Trauma Supplies,South-1,Locking Plate,Orthopedic Implant,Plate,B6803-A,L78960,UDI-930519-C,SN456902,STERILE,46812,45882,10,PCS,"2,400.00",2760.00,Open Reduction,Titanium,BoneLock,Pune Main,2025/09/15,In Transit,TCS,In Stock,25,0,No,Dispatch against PO; follow-up due on next cycle,Trailing space preserved,f05a968f227fd6bd844f95346e9a538e
INV/1252,VCH1252,Receipt,2025-09-12,2025-10-12,2025-26,Pending,cash,30,16949.52,16949.52,8474.76,24BBBCD2345G1Z2,IGST,Karnataka,2585.52,5,Rs.,city medisurg,Multi-Specialty Hospital,DR A. SHARMA,Orthopedic Surgeon,SURG-001,27ABCDE1234F1Z1,Surat,West,Sneha Joshi,Trauma Supplies,South-1,Bone Drill Set,Surgical Instrument,Instrument,B8190-B,L58673,UDI-904073-B,SN556606,Non-Sterile,02 Sep 2027,15-05-2025,8,PCS,"1,890.00",2268.00,Surgical Prep,Steel,BoneLock,Ahmedabad WH,2025/09/15,Hold,DTDC,In Stock,20,0,No,"Revised invoice after doctor change,
please verify branch mapping",Text numeric field,a84ce7c044f0ed711283e930cfe948ca
inv/1253,VCH1253,Receipt,2025-02-18,2025-03-05,2024-25,Pending,NEFT,60,4662.0,4662.0,4662.0,29CCCDD3456H1Z3,CGST/SGST,Maharashtra,222.0,0.07,INR,Ortho Care Center,Orthopedic Clinic,Dr P Nair,Spine Surgeon,SURG-004,29LMNOP9012Q1Z3,Pune,South,Amit Verma,Trauma Supplies,S-1,Spinal Rod,Spinal Implant,Rod,B1090-C,L29952,UDI-764810-A,SN941171,Non-Sterile,46606,45676,2 PCS,pcs,"₹2,400.00",2640,Spine Stabilization,Titanium Alloy,TraumaFix,Mumbai WH,19 Feb 2025,Delivered,Delhivery,In Stock,25,0,No,Dispatch against PO; follow-up due on next cycle,Name variation retained,f7b5987673993af124ab42e63c588a94
INV/1253,VCH1253,Sales Return,2025-02-18,2025-03-05,2024-25,Paid,Cheque,45,17257.5,17257.5,0.0,24BBBCD2345G1Z2,IGST,Maharashtra,2632.5,2.5 %,Rs.,APEX HOSPITAL,Multi-Specialty Hospital,DR RAJESH KULKARNI,Trauma Surgeon,SURG-003,24FGHIJ5678K1Z2,Mumbai,Central,Sneha Joshi,Ortho Distributors,S-1,Spinal Rod,Spinal Implant,Rod,B4558-A,L97644,UDI-947565-B,SN362327,STERILE,46606,20-11-2024,12,Box,1250,1500.00,Spine Stabilization,Titanium Alloy,SpinePro,Mumbai WH-2,2025/02/19,In Transit,DTDC,Reserved,25,30,nan,"Invoice for orthopedic implants, includes ""plate, screw"" bundle",Unicode NBSP present,049cbd24ba41d63d5836db368cd5b11d
INV/1253,VCH1253,Receipt,2025-02-18,2025-03-05,2024-25,Partially Paid,RTGS,45,44887.5,44887.5,33665.62,29CCCDD3456H1Z3,CGST+SGST,Gujarat,2137.5,0.05,INR,ORTHO CARE CENTRE,Orthopedic Clinic,DR A. SHARMA,Orthopedic Surgeon,SURG-001,24FGHIJ5678K1Z2,Pune,Central 1,Amit Verma,Ortho Distributors,W1,External Fixator,Trauma Fixation,Fixator,B3615-A,L65902,UDI-432760-A,SN927843,Non-Sterile,46426,45646,10,BOX,"₹4,500.00",5400.00,Trauma Stabilization,Aluminium,SpinePro,Pune WH,18 Feb 2025,Partially Delivered,Blue Dart,In Stock,10,20,No,"Revised invoice after doctor change,
please verify branch mapping	tabbed-remark",Name variation retained,afe7f0534bc57ec95ba955fa61dbd9ce
INV/1254,VCH1254,Sales Return,2024-12-16,2025-02-14,2024-25,Partially Paid,cash,45,16087.68,16087.68,8043.84,24BBBCD2345G1Z2,IGST,Karnataka,1723.68,5 %,INR,Trauma One Pvt Ltd,Trauma Center,DR NISHA PATEL,Orthopedic Surgeon,SURG-005,24FGHIJ5678K1Z2,Nagpur,West,S. Joshi,Ortho Distributors,W1,Locking Plate,Orthopedic Implant,Plate,B2710-C,L15563,UDI-588946-C,SN936666,STERILE,46542,45582,8,Pieces,1890,"2,268.00",Open Reduction,Titanium,BoneLock,Pune Main,16 Dec 2024,Delivered,Blue Dart,In Stock,20,3,No,"Revised invoice after doctor change,
please verify branch mapping",Name variation retained,6d24ff86251c28c3dedc36c090b360c4
INV/1254,VCH1254,Purchase,2024-12-16,2024-12-31,2024-25,Adjusted,NEFT,60,54432.0,54432.0,54432.0,24BBBCD2345G1Z2,GST,Maharashtra,5832.0,0.10,INR,Spine and Joint Institute,Orthopedic Clinic,DR. MEERA IYER,Joint Replacement Surgeon,SURG-002,24FGHIJ5678K1Z2,Ahmedabad,West,Sneha Joshi,Ortho Distributors Pvt Ltd,West-1,Locking Plate,Orthopedic Implant,Plate,B4603-B,L69289,UDI-847613-A,SN783996,STERILE,04-06-2027,2024/08/18,12 PCS,pcs,"₹4,500.00",4950.00,Open Reduction,Titanium,OrthoFlex,Nagpur WH,45642,Partially Delivered,Blue Dart,In Stock,10,0,Pending,"Exported from Tally	with master alias, ref=""INV/1254""",Unicode NBSP present,c257677d7f4f6703581347e64b663ae8
INV/1254,VCH1254,Sales,2024-12-16,2025-01-30,2024-25,Pending,Cash,60,233100.0,233100.0,0.0,24BBBCD2345G1Z2,IGST,Maharashtra,11100.0,0%,Rs.,Trauma One Pvt Ltd,Trauma Center,Dr A. Sharma,Orthopedic Surgeon,SURG-001,29LMNOP9012Q1Z3,Nagpur,South,Sneha Joshi,Ortho Distributors Pvt Ltd,Central-1,Spinal Rod,Spinal Implant,Rod,B9524-A,L92034,UDI-969253-A,SN567779,STERILE,2026/12/06,18 Aug 2024,12,Box,18500,21275,Spine Stabilization,Titanium Alloy,SpinePro,Mumbai WH-2,16 Dec 2024,Partially Delivered,Blue Dart,Reserved,10,8,Pending,Freight included; round-off applied,Unicode NBSP present,9a1e13592345cb4d27774600a51a60fb
INV/1254,VCH1254,Sales Return,2024-12-16,2025-01-15,2024-25,Partially Paid,Bank Transfer,45,70875.0,70875.0,53156.25,24BBBCD2345G1Z2,GST,Karnataka,3375.0,0,INR,TRAUMA ONE,Trauma Center,Dr. R. Kulkarni,Trauma Surgeon,SURG-003,27ABCDE1234F1Z1,Nagpur,West-1,S. Joshi,Trauma Supplies,WEST 1,Spinal Rod,Spinal Implant,Rod,B5259-B,L62129,UDI-135259-B,SN369525,Non-Sterile,06 Dec 2026,45552,10,Pieces,"6,750.00","₹8,100.00",Spine Stabilization,Titanium Alloy,JointMax,Pune Main,45645,Hold,Delhivery,Reorder,20,30,Pending,Credit note adjustment for return batch,Name variation retained,b0d329277b065e22b739d06be5189877
INV/1255,VCH1255,Sales Return,2025-10-01,2025-10-16,2025-26,Partially Paid,Bank Transfer,30,157176.0,157176.0,117882.0,27AAACT1234F1Z5,IGST,Maharashtra,23976.0,10,INR,Ortho Care Center,Orthopedic Clinic,Dr. P. Nair,Spine Surgeon,SURG-004,24FGHIJ5678K1Z2,Pune,South,Sneha Joshi,ORTHO DISTRIBUTORS,CENTRAL 1,External Fixator,Trauma Fixation,Fixator,B8871-C,L21151,UDI-676581-B,SN302929,STERILE,46471,03-06-2025,8,Pieces,"18,500.00",20350.00,Trauma Stabilization,Aluminium,SpinePro,Ahmedabad WH,04 Oct 2025,Delivered,Delhivery,Reorder,25,3,Pending,"Revised invoice after doctor change,
please verify branch mapping",Trailing space preserved,d418ce3eba5c40f8235d656dc769231a
INV/1255,VCH1255,Purchase,2025-10-01,2025-10-31,2025-26,Adjusted,Bank Transfer,45,14735.25,14735.25,14735.25,27AAACT1234F1Z5,CGST/SGST,Karnataka,2247.75,7.5 %,INR,APEX HOSPITAL LTD.,Multi-Specialty Hospital,dr. nisha patel,Orthopedic Surgeon,SURG-005,27ABCDE1234F1Z1,Mumbai,South,R. Mehta,Ortho Distributors Pvt Ltd,West-1,Cancellous Screw,Orthopedic Implant,Screw,B8540-C,L28473,UDI-797921-C,SN476760,Sterile,2028/03/19,03-07-2025,2,Pieces,6750,7425.00,Fracture Fixation,Stainless Steel,SpinePro,Ahmedabad WH,02-10-2025,Delivered,TCS,Reorder,5,8,nan,Part payment received; balance pending,Trailing space preserved,5285aa96d31dc9ad83957977f4f2cdb5
INV/1256,VCH1256,Receipt,2024-04-27,2024-06-26,2024-25,Partially Paid,cash,15,23625.0,23625.0,0.0,24BBBCD2345G1Z2,CGST+SGST,Maharashtra,1125.0,0.00,₹,Spine & Joint Institute,Orthopedic Clinic,DR P NAIR,Spine Surgeon,SURG-004,27ABCDE1234F1Z1,Ahmedabad,West-1,Rahul Mehta,Ortho Distributors,W1,Bone Drill Set,Surgical Instrument,Instrument,B3864-C,L21605,UDI-354881-C,SN873565,STERILE,19 Oct 2025,2024/01/28,5,PCS,4500.00,4950,Surgical Prep,Steel,OSM,Nagpur WH,2024/04/29,Delivered,Delhivery,Reorder,25,15,No,"Revised invoice after doctor change,
please verify branch mapping",Text numeric field,dcf1cc37b5ce4799d5efd2d636beb849
INV/1256,VCH1256,Payment,2024-04-27,2024-05-27,2024-25,Paid,Cheque,15,58941.0,58941.0,44205.75,24BBBCD2345G1Z2,CGST/SGST,Maharashtra,8991.0,7.5%,INR,SPINE AND JOINT INSTITUTE,Orthopedic Clinic,DR. NISHA PATEL,Orthopedic Surgeon,SURG-005,27ABCDE1234F1Z1,Ahmedabad,Central,Rahul Mehta,ORTHO DISTRIBUTORS,South-1,Bone Drill Set,Surgical Instrument,Instrument,B1444-B,L13017,UDI-691960-A,SN764544,Sterile,46129,28-01-2024,12 PCS,Pieces,"4,500.00","₹5,175.00",Surgical Prep,Steel,OrthoFlex,Pune WH,30-04-2024,In Transit,Blue Dart,In Stock,20,0,No,Part payment received; balance pending,Trailing space preserved,05e19037767c7a954096a666ad0f6d89
inv/1256,VCH1256,Sales,2024-04-27,2024-06-26,2024-25,Pending,UPI,15,27972.0,27972.0,27972.0,27AAACT1234F1Z5,CGST/SGST,Maharashtra,2997.0,7.5%,₹,city medisurg pvt. ltd.,Multi-Specialty Hospital,Dr Rajesh Kulkarni,Trauma Surgeon,SURG-003,29LMNOP9012Q1Z3,Surat,Central 1,S. Joshi,Ortho Distributors,W1,External Fixator,Trauma Fixation,Fixator,B4286-A,L45940,UDI-117768-A,SN942902,Sterile,27 Apr 2025,2023/12/29,4,pcs,"6,750.00",8100.00,Trauma Stabilization,Aluminium,OrthoFlex,Pune Main,45409,Partially Delivered,Delhivery,In Stock,20,15,nan,"Credit note adjustment for return batch
Export note retained as multiline remark",Mixed date style,f303f265fe41f4bf7b52afa2128c0be6
INV/1256,VCH1256,Sales,2024-04-27,2024-05-12,2024-25,Paid,NEFT,30,43660.0,43660.0,32745.0,29CCCDD3456H1Z3,IGST,Karnataka,6660.0,0 %,Rs.,ORTHO CARE CENTER,Orthopedic Clinic,Dr. Nisha Patel,Orthopedic Surgeon,SURG-005,27ABCDE1234F1Z1,Pune,South,Amit Verma,Trauma Supplies LLP,West-1,Bone Drill Set,Surgical Instrument,Instrument,B4204-C,L44963,UDI-413927-B,SN762350,Sterile,45774,45379,2,Box,"₹18,500.00",22200,Surgical Prep,Steel,SpinePro,Mumbai WH-2,30-04-2024,Partially Delivered,TCS,Low Stock,20,5,nan,"Invoice for orthopedic implants, includes ""plate, screw"" bundle",Alias master matched,f832a490dc9f453b07645e078ca2e351
INV/1257,VCH1257,Payment,2024-07-09,2024-09-07,2024-25,Partially Paid,UPI,45,75600.0,75600.0,37800.0,27AAACT1234F1Z5,IGST,Gujarat,8100.0,0 %,INR,city medisurg,Multi-Specialty Hospital,DR MEERA IYER,Joint Replacement Surgeon,SURG-002,29LMNOP9012Q1Z3,Surat,West,Rahul Mehta,Trauma Supplies,Central-1,Cancellous Screw,Orthopedic Implant,Screw,B7559-B,L67751,UDI-827304-B,SN953879,Sterile,2025/07/09,45452,10,PCS,"₹6,750.00","7,425.00",Fracture Fixation,Stainless Steel,JointMax,Mumbai WH,11-07-2024,Hold,Blue Dart,Reserved,20,3,No,"Invoice for orthopedic implants, includes ""plate, screw"" bundle",Name variation retained,5533fb31d74a8dd9406190da1e1a8d0e
INV/1257,VCH1257,Sales Return,2024-07-09,2024-08-23,2024-25,Pending,UPI,45,189000.0,189000.0,141750.0,24BBBCD2345G1Z2,CGST/SGST,Karnataka,9000.0,10%,Rs.,Apex Hospital,Multi-Specialty Hospital,Dr P Nair,Spine Surgeon,SURG-004,27ABCDE1234F1Z1,Mumbai,West,S. Joshi,Trauma Supplies,S-1,Spinal Rod,Spinal Implant,Rod,B5524-C,L56899,UDI-135107-A,SN139011,Non-Sterile,2025/07/09,10-04-2024,8,Pieces,25000,"₹27,500.00",Spine Stabilization,Titanium Alloy,BoneLock,Mumbai WH,09-07-2024,In Transit,Blue Dart,In Stock,20,0,Pending,"Invoice for orthopedic implants, includes ""plate, screw"" bundle, ref=""INV/1257""",Unicode NBSP present,865cba8029e4f45cf73091c84e5cde1d
INV/1257,VCH1257,Payment,2024-07-09,2024-08-08,2024-25,Paid,NEFT,30,2118.69,2118.69,0.0,27AAACT1234F1Z5,IGST,Karnataka,323.19,0.05,INR,SPINE & JOINT INSTITUTE,Orthopedic Clinic,DR. P. NAIR,Spine Surgeon,SURG-004,24FGHIJ5678K1Z2,Ahmedabad,South,R. Mehta,ORTHO DISTRIBUTORS,CENTRAL 1,Locking Plate,Orthopedic Implant,Plate,B9458-A,L93507,UDI-849053-C,SN413074,Sterile,26-12-2026,09-06-2024,1,PCS,1890,"₹2,268.00",Open Reduction,Titanium,OSM,Mumbai WH,45484,Delivered,Blue Dart,In Stock,5,5,Pending,"Revised invoice after doctor change,
please verify branch mapping",Trailing space preserved,86c789ee141668a7e3498dc3eaefe014
INV/1257,VCH1257,Receipt,2024-07-09,2024-08-23,2024-25,Pending,Bank Transfer,60,16815.0,16815.0,16815.0,27AAACT1234F1Z5,IGST,Gujarat,2565.0,5%,INR,Ortho Care Centre,Orthopedic Clinic,Dr. Nisha Patel,Orthopedic Surgeon,SURG-005,27ABCDE1234F1Z1,Pune,West-1,Rahul Mehta,ORTHO DISTRIBUTORS,W1,Bone Drill Set,Surgical Instrument,Instrument,B4031-B,L47576,UDI-834155-C,SN614285,Non-Sterile,31 Dec 2025,2024/04/10,12 PCS,PCS,1250,1500.00,Surgical Prep,Steel,OSM,Ahmedabad WH,45482,Delivered,TCS,In Stock,5,3,No,"Revised invoice after doctor change,
please verify branch mapping, ref=""INV/1257""",Unicode NBSP present,dc7c3b4e3fe83bd4f7461e844f4e1e4a
inv/1258,VCH1258,Sales Return,2025-12-24,2026-01-23,2025-26,Paid,NEFT,45,70800.0,70800.0,35400.0,29CCCDD3456H1Z3,CGST+SGST,Gujarat,10800.0,0,₹,CITY MEDISURG PVT. LTD.,Multi-Specialty Hospital,dr p nair,Spine Surgeon,SURG-004,27ABCDE1234F1Z1,Surat,Central 1,R. Mehta,Trauma Supplies LLP,West-1,Cancellous Screw,Orthopedic Implant,Screw,B4721-A,L38662,UDI-243850-C,SN490990,STERILE,46380,25-10-2025,5,PCS,12000,"13,800.00",Fracture Fixation,Stainless Steel,OrthoFlex,Pune WH,46017,Partially Delivered,Delhivery,Reorder,5,20,Pending,Part payment received; balance pending,Alias master matched,b0cbe2573e9d73746723a284176897d3
inv/1258,VCH1258,Payment,2025-12-24,2026-02-22,2025-26,Adjusted,RTGS,15,132750.0,132750.0,66375.0,29CCCDD3456H1Z3,GST,Maharashtra,20250.0,10%,₹,Ortho Care Center,Orthopedic Clinic,dr nisha patel,Orthopedic Surgeon,SURG-005,27ABCDE1234F1Z1,Pune,West,Rahul Mehta,ORTHO DISTRIBUTORS,WEST 1,Knee Prosthesis,Joint Replacement,Prosthesis,B8400-A,L68618,UDI-748153-C,SN498786,Sterile,46915,45925,5,BOX,25000,"30,000.00",Arthroplasty,Cobalt Chrome,OrthoFlex,Nagpur WH,25 Dec 2025,In Transit,Delhivery,In Stock,20,3,Yes,Exported from Tally	with master alias,Unicode NBSP present,5c9047c1785c81ac7c9605bbfb831bd9
INV/1259,VCH1259,Sales,2024-11-04,2025-01-03,2024-25,Pending,Cheque,30,140125.0,140125.0,105093.75,27AAACT1234F1Z5,GST,Maharashtra,21375.0,0.05,INR,trauma one pvt ltd,Trauma Center,Dr A. Sharma,Orthopedic Surgeon,SURG-001,29LMNOP9012Q1Z3,Nagpur,Central 1,R. Mehta,Ortho Distributors,West-1,Knee Prosthesis,Joint Replacement,Prosthesis,B1983-A,L74843,UDI-234619-A,SN711212,Sterile,23-04-2027,45570,5,PCS,25000.00,30000.00,Arthroplasty,Cobalt Chrome,TraumaFix,Mumbai WH,07 Nov 2024,In Transit,DTDC,Reserved,20,5,Pending,"Invoice for orthopedic implants, includes ""plate, screw"" bundle",Alias master matched,26d526bf28670acac689f6c0403fec5e
INV/1259,VCH1259,Sales,2024-11-04,2024-12-19,2024-25,Adjusted,Cheque,30,280250.0,280250.0,140125.0,24BBBCD2345G1Z2,IGST,Gujarat,42750.0,5 %,Rs.,apex hospital,Multi-Specialty Hospital,DR. ANIL SHARMA,Orthopedic Surgeon,SURG-001,27ABCDE1234F1Z1,Mumbai,South,A. Verma,Trauma Supplies LLP,South-1,Cancellous Screw,Orthopedic Implant,Screw,B2912-A,L80590,UDI-923988-C,SN580810,Sterile,25 Oct 2026,06-08-2024,10 PCS,Box,"25,000.00",30000.00,Fracture Fixation,Stainless Steel,OSM,Mumbai WH,45601,Partially Delivered,DTDC,Reserved,20,5,Pending,Dispatch against PO; follow-up due on next cycle,Alias master matched,34cef336798daa1b902758e9f0d8a34f
INV/1794,VCH1794,Receipt,2026-02-07,2026-02-22,2025-26,Paid,cash,15,13643.75,13643.75,3410.94,27AAACT1234F1Z5,GST,Maharashtra,2081.25,7.5%,₹,Spine & Joint Institute,Orthopedic Clinic,Dr Nisha Patel,Orthopedic Surgeon,SURG-005,27ABCDE1234F1Z1,Ahmedabad,Central,Sneha Joshi,Trauma Supplies,Central-1,Knee Prosthesis,Joint Replacement,Prosthesis,B3083-B,L16850,UDI-484542-B,SN458539,STERILE,07-02-2027,2025/10/10,10,BOX,"₹1,250.00",1437.50,Arthroplasty,Cobalt Chrome,BoneLock,Mumbai WH-2,2026/02/10,In Transit,DTDC,Low Stock,25,5,No,"Revised invoice after doctor change,
please verify branch mapping, ref=""INV/1794""",Trailing space preserved,23210ae9d89d6c453d9611e35e5e3d1d
inv/1795,VCH1795,Receipt,2024-09-06,2024-10-21,2024-25,Paid,cash,60,2457.0,2457.0,1228.5,27AAACT1234F1Z5,GST,Gujarat,117.0,2.5%,INR,spine and joint institute,Orthopedic Clinic,DR. MEERA IYER,Joint Replacement Surgeon,SURG-002,24FGHIJ5678K1Z2,Ahmedabad,South,R. Mehta,Ortho Distributors,West-1,Cancellous Screw,Orthopedic Implant,Screw,B4909-A,L25363,UDI-870453-C,SN459107,Non-Sterile,23-02-2027,07-08-2024,1,Pieces,2400,"₹2,760.00",Fracture Fixation,Stainless Steel,BoneLock,Nagpur WH,45541,In Transit,Professional Couriers,In Stock,5,20,Yes,"Revised invoice after doctor change,
please verify branch mapping, ref=""INV/1795""",Trailing space preserved,9a4bff7f70938f2195304d2106538956
INV/1796,VCH1796,Purchase,2024-08-08,2024-08-23,2024-25,Adjusted,Cash,45,56700.0,56700.0,0.0,24BBBCD2345G1Z2,CGST/SGST,Karnataka,2700.0,0,INR,Ortho Care Centre,Orthopedic Clinic,dr. p. nair,Spine Surgeon,SURG-004,24FGHIJ5678K1Z2,Pune,South,S. Joshi,Trauma Supplies,West-1,Spinal Rod,Spinal Implant,Rod,B6526-C,L66414,UDI-470824-A,SN184531,Non-Sterile,08-08-2025,2024/06/09,8,pcs,6750,"₹7,762.50",Spine Stabilization,Titanium Alloy,OSM,Nagpur WH,08-08-2024,Delivered,Delhivery,In Stock,25,8,No,"Part payment received; balance pending, ref=""INV/1796""",Text numeric field,36ba643ef192a2bd369485bd567049ae
inv/1797,VCH1797,Purchase,2024-12-16,2025-01-30,2024-25,Adjusted,NEFT,60,37296.0,37296.0,18648.0,27AAACT1234F1Z5,CGST/SGST,Maharashtra,3996.0,7.5,Rs.,CITY MEDISURG,Multi-Specialty Hospital,DR NISHA PATEL,Orthopedic Surgeon,SURG-005,27ABCDE1234F1Z1,Surat,South,R. Mehta,ORTHO DISTRIBUTORS,WEST 1,Spinal Rod,Spinal Implant,Rod,B4446-B,L74722,UDI-451719-A,SN382863,Non-Sterile,46007,18 Aug 2024,8,pcs,4500.00,5175.00,Spine Stabilization,Titanium Alloy,JointMax,Pune Main,17 Dec 2024,Hold,DTDC,In Stock,5,5,No,Part payment received; balance pending,Text numeric field,b102d9927b9b09589dca37691b2132b1
INV/1798,VCH1798,Purchase,2025-04-11,2025-06-10,2025-26,Pending,RTGS,60,25886.25,25886.25,6471.56,27AAACT1234F1Z5,CGST/SGST,Maharashtra,3948.75,2.50,INR,Trauma One,Trauma Center,Dr. R. Kulkarni,Trauma Surgeon,SURG-003,29LMNOP9012Q1Z3,Nagpur,West,A. Verma,Ortho Distributors Pvt Ltd,WEST 1,Cancellous Screw,Orthopedic Implant,Screw,B9016-B,L14341,UDI-275067-C,SN792306,Non-Sterile,11 Apr 2026,45698,5 PCS,PCS,"4,500.00",5175.00,Fracture Fixation,Stainless Steel,SpinePro,Pune WH,11-04-2025,In Transit,Blue Dart,Reorder,25,20,Yes,Exported from Tally	with master alias,Text numeric field,333e3ce8a87b8f3bdf3d61a113f8bff3
INV/1799,VCH1799,Sales,2024-04-10,2024-04-25,2024-25,Paid,Cheque,15,26762.4,26762.4,6690.6,27AAACT1234F1Z5,IGST,Maharashtra,4082.4,0.00,INR,ORTHO CARE CENTER,Orthopedic Clinic,Dr. Nisha Patel,Orthopedic Surgeon,SURG-005,24FGHIJ5678K1Z2,Pune,Central,Rahul Mehta,ORTHO DISTRIBUTORS,WEST 1,Spinal Rod,Spinal Implant,Rod,B3327-B,L42343,UDI-672817-B,SN174122,STERILE,27 Sep 2026,2024/01/11,12,BOX,1890,"₹2,173.50",Spine Stabilization,Titanium Alloy,SpinePro,Nagpur WH,13 Apr 2024,Delivered,Blue Dart,Reorder,20,30,nan,Credit note adjustment for return batch,Alias master matched,e0070a3579451ad46de07e92c5d419e6
